timestamp,count,uniques
2021-01-27,190,44
2021-01-28,3794,524
2021-01-29,3208,436
2021-01-30,2941,356
2021-01-31,2801,420
2021-02-01,2993,513
2021-02-02,2500,460
2021-02-03,2502,457
2021-02-04,2714,486
2021-02-05,1656,358
2021-02-06,1586,282
2021-02-07,1513,330
2021-02-08,2527,530
2021-02-09,1898,362
2021-02-10,1794,347
2021-01-28,3718,510
2021-01-29,3208,436
2021-01-30,2941,356
2021-01-31,2801,420
2021-02-01,2993,513
2021-02-02,2500,460
2021-02-03,2502,457
2021-02-04,2714,486
2021-02-05,1656,358
2021-02-06,1586,282
2021-02-07,1513,330
2021-02-08,2527,530
2021-02-09,1898,362
2021-02-10,2091,380
2021-01-29,3208,436
2021-01-30,2941,356
2021-01-31,2801,420
2021-02-01,2993,513
2021-02-02,2500,460
2021-02-03,2502,457
2021-02-04,2714,486
2021-02-05,1656,358
2021-02-06,1586,282
2021-02-07,1513,330
2021-02-08,2527,530
2021-02-09,1898,362
2021-02-10,2188,395
2021-02-11,2088,389
2021-01-30,2941,356
2021-01-31,2801,420
2021-02-01,2993,513
2021-02-02,2500,460
2021-02-03,2502,457
2021-02-04,2714,486
2021-02-05,1656,358
2021-02-06,1586,282
2021-02-07,1513,330
2021-02-08,2527,530
2021-02-09,1898,362
2021-02-10,2188,395
2021-02-11,2119,401
2021-02-12,1306,278
2021-01-31,2801,420
2021-02-01,2993,513
2021-02-02,2500,460
2021-02-03,2502,457
2021-02-04,2714,486
2021-02-05,1656,358
2021-02-06,1586,282
2021-02-07,1513,330
2021-02-08,2527,530
2021-02-09,1898,362
2021-02-10,2188,395
2021-02-11,2119,401
2021-02-12,1365,282
2021-02-13,1188,231
2021-02-01,2993,513
2021-02-02,2500,460
2021-02-03,2502,457
2021-02-04,2714,486
2021-02-05,1656,358
2021-02-06,1586,282
2021-02-07,1513,330
2021-02-08,2527,530
2021-02-09,1898,362
2021-02-10,2188,395
2021-02-11,2119,401
2021-02-12,1365,282
2021-02-13,1219,239
2021-02-14,1142,214
2021-02-02,2500,460
2021-02-03,2502,457
2021-02-04,2714,486
2021-02-05,1656,358
2021-02-06,1586,282
2021-02-07,1513,330
2021-02-08,2527,530
2021-02-09,1898,362
2021-02-10,2188,395
2021-02-11,2119,401
2021-02-12,1365,282
2021-02-13,1219,239
2021-02-14,1207,223
2021-02-15,2314,371
2021-02-03,2502,457
2021-02-04,2714,486
2021-02-05,1656,358
2021-02-06,1586,282
2021-02-07,1513,330
2021-02-08,2527,530
2021-02-09,1898,362
2021-02-10,2188,395
2021-02-11,2119,401
2021-02-12,1365,282
2021-02-13,1219,239
2021-02-14,1207,223
2021-02-15,2386,385
2021-02-16,2311,324
2021-02-04,2714,486
2021-02-05,1656,358
2021-02-06,1586,282
2021-02-07,1513,330
2021-02-08,2527,530
2021-02-09,1898,362
2021-02-10,2188,395
2021-02-11,2119,401
2021-02-12,1365,282
2021-02-13,1219,239
2021-02-14,1207,223
2021-02-15,2386,385
2021-02-16,2348,332
2021-02-17,2068,344
2021-02-05,1656,358
2021-02-06,1586,282
2021-02-07,1513,330
2021-02-08,2527,530
2021-02-09,1898,362
2021-02-10,2188,395
2021-02-11,2119,401
2021-02-12,1365,282
2021-02-13,1219,239
2021-02-14,1207,223
2021-02-15,2386,385
2021-02-16,2348,332
2021-02-17,2114,346
2021-02-18,2242,397
2021-02-06,1586,282
2021-02-07,1513,330
2021-02-08,2527,530
2021-02-09,1898,362
2021-02-10,2188,395
2021-02-11,2119,401
2021-02-12,1365,282
2021-02-13,1219,239
2021-02-14,1207,223
2021-02-15,2386,385
2021-02-16,2348,332
2021-02-17,2114,346
2021-02-18,2302,406
2021-02-19,1691,297
2021-02-07,1513,330
2021-02-08,2527,530
2021-02-09,1898,362
2021-02-10,2188,395
2021-02-11,2119,401
2021-02-12,1365,282
2021-02-13,1219,239
2021-02-14,1207,223
2021-02-15,2386,385
2021-02-16,2348,332
2021-02-17,2114,346
2021-02-18,2302,406
2021-02-19,1723,304
2021-02-20,1160,229
2021-02-08,2527,530
2021-02-09,1898,362
2021-02-10,2188,395
2021-02-11,2119,401
2021-02-12,1365,282
2021-02-13,1219,239
2021-02-14,1207,223
2021-02-15,2386,385
2021-02-16,2348,332
2021-02-17,2114,346
2021-02-18,2302,406
2021-02-19,1723,304
2021-02-20,1250,245
2021-02-21,1408,237
2021-02-09,1801,346
2021-02-10,2188,395
2021-02-11,2119,401
2021-02-12,1365,282
2021-02-13,1219,239
2021-02-14,1207,223
2021-02-15,2386,385
2021-02-16,2348,332
2021-02-17,2114,346
2021-02-18,2302,406
2021-02-19,1723,304
2021-02-20,1250,245
2021-02-21,1483,243
2021-02-22,2308,405
2021-02-10,2188,395
2021-02-11,2119,401
2021-02-12,1365,282
2021-02-13,1219,239
2021-02-14,1207,223
2021-02-15,2386,385
2021-02-16,2348,332
2021-02-17,2114,346
2021-02-18,2302,406
2021-02-19,1723,304
2021-02-20,1250,245
2021-02-21,1483,243
2021-02-22,2370,419
2021-02-23,1889,345
2021-02-11,2119,401
2021-02-12,1365,282
2021-02-13,1219,239
2021-02-14,1207,223
2021-02-15,2386,385
2021-02-16,2348,332
2021-02-17,2114,346
2021-02-18,2302,406
2021-02-19,1723,304
2021-02-20,1250,245
2021-02-21,1483,243
2021-02-22,2370,419
2021-02-23,1928,353
2021-02-24,2167,347
2021-02-12,1365,282
2021-02-13,1219,239
2021-02-14,1207,223
2021-02-15,2386,385
2021-02-16,2348,332
2021-02-17,2114,346
2021-02-18,2302,406
2021-02-19,1723,304
2021-02-20,1250,245
2021-02-21,1483,243
2021-02-22,2370,419
2021-02-23,1928,353
2021-02-24,2308,361
2021-02-25,2495,394
2021-02-13,1219,239
2021-02-14,1207,223
2021-02-15,2386,385
2021-02-16,2348,332
2021-02-17,2114,346
2021-02-18,2302,406
2021-02-19,1723,304
2021-02-20,1250,245
2021-02-21,1483,243
2021-02-22,2370,419
2021-02-23,1928,353
2021-02-24,2308,361
2021-02-25,2519,403
2021-02-26,1253,284
2021-02-14,1207,223
2021-02-15,2386,385
2021-02-16,2348,332
2021-02-17,2114,346
2021-02-18,2302,406
2021-02-19,1723,304
2021-02-20,1250,245
2021-02-21,1483,243
2021-02-22,2370,419
2021-02-23,1928,353
2021-02-24,2308,361
2021-02-25,2519,403
2021-02-26,1290,297
2021-02-27,1042,187
2021-02-15,2386,385
2021-02-16,2348,332
2021-02-17,2114,346
2021-02-18,2302,406
2021-02-19,1723,304
2021-02-20,1250,245
2021-02-21,1483,243
2021-02-22,2370,419
2021-02-23,1928,353
2021-02-24,2308,361
2021-02-25,2519,403
2021-02-26,1290,297
2021-02-27,1108,196
2021-02-28,1299,259
2021-02-16,2348,332
2021-02-17,2114,346
2021-02-18,2302,406
2021-02-19,1723,304
2021-02-20,1250,245
2021-02-21,1483,243
2021-02-22,2370,419
2021-02-23,1928,353
2021-02-24,2308,361
2021-02-25,2519,403
2021-02-26,1290,297
2021-02-27,1108,196
2021-02-28,1421,275
2021-03-01,3092,503
2021-02-17,2114,346
2021-02-18,2302,406
2021-02-19,1723,304
2021-02-20,1250,245
2021-02-21,1483,243
2021-02-22,2370,419
2021-02-23,1928,353
2021-02-24,2308,361
2021-02-25,2519,403
2021-02-26,1290,297
2021-02-27,1108,196
2021-02-28,1421,275
2021-03-01,3191,522
2021-03-02,1937,386
2021-02-18,2302,406
2021-02-19,1723,304
2021-02-20,1250,245
2021-02-21,1483,243
2021-02-22,2370,419
2021-02-23,1928,353
2021-02-24,2308,361
2021-02-25,2519,403
2021-02-26,1290,297
2021-02-27,1108,196
2021-02-28,1421,275
2021-03-01,3191,522
2021-03-02,2019,400
2021-03-03,2638,426
2021-02-19,1723,304
2021-02-20,1250,245
2021-02-21,1483,243
2021-02-22,2370,419
2021-02-23,1928,353
2021-02-24,2308,361
2021-02-25,2519,403
2021-02-26,1290,297
2021-02-27,1108,196
2021-02-28,1421,275
2021-03-01,3191,522
2021-03-02,2019,400
2021-03-03,2705,436
2021-03-04,2924,460
2021-02-20,1250,245
2021-02-21,1483,243
2021-02-22,2370,419
2021-02-23,1928,353
2021-02-24,2308,361
2021-02-25,2519,403
2021-02-26,1290,297
2021-02-27,1108,196
2021-02-28,1421,275
2021-03-01,3191,522
2021-03-02,2019,400
2021-03-03,2705,436
2021-03-04,3037,473
2021-03-05,2174,397
2021-02-21,1483,243
2021-02-22,2370,419
2021-02-23,1928,353
2021-02-24,2308,361
2021-02-25,2519,403
2021-02-26,1290,297
2021-02-27,1108,196
2021-02-28,1421,275
2021-03-01,3191,522
2021-03-02,2019,400
2021-03-03,2705,436
2021-03-04,3037,473
2021-03-05,2256,421
2021-03-06,1526,306
2021-02-22,2370,419
2021-02-23,1928,353
2021-02-24,2308,361
2021-02-25,2519,403
2021-02-26,1290,297
2021-02-27,1108,196
2021-02-28,1421,275
2021-03-01,3191,522
2021-03-02,2019,400
2021-03-03,2705,436
2021-03-04,3037,473
2021-03-05,2256,421
2021-03-06,1599,320
2021-03-07,2054,403
2021-02-23,1928,353
2021-02-24,2308,361
2021-02-25,2519,403
2021-02-26,1290,297
2021-02-27,1108,196
2021-02-28,1421,275
2021-03-01,3191,522
2021-03-02,2019,400
2021-03-03,2705,436
2021-03-04,3037,473
2021-03-05,2256,421
2021-03-06,1599,320
2021-03-07,2124,416
2021-03-08,3596,583
2021-02-24,2308,361
2021-02-25,2519,403
2021-02-26,1290,297
2021-02-27,1108,196
2021-02-28,1421,275
2021-03-01,3191,522
2021-03-02,2019,400
2021-03-03,2705,436
2021-03-04,3037,473
2021-03-05,2256,421
2021-03-06,1599,320
2021-03-07,2124,416
2021-03-08,3718,605
2021-03-09,2565,480
2021-02-25,2519,403
2021-02-26,1290,297
2021-02-27,1108,196
2021-02-28,1421,275
2021-03-01,3191,522
2021-03-02,2019,400
2021-03-03,2705,436
2021-03-04,3037,473
2021-03-05,2256,421
2021-03-06,1599,320
2021-03-07,2124,416
2021-03-08,3718,605
2021-03-09,2705,492
2021-03-10,2822,520
2021-02-26,1290,297
2021-02-27,1108,196
2021-02-28,1421,275
2021-03-01,3191,522
2021-03-02,2019,400
2021-03-03,2705,436
2021-03-04,3037,473
2021-03-05,2256,421
2021-03-06,1599,320
2021-03-07,2124,416
2021-03-08,3718,605
2021-03-09,2705,492
2021-03-10,3010,541
2021-03-11,4018,582
2021-02-27,1108,196
2021-02-28,1421,275
2021-03-01,3191,522
2021-03-02,2019,400
2021-03-03,2705,436
2021-03-04,3037,473
2021-03-05,2256,421
2021-03-06,1599,320
2021-03-07,2124,416
2021-03-08,3718,605
2021-03-09,2705,492
2021-03-10,3010,541
2021-03-11,4112,599
2021-03-12,2630,453
2021-02-28,1421,275
2021-03-01,3191,522
2021-03-02,2019,400
2021-03-03,2705,436
2021-03-04,3037,473
2021-03-05,2256,421
2021-03-06,1599,320
2021-03-07,2124,416
2021-03-08,3718,605
2021-03-09,2705,492
2021-03-10,3010,541
2021-03-11,4112,599
2021-03-12,2713,472
2021-03-13,2679,357
2021-03-01,3191,522
2021-03-02,2019,400
2021-03-03,2705,436
2021-03-04,3037,473
2021-03-05,2256,421
2021-03-06,1599,320
2021-03-07,2124,416
2021-03-08,3718,605
2021-03-09,2705,492
2021-03-10,3010,541
2021-03-11,4112,599
2021-03-12,2713,472
2021-03-13,2821,377
2021-03-14,2167,414
2021-03-02,2019,400
2021-03-03,2705,436
2021-03-04,3037,473
2021-03-05,2256,421
2021-03-06,1599,320
2021-03-07,2124,416
2021-03-08,3718,605
2021-03-09,2705,492
2021-03-10,3010,541
2021-03-11,4112,599
2021-03-12,2713,472
2021-03-13,2821,377
2021-03-14,2360,440
2021-03-15,3722,728
2021-03-03,2705,436
2021-03-04,3037,473
2021-03-05,2256,421
2021-03-06,1599,320
2021-03-07,2124,416
2021-03-08,3718,605
2021-03-09,2705,492
2021-03-10,3010,541
2021-03-11,4112,599
2021-03-12,2713,472
2021-03-13,2821,377
2021-03-14,2360,440
2021-03-15,3798,748
2021-03-16,3941,582
2021-03-04,3037,473
2021-03-05,2256,421
2021-03-06,1599,320
2021-03-07,2124,416
2021-03-08,3718,605
2021-03-09,2705,492
2021-03-10,3010,541
2021-03-11,4112,599
2021-03-12,2713,472
2021-03-13,2821,377
2021-03-14,2360,440
2021-03-15,3798,748
2021-03-16,4049,603
2021-03-17,3741,694
2021-03-05,2256,421
2021-03-06,1599,320
2021-03-07,2124,416
2021-03-08,3718,605
2021-03-09,2705,492
2021-03-10,3010,541
2021-03-11,4112,599
2021-03-12,2713,472
2021-03-13,2821,377
2021-03-14,2360,440
2021-03-15,3798,748
2021-03-16,4049,603
2021-03-17,3859,711
2021-03-18,4904,941
2021-03-06,1599,320
2021-03-07,2124,416
2021-03-08,3718,605
2021-03-09,2705,492
2021-03-10,3010,541
2021-03-11,4112,599
2021-03-12,2713,472
2021-03-13,2821,377
2021-03-14,2360,440
2021-03-15,3798,748
2021-03-16,4049,603
2021-03-17,3859,711
2021-03-18,5001,956
2021-03-19,3074,589
2021-03-07,2124,416
2021-03-08,3718,605
2021-03-09,2705,492
2021-03-10,3010,541
2021-03-11,4112,599
2021-03-12,2713,472
2021-03-13,2821,377
2021-03-14,2360,440
2021-03-15,3798,748
2021-03-16,4049,603
2021-03-17,3859,711
2021-03-18,5001,956
2021-03-19,3225,602
2021-03-20,2751,587
2021-03-11,3727,541
2021-03-12,2713,472
2021-03-13,2821,377
2021-03-14,2360,440
2021-03-15,3798,748
2021-03-16,4049,603
2021-03-17,3859,711
2021-03-18,5001,956
2021-03-19,3225,602
2021-03-20,2896,626
2021-03-21,3950,702
2021-03-22,6562,1120
2021-03-23,5017,826
2021-03-24,4416,767
2021-03-11,3727,541
2021-03-12,2713,472
2021-03-13,2821,377
2021-03-14,2360,440
2021-03-15,3798,748
2021-03-16,4049,603
2021-03-17,3859,711
2021-03-18,5001,956
2021-03-19,3225,602
2021-03-20,2896,626
2021-03-21,3950,702
2021-03-22,6562,1120
2021-03-23,5017,826
2021-03-24,4416,767
2021-03-12,2545,435
2021-03-13,2821,377
2021-03-14,2360,440
2021-03-15,3798,748
2021-03-16,4049,603
2021-03-17,3859,711
2021-03-18,5001,956
2021-03-19,3225,602
2021-03-20,2896,626
2021-03-21,3950,702
2021-03-22,6562,1120
2021-03-23,5017,826
2021-03-24,4416,767
2021-03-25,5830,812
2021-03-12,2545,435
2021-03-13,2821,377
2021-03-14,2360,440
2021-03-15,3798,748
2021-03-16,4049,603
2021-03-17,3859,711
2021-03-18,5001,956
2021-03-19,3225,602
2021-03-20,2896,626
2021-03-21,3950,702
2021-03-22,6562,1120
2021-03-23,5017,826
2021-03-24,4416,767
2021-03-25,5830,812
2021-03-12,2545,435
2021-03-13,2821,377
2021-03-14,2360,440
2021-03-15,3798,748
2021-03-16,4049,603
2021-03-17,3859,711
2021-03-18,5001,956
2021-03-19,3225,602
2021-03-20,2896,626
2021-03-21,3950,702
2021-03-22,6562,1120
2021-03-23,5017,826
2021-03-24,4416,767
2021-03-25,5830,812
2021-03-12,2545,435
2021-03-13,2821,377
2021-03-14,2360,440
2021-03-15,3798,748
2021-03-16,4049,603
2021-03-17,3859,711
2021-03-18,5001,956
2021-03-19,3225,602
2021-03-20,2896,626
2021-03-21,3950,702
2021-03-22,6562,1120
2021-03-23,5017,826
2021-03-24,4416,767
2021-03-25,5830,812
2021-03-13,2821,377
2021-03-14,2360,440
2021-03-15,3798,748
2021-03-16,4049,603
2021-03-17,3859,711
2021-03-18,5001,956
2021-03-19,3225,602
2021-03-20,2896,626
2021-03-21,3950,702
2021-03-22,6562,1120
2021-03-23,5017,826
2021-03-24,4416,767
2021-03-25,5830,812
2021-03-26,4160,614
2021-03-14,2292,415
2021-03-15,3798,748
2021-03-16,4049,603
2021-03-17,3859,711
2021-03-18,5001,956
2021-03-19,3225,602
2021-03-20,2896,626
2021-03-21,3950,702
2021-03-22,6562,1120
2021-03-23,5017,826
2021-03-24,4416,767
2021-03-25,5830,812
2021-03-26,4246,629
2021-03-27,2792,458
2021-03-15,3798,748
2021-03-16,4049,603
2021-03-17,3859,711
2021-03-18,5001,956
2021-03-19,3225,602
2021-03-20,2896,626
2021-03-21,3950,702
2021-03-22,6562,1120
2021-03-23,5017,826
2021-03-24,4416,767
2021-03-25,5830,812
2021-03-26,4246,629
2021-03-27,2999,483
2021-03-28,4213,629
2021-03-16,4049,603
2021-03-17,3859,711
2021-03-18,5001,956
2021-03-19,3225,602
2021-03-20,2896,626
2021-03-21,3950,702
2021-03-22,6562,1120
2021-03-23,5017,826
2021-03-24,4416,767
2021-03-25,5830,812
2021-03-26,4246,629
2021-03-27,2999,483
2021-03-28,4360,654
2021-03-29,5915,994
2021-03-17,3859,711
2021-03-18,5001,956
2021-03-19,3225,602
2021-03-20,2896,626
2021-03-21,3950,702
2021-03-22,6562,1120
2021-03-23,5017,826
2021-03-24,4416,767
2021-03-25,5830,812
2021-03-26,4246,629
2021-03-27,2999,483
2021-03-28,4360,654
2021-03-29,6197,1030
2021-03-30,6415,884
2021-03-18,5001,956
2021-03-19,3225,602
2021-03-20,2896,626
2021-03-21,3950,702
2021-03-22,6562,1120
2021-03-23,5017,826
2021-03-24,4416,767
2021-03-25,5830,812
2021-03-26,4246,629
2021-03-27,2999,483
2021-03-28,4360,654
2021-03-29,6197,1030
2021-03-30,6702,902
2021-03-31,5634,836
2021-03-19,2994,578
2021-03-20,2896,626
2021-03-21,3950,702
2021-03-22,6562,1120
2021-03-23,5017,826
2021-03-24,4416,767
2021-03-25,5830,812
2021-03-26,4246,629
2021-03-27,2999,483
2021-03-28,4360,654
2021-03-29,6197,1030
2021-03-30,6702,902
2021-03-31,5871,859
2021-04-01,5198,812
2021-03-19,1688,359
2021-03-20,2896,626
2021-03-21,3950,702
2021-03-22,6562,1120
2021-03-23,5017,826
2021-03-24,4416,767
2021-03-25,5830,812
2021-03-26,4246,629
2021-03-27,2999,483
2021-03-28,4360,654
2021-03-29,6197,1030
2021-03-30,6702,902
2021-03-31,5871,859
2021-04-01,5198,812
2021-04-02,970,170
2021-03-20,2896,626
2021-03-21,3950,702
2021-03-22,6562,1120
2021-03-23,5017,826
2021-03-24,4416,767
2021-03-25,5830,812
2021-03-26,4246,629
2021-03-27,2999,483
2021-03-28,4360,654
2021-03-29,6197,1030
2021-03-30,6702,902
2021-03-31,5871,859
2021-04-01,5198,812
2021-04-02,3526,582
2021-03-21,3950,702
2021-03-22,6562,1120
2021-03-23,5017,826
2021-03-24,4416,767
2021-03-25,5830,812
2021-03-26,4246,629
2021-03-27,2999,483
2021-03-28,4360,654
2021-03-29,6197,1030
2021-03-30,6702,902
2021-03-31,5871,859
2021-04-01,5198,812
2021-04-02,3753,618
2021-04-03,3655,622
2021-03-22,6562,1120
2021-03-23,5017,826
2021-03-24,4416,767
2021-03-25,5830,812
2021-03-26,4246,629
2021-03-27,2999,483
2021-03-28,4360,654
2021-03-29,6197,1030
2021-03-30,6702,902
2021-03-31,5871,859
2021-04-01,5198,812
2021-04-02,3753,618
2021-04-03,3873,652
2021-04-04,3623,594
2021-03-22,2265,330
2021-03-23,5017,826
2021-03-24,4416,767
2021-03-25,5830,812
2021-03-26,4246,629
2021-03-27,2999,483
2021-03-28,4360,654
2021-03-29,6197,1030
2021-03-30,6702,902
2021-03-31,5871,859
2021-04-01,5198,812
2021-04-02,3753,618
2021-04-03,3873,652
2021-04-04,3827,624
2021-04-05,3103,569
2021-03-23,4819,780
2021-03-24,4416,767
2021-03-25,5830,812
2021-03-26,4246,629
2021-03-27,2999,483
2021-03-28,4360,654
2021-03-29,6197,1030
2021-03-30,6702,902
2021-03-31,5871,859
2021-04-01,5198,812
2021-04-02,3753,618
2021-04-03,3873,652
2021-04-04,3827,624
2021-04-05,5723,932
2021-03-24,4317,742
2021-03-25,5830,812
2021-03-26,4246,629
2021-03-27,2999,483
2021-03-28,4360,654
2021-03-29,6197,1030
2021-03-30,6702,902
2021-03-31,5871,859
2021-04-01,5198,812
2021-04-02,3753,618
2021-04-03,3873,652
2021-04-04,3827,624
2021-04-05,5976,960
2021-04-06,5235,847
2021-03-25,5613,780
2021-03-26,4246,629
2021-03-27,2999,483
2021-03-28,4360,654
2021-03-29,6197,1030
2021-03-30,6702,902
2021-03-31,5871,859
2021-04-01,5198,812
2021-04-02,3753,618
2021-04-03,3873,652
2021-04-04,3827,624
2021-04-05,5976,960
2021-04-06,5592,887
2021-04-07,5459,935
2021-03-26,3993,602
2021-03-27,2999,483
2021-03-28,4360,654
2021-03-29,6197,1030
2021-03-30,6702,902
2021-03-31,5871,859
2021-04-01,5198,812
2021-04-02,3753,618
2021-04-03,3873,652
2021-04-04,3827,624
2021-04-05,5976,960
2021-04-06,5592,887
2021-04-07,5696,972
2021-04-08,5188,965
2021-03-27,2283,369
2021-03-28,4360,654
2021-03-29,6197,1030
2021-03-30,6702,902
2021-03-31,5871,859
2021-04-01,5198,812
2021-04-02,3753,618
2021-04-03,3873,652
2021-04-04,3827,624
2021-04-05,5976,960
2021-04-06,5592,887
2021-04-07,5696,972
2021-04-08,5432,1002
2021-04-09,5806,1113
2021-04-10,886,232
2021-03-27,2283,369
2021-03-28,4360,654
2021-03-29,6197,1030
2021-03-30,6702,902
2021-03-31,5871,859
2021-04-01,5198,812
2021-04-02,3753,618
2021-04-03,3873,652
2021-04-04,3827,624
2021-04-05,5976,960
2021-04-06,5592,887
2021-04-07,5696,972
2021-04-08,5432,1002
2021-04-09,5806,1113
2021-04-10,886,232
2021-04-02,3461,589
2021-04-03,3873,652
2021-04-04,3827,624
2021-04-05,5976,960
2021-04-06,5592,887
2021-04-07,5696,972
2021-04-08,5432,1002
2021-04-09,5806,1113
2021-04-10,3516,637
2021-04-11,3842,687
2021-04-12,5949,943
2021-04-13,6032,838
2021-04-14,5618,911
2021-04-15,6259,919
2021-04-04,366,77
2021-04-05,5976,960
2021-04-06,5592,887
2021-04-07,5696,972
2021-04-08,5432,1002
2021-04-09,5806,1113
2021-04-10,3516,637
2021-04-11,3842,687
2021-04-12,5949,943
2021-04-13,6032,838
2021-04-14,5618,911
2021-04-15,6501,962
2021-04-16,5208,807
2021-04-17,3038,500
2021-04-18,3296,581
2021-04-11,2974,560
2021-04-12,5949,943
2021-04-13,6032,838
2021-04-14,5618,911
2021-04-15,6501,962
2021-04-16,5208,807
2021-04-17,3038,500
2021-04-18,4218,719
2021-04-19,5501,935
2021-04-20,4620,688
2021-04-21,4910,833
2021-04-22,5382,885
2021-04-23,4547,707
2021-04-24,3516,511
2021-04-25,534,89
2021-04-14,4314,719
2021-04-15,6501,962
2021-04-16,5208,807
2021-04-17,3038,500
2021-04-18,4218,719
2021-04-19,5501,935
2021-04-20,4620,688
2021-04-21,4910,833
2021-04-22,5382,885
2021-04-23,4547,707
2021-04-24,3516,511
2021-04-25,3675,582
2021-04-26,4782,821
2021-04-27,3973,680
2021-04-28,1084,202
2021-04-15,540,129
2021-04-16,5208,807
2021-04-17,3038,500
2021-04-18,4218,719
2021-04-19,5501,935
2021-04-20,4620,688
2021-04-21,4910,833
2021-04-22,5382,885
2021-04-23,4547,707
2021-04-24,3516,511
2021-04-25,3675,582
2021-04-26,4782,821
2021-04-27,3973,680
2021-04-28,4730,755
2021-04-29,3731,654
2021-04-18,3932,676
2021-04-19,5501,935
2021-04-20,4620,688
2021-04-21,4910,833
2021-04-22,5382,885
2021-04-23,4547,707
2021-04-24,3516,511
2021-04-25,3675,582
2021-04-26,4782,821
2021-04-27,3973,680
2021-04-28,4730,755
2021-04-29,4298,717
2021-04-30,3222,586
2021-05-01,2980,419
2021-04-22,4284,676
2021-04-23,4547,707
2021-04-24,3516,511
2021-04-25,3675,582
2021-04-26,4782,821
2021-04-27,3973,680
2021-04-28,4730,755
2021-04-29,4298,717
2021-04-30,3222,586
2021-05-01,2980,419
2021-05-02,2682,503
2021-05-03,4207,745
2021-05-04,3289,629
2021-05-05,4928,693
2021-05-06,951,202
2021-04-24,2514,372
2021-04-25,3675,582
2021-04-26,4782,821
2021-04-27,3973,680
2021-04-28,4730,755
2021-04-29,4298,717
2021-04-30,3222,586
2021-05-01,2980,419
2021-05-02,2682,503
2021-05-03,4207,745
2021-05-04,3289,629
2021-05-05,4928,693
2021-05-06,4934,738
2021-05-07,3393,557
2021-05-08,542,100
2021-04-27,1115,240
2021-04-28,4730,755
2021-04-29,4298,717
2021-04-30,3222,586
2021-05-01,2980,419
2021-05-02,2682,503
2021-05-03,4207,745
2021-05-04,3289,629
2021-05-05,4928,693
2021-05-06,4934,738
2021-05-07,3393,557
2021-05-08,2730,359
2021-05-09,2213,385
2021-05-10,4475,697
2021-05-11,1518,290
2021-04-29,3069,519
2021-04-30,3222,586
2021-05-01,2980,419
2021-05-02,2682,503
2021-05-03,4207,745
2021-05-04,3289,629
2021-05-05,4928,693
2021-05-06,4934,738
2021-05-07,3393,557
2021-05-08,2730,359
2021-05-09,2213,385
2021-05-10,4475,697
2021-05-11,3717,566
2021-05-12,4444,636
2021-05-13,908,216
2021-04-30,2390,440
2021-05-01,2980,419
2021-05-02,2682,503
2021-05-03,4207,745
2021-05-04,3289,629
2021-05-05,4928,693
2021-05-06,4934,738
2021-05-07,3393,557
2021-05-08,2730,359
2021-05-09,2213,385
2021-05-10,4475,697
2021-05-11,3717,566
2021-05-12,4444,636
2021-05-13,4153,728
2021-05-14,738,159
2021-05-03,2095,415
2021-05-04,3289,629
2021-05-05,4928,693
2021-05-06,4934,738
2021-05-07,3393,557
2021-05-08,2730,359
2021-05-09,2213,385
2021-05-10,4475,697
2021-05-11,3717,566
2021-05-12,4444,636
2021-05-13,4153,728
2021-05-14,3219,520
2021-05-15,1940,353
2021-05-16,3083,409
2021-05-17,1575,248
2021-05-08,585,94
2021-05-09,2213,385
2021-05-10,4475,697
2021-05-11,3717,566
2021-05-12,4444,636
2021-05-13,4153,728
2021-05-14,3219,520
2021-05-15,1940,353
2021-05-16,3083,409
2021-05-17,4479,567
2021-05-18,3812,505
2021-05-19,3751,585
2021-05-20,4737,633
2021-05-21,2843,442
2021-05-22,1566,264
2021-05-14,2481,385
2021-05-15,1940,353
2021-05-16,3083,409
2021-05-17,4479,567
2021-05-18,3812,505
2021-05-19,3751,585
2021-05-20,4737,633
2021-05-21,2843,442
2021-05-22,2629,398
2021-05-23,3737,562
2021-05-24,4680,856
2021-05-25,3890,670
2021-05-26,4545,668
2021-05-27,4950,694
2021-05-28,1114,180
2021-05-17,3268,436
2021-05-18,3812,505
2021-05-19,3751,585
2021-05-20,4737,633
2021-05-21,2843,442
2021-05-22,2629,398
2021-05-23,3737,562
2021-05-24,4680,856
2021-05-25,3890,670
2021-05-26,4545,668
2021-05-27,4950,694
2021-05-28,4882,651
2021-05-29,3161,480
2021-05-30,4197,565
2021-05-31,1757,331
2021-05-19,2690,454
2021-05-20,4737,633
2021-05-21,2843,442
2021-05-22,2629,398
2021-05-23,3737,562
2021-05-24,4680,856
2021-05-25,3890,670
2021-05-26,4545,668
2021-05-27,4950,694
2021-05-28,4882,651
2021-05-29,3161,480
2021-05-30,4197,565
2021-05-31,6277,897
2021-06-01,3484,621
2021-06-02,846,154
2021-05-20,4378,593
2021-05-21,2843,442
2021-05-22,2629,398
2021-05-23,3737,562
2021-05-24,4680,856
2021-05-25,3890,670
2021-05-26,4545,668
2021-05-27,4950,694
2021-05-28,4882,651
2021-05-29,3161,480
2021-05-30,4197,565
2021-05-31,6277,897
2021-06-01,3484,621
2021-06-02,3795,630
2021-05-23,3737,562
2021-05-24,4680,856
2021-05-25,3890,670
2021-05-26,4545,668
2021-05-27,4950,694
2021-05-28,4882,651
2021-05-29,3161,480
2021-05-30,4197,565
2021-05-31,6277,897
2021-06-01,3484,621
2021-06-02,3795,630
2021-06-03,4422,754
2021-06-04,3223,532
2021-06-05,1442,306
2021-05-29,431,91
2021-05-30,4197,565
2021-05-31,6277,897
2021-06-01,3484,621
2021-06-02,3795,630
2021-06-03,4422,754
2021-06-04,3223,532
2021-06-05,1877,370
2021-06-06,2601,463
2021-06-07,5472,805
2021-06-08,3439,633
2021-06-09,3052,586
2021-06-10,4782,749
2021-06-11,3653,589
2021-06-12,1849,305
2021-05-31,4238,636
2021-06-01,3484,621
2021-06-02,3795,630
2021-06-03,4422,754
2021-06-04,3223,532
2021-06-05,1877,370
2021-06-06,2601,463
2021-06-07,5472,805
2021-06-08,3439,633
2021-06-09,3052,586
2021-06-10,4782,749
2021-06-11,3653,589
2021-06-12,2808,393
2021-06-13,2353,376
2021-06-14,774,154
2021-06-04,2494,401
2021-06-05,1877,370
2021-06-06,2601,463
2021-06-07,5472,805
2021-06-08,3439,633
2021-06-09,3052,586
2021-06-10,4782,749
2021-06-11,3653,589
2021-06-12,2808,393
2021-06-13,2353,376
2021-06-14,3657,628
2021-06-15,3332,562
2021-06-16,4090,694
2021-06-17,4176,614
2021-06-18,623,122
2021-06-06,2488,438
2021-06-07,5472,805
2021-06-08,3439,633
2021-06-09,3052,586
2021-06-10,4782,749
2021-06-11,3653,589
2021-06-12,2808,393
2021-06-13,2353,376
2021-06-14,3657,628
2021-06-15,3332,562
2021-06-16,4090,694
2021-06-17,4176,614
2021-06-18,2849,450
2021-06-19,2453,322
2021-06-07,1025,208
2021-06-08,3439,633
2021-06-09,3052,586
2021-06-10,4782,749
2021-06-11,3653,589
2021-06-12,2808,393
2021-06-13,2353,376
2021-06-14,3657,628
2021-06-15,3332,562
2021-06-16,4090,694
2021-06-17,4176,614
2021-06-18,2849,450
2021-06-19,2698,344
2021-06-20,2320,352
2021-06-21,1597,303
2021-06-09,2258,463
2021-06-10,4782,749
2021-06-11,3653,589
2021-06-12,2808,393
2021-06-13,2353,376
2021-06-14,3657,628
2021-06-15,3332,562
2021-06-16,4090,694
2021-06-17,4176,614
2021-06-18,2849,450
2021-06-19,2698,344
2021-06-20,2320,352
2021-06-21,2607,448
2021-06-22,4633,626
2021-06-23,724,137
2021-06-12,2808,393
2021-06-13,2353,376
2021-06-14,3657,628
2021-06-15,3332,562
2021-06-16,4090,694
2021-06-17,4176,614
2021-06-18,2849,450
2021-06-19,2698,344
2021-06-20,2320,352
2021-06-21,2607,448
2021-06-22,4633,626
2021-06-23,4656,606
2021-06-24,3997,630
2021-06-25,2474,490
2021-06-17,1276,248
2021-06-18,2849,450
2021-06-19,2698,344
2021-06-20,2320,352
2021-06-21,2607,448
2021-06-22,4633,626
2021-06-23,4656,606
2021-06-24,3997,630
2021-06-25,2750,519
2021-06-26,2410,336
2021-06-27,3016,519
2021-06-28,3570,522
2021-06-29,3854,589
2021-06-30,3646,562
2021-07-01,2504,414
2021-07-03,31,4
2021-06-19,476,85
2021-06-20,2320,352
2021-06-21,2607,448
2021-06-22,4633,626
2021-06-23,4656,606
2021-06-24,3997,630
2021-06-25,2750,519
2021-06-26,2410,336
2021-06-27,3016,519
2021-06-28,3570,522
2021-06-29,3854,589
2021-06-30,3646,562
2021-07-01,4858,640
2021-07-02,3836,543
2021-07-03,1691,248
2021-07-03,39,6
2021-07-04,14,4
2021-07-05,6,4
2021-07-06,14,3
2021-07-07,10,5
2021-07-08,4,2
2021-07-09,9,4
2021-06-26,991,130
2021-06-27,3016,519
2021-06-28,3570,522
2021-06-29,3854,589
2021-06-30,3646,562
2021-07-01,4858,640
2021-07-02,3836,543
2021-07-03,2334,344
2021-07-04,2973,424
2021-07-05,5624,665
2021-07-06,5392,591
2021-07-07,3769,554
2021-07-08,4782,721
2021-07-09,3657,708
2021-07-10,1206,318
