"fecha";"carga.estimada";"carga.liminf";"carga.lisup"
"2020-04-01";2.19705616777613;1.92205797934147;2.48736914973603
"2020-04-02";2.02962127749018;1.77276443843273;2.31302204559389
"2020-04-03";1.98832786608909;1.7676252459746;2.19983133170352
"2020-04-04";1.89376672485946;1.65905980529655;2.13289334993635
"2020-04-05";1.72437894143942;1.46955208340293;1.95353553314753
"2020-04-06";2.31042675340253;2.03987396644416;2.59028147871012
"2020-04-07";2.08121876976983;1.82415636301405;2.34873943317791
"2020-04-08";2.05292751528781;1.79357816788817;2.31302204559389
"2020-04-09";2.16218674694771;1.87554828759538;2.42595579986134
"2020-04-10";2.17526599175365;1.89122282459268;2.46193014706827
"2020-04-11";1.84974954145555;1.59816037466769;2.08664061781316
"2020-04-12";1.87213072461072;1.60329956712582;2.11747577256195
"2020-04-13";2.81442735777156;2.51807582467337;3.09906153206522
"2020-04-14";2.62872263829695;2.29182287670409;2.9758493928815
"2020-04-15";3.08117714231092;2.76989625512185;3.38814110783516
"2020-04-16";2.95729690810764;2.63614877139895;3.25323730580919
"2020-04-17";2.96480012909651;2.64629867650377;3.26377265034836
"2020-04-18";2.77542088701434;2.46668390009204;3.11512150849688
"2020-04-19";2.72125379850563;2.42043116796885;3.00668454763029
"2020-04-20";5.23395916706024;4.7844596987097;5.66390400810759
"2020-04-21";4.00104120039202;3.6384197805462;4.38887035924497
"2020-04-22";4.20072452335275;3.83358061414378;4.57426672717209
"2020-04-23";4.61036955419047;4.24985520325249;5.01739359687455
"2020-04-24";5.58003238719087;5.17979207855153;6.07516788456963
"2020-04-25";5.47968965444584;5.08189046222411;6.00835838261391
"2020-04-26";5.43767675610061;5.00505953497503;5.88039249040641
"2020-04-27";8.49331211189461;7.99658346485383;9.02506435553756
"2020-04-28";8.56788179446211;7.93452771592189;9.20493609157219
"2020-04-29";9.10677751562186;8.54095242598149;9.68763474320226
"2020-04-30";11.117563652753;10.4735457498621;11.7637400164763
"2020-05-01";14.7623046400227;13.9107661456725;15.4643440257659
"2020-05-02";13.6734896298805;12.9657971324334;14.4316233013042
"2020-05-03";14.1735330560568;13.4328212470662;14.9197181050153
"2020-05-04";20.0254801162074;19.1921857550836;20.8147572939274
"2020-05-05";19.1075175593358;18.2941118730249;20.0643067152286
"2020-05-06";18.6858725141084;17.7861026985386;19.6012654747509
"2020-05-07";19.1378130988765;18.4083304254069;19.9917156217575
"2020-05-08";21.8865101851086;20.9934727116589;22.6586995479052
"2020-05-09";20.6280504319234;19.8984392786424;21.3534731433511
"2020-05-10";22.5950763452736;21.6140302009784;23.4162165162339
"2020-05-11";27.7780804191114;26.7595181698719;28.7757518510086
"2020-05-12";25.3729126527432;24.4458537252207;26.3145925828091
"2020-05-13";22.6510678471049;21.7228526012794;23.5497070403339
"2020-05-14";22.1207031854257;21.2838370855434;23.0756165360712
"2020-05-15";27.5976433719064;26.609325270283;28.6873577407288
"2020-05-16";24.1128340539338;23.2494497209675;25.1115076283603
"2020-05-17";23.6034116015214;22.7973292644634;24.4319779055838
"2020-05-18";31.1473863865875;30.1046185408702;32.0892461883894
"2020-05-19";26.7338222075812;25.6387887745647;27.6339517666231
"2020-05-20";31.1077889086976;30.0980660704861;32.1105738370907
"2020-05-21";24.385673781536;23.3054669187612;25.5778893439358
"2020-05-22";30.1714023468636;29.0054737538872;31.2110866771061
"2020-05-23";26.9055483235697;25.9526649539451;27.6902259240397
"2020-05-24";23.7794546391747;22.8366440867681;24.6992159134067
"2020-05-25";33.3035345823969;32.1709593484737;34.3761868322583
"2020-05-26";26.0043909260362;25.0274818316699;26.8888973400054
"2020-05-27";26.5387384618705;25.4184458979223;27.4540800305885
"2020-05-28";27.0498311518318;26.1118514403358;28.1029030784277
"2020-05-29";27.5760587635822;26.5534365523008;28.5894561244013
"2020-05-30";25.6394825655465;24.7539483130858;26.6584045582581
"2020-05-31";22.9834965112592;21.9389556441438;23.8664097755663
"2020-06-01";37.3188627378226;36.1131054032956;38.5657850039392
"2020-06-02";25.595850821577;24.5027702816946;26.5610168611765
"2020-06-03";24.5542906860873;23.6938613887845;25.5837994152627
"2020-06-04";25.713692504642;24.7806721138681;26.8178480042717
"2020-06-05";27.5235362166601;26.4564342946535;28.5591348888984
"2020-06-06";23.6537756876111;22.6308194288199;24.5505647715552
"2020-06-07";21.0911944562503;20.2124439378343;21.9855938157014
"2020-06-08";28.3605051003916;27.3962641154345;29.3861594352233
"2020-06-09";22.8069652503224;21.820240298361;23.8269664734502
"2020-06-10";23.9391807407735;22.9769440408751;24.9975460356012
"2020-06-11";21.2925480167599;20.2431506127716;22.3146306128333
"2020-06-12";24.4683119962628;23.5516342375057;25.3427712889763
"2020-06-13";22.0825189854617;21.209190315089;23.0496636141577
"2020-06-14";19.465488010007;18.5617353202822;20.3153562668084
"2020-06-15";26.2659244302306;25.2488525468039;27.3665852789888
"2020-06-16";22.0979622587984;21.2861497221496;22.9466228053721
"2020-06-17";20.1140027062987;19.3277319561668;20.9679052291797
"2020-06-18";21.0069373958992;20.1912447689445;21.8327028400719
"2020-06-19";21.4717002658504;20.6488898573412;22.4739455790354
"2020-06-20";20.0524608766126;19.2514149481635;20.7778835880403
"2020-06-21";16.5623324944458;15.7864429130793;17.2845175146249
"2020-06-22";20.0746107961072;19.2839203404612;21.0162136382862
"2020-06-23";18.429992121618;17.6928263554235;19.1487595788123
"2020-06-24";17.1595066580808;16.4604480039633;18.0492293523949
"2020-06-25";16.6412704906027;15.9980491625429;17.4586076591441
"2020-06-26";17.2396009725408;16.5307264608283;18.0440901599368
"2020-06-27";14.2744154040099;13.5207014381002;15.0272557072017
"2020-06-28";13.1539429683256;12.4828415211804;13.8404876888075
"2020-06-29";14.1472717825957;13.4899947631629;14.8883690310207
"2020-06-30";16.0355652674873;15.2939797957788;16.6775788853194
"2020-07-01";17.2907616334615;16.5209619951579;18.2350111597564
"2020-07-02";13.2005040519963;12.5082805238482;13.9016440790593
"2020-07-03";13.9072714948009;13.2061828596625;14.8011312390439
"2020-07-04";12.3246057853945;11.6400139580467;13.0278528813653
"2020-07-05";11.7925451902041;11.0955165171076;12.4733340151329
"2020-07-06";15.1297825967414;14.4708096437974;15.8157363100907
"2020-07-07";12.8346449409019;12.1432693795093;13.5114508916756
"2020-07-08";11.995337724602;11.2644674691687;12.6684948487304
"2020-07-09";11.6916114503264;11.0591567304663;12.3814709499438
"2020-07-10";13.0659086015178;12.4264388839524;13.6580463565438
"2020-07-11";10.552303874283;9.85684265488627;11.183782147576
"2020-07-12";9.98601625732142;9.4657501088224;10.6329891958757
"2020-07-13";12.7207604360296;12.0438260054445;13.3679389422822
"2020-07-14";11.4196710814043;10.7716189124338;12.08763762115
"2020-07-15";11.0798933720349;10.4623680062657;11.7701640070489
"2020-07-16";9.32598976992349;8.73071710749803;9.96540809556431
"2020-07-17";11.5520823750881;10.960998154516;12.2109782401452
"2020-07-18";9.74940783654901;9.20198105590876;10.3202693347983
"2020-07-19";8.38836980189955;7.88737562511852;8.9217665871291
"2020-07-20";12.9608378117113;12.3024558659;13.6548343612575
"2020-07-21";10.6601241320546;10.0779564103974;11.3225403439456
"2020-07-22";10.0623332653247;9.48155312563116;10.607293233585
"2020-07-23";10.8594734075056;10.2666932534223;11.5170587784859
"2020-07-24";10.1952070863297;9.63598585899803;10.7686638767704
"2020-07-25";9.54887654683269;8.97778378492274;10.1044232515568
"2020-07-26";7.64367511875389;7.18960176911561;8.20240812280203
"2020-07-27";11.3134953652193;10.7253661803106;12.051920233566
"2020-07-28";9.80439719585103;9.24335155519672;10.4388562007697
"2020-07-29";9.22235795400526;8.58733363791614;9.8212537471137
"2020-07-30";9.83492399905233;9.25427233917026;10.3730745373057
"2020-07-31";10.076774396132;9.4250220085917;10.7058372489697
"2020-08-01";9.79226870164984;9.2346149280179;10.3670359861674
"2020-08-02";8.32911491285728;7.80039479276463;8.82566368816202
"2020-08-03";11.3701549620702;10.7604411688374;12.0476803997881
"2020-08-04";10.0910099592411;9.48682079790074;10.6331176756871
"2020-08-05";9.61974601083033;9.11654198129231;10.1605689291619
"2020-08-06";9.39100055451887;8.81371506569687;9.98724966351137
"2020-08-07";9.41582285409165;8.884892881242;10.0426244622478
"2020-08-08";8.06138868175088;7.61615474314059;8.58283684451528
"2020-08-09";7.07548600058278;6.54733119166053;7.57658296121297
"2020-08-10";10.7589764989868;10.0719178592591;11.4142749293233
"2020-08-11";9.51662811415791;8.98716281115883;10.1302476936589
"2020-08-12";8.98649471613927;8.45911078608574;9.56493652326435
"2020-08-13";8.43264394492636;7.87272892661285;9.11191670807999
"2020-08-14";8.88525262471407;8.29979581988364;9.44609269767004
"2020-08-15";7.59128105164323;7.09671086543487;8.18699054542764
"2020-08-16";6.69084314105387;6.20737361055508;7.22082236329877
"2020-08-17";10.2054083833591;9.70189600227358;10.8033534258628
"2020-08-18";10.1014425199311;9.5375703234248;10.690034232161
"2020-08-19";9.27326165530306;8.64887546760227;9.83718524373391
"2020-08-20";9.74496243507273;9.17345853776613;10.370890380511
"2020-08-21";9.15195101732884;8.62215166681998;9.73876970816068
"2020-08-22";7.7402405450422;7.20501934649001;8.28990287440173
"2020-08-23";7.16531908475094;6.65448335441259;7.65842460110873
"2020-08-24";10.9615120737618;10.4248519013213;11.6200995872715
"2020-08-25";9.85311674035412;9.27058927522483;10.464166723626
"2020-08-26";10.0574510324895;9.38159583232048;10.7410407173079
"2020-08-27";9.29885483374455;8.73084558730948;9.96039738291763
"2020-08-28";9.99853019095697;9.47024690222327;10.6487922126845
"2020-08-29";8.33638687018554;7.8321293061936;8.95761245452457
"2020-08-30";7.21103220166602;6.75238497074001;7.68861735680026
"2020-08-31";11.049495048645;10.4576142532419;11.7433117264552
"2020-09-01";10.5342139168304;9.95448731159078;11.0966728354107
"2020-09-02";10.1550699932317;9.62018284218927;10.6654945881734
"2020-09-03";9.82706103459139;9.28125309957545;10.41765703188
"2020-09-04";10.710462522182;10.057142680942;11.3066088473254
"2020-09-05";8.11360287712551;7.56977353120595;8.6752138289502
"2020-09-06";6.93557148591013;6.4238620928539;7.44758923051385
"2020-09-07";10.6631305596426;10.1077637266546;11.3321763298046
"2020-09-08";9.78337789869727;9.27380127051116;10.2490915192532
"2020-09-09";9.28962998328221;8.65876841308418;9.89821315417423
"2020-09-10";9.20586114621465;8.71529953012363;9.78515092009532
"2020-09-11";9.19853779696181;8.66814743932027;9.71988317587704
"2020-09-12";7.3946298522328;6.83987972233971;7.8222363607117
"2020-09-13";6.42031605005779;5.96660244389158;6.88716029295453
"2020-09-14";9.26041367415772;8.74099549241429;9.86288120602457
"2020-09-15";9.07540274566496;8.44857544154657;9.69894096661015
"2020-09-16";8.02430940816546;7.46210744920808;8.52090957539478
"2020-09-17";8.29470801935009;7.79602647917522;8.85559948423065
"2020-09-18";6.87243650656198;6.38775926583552;7.4378247648434
"2020-09-19";6.54013632221914;6.04805864435298;7.07756737352833
"2020-09-20";7.53251438588449;6.97349872625115;8.03345717074093
"2020-09-21";11.1277135578578;10.5177428050021;11.7546179498631
"2020-09-22";9.42828539580262;8.79174501793835;10.0834810422899
"2020-09-23";9.66463685695212;9.13632787225612;10.3049802372354
"2020-09-24";9.09210512115389;8.55123081089776;9.6462642439143
"2020-09-25";9.66039702317416;9.08095307351975;10.2587275051122
"2020-09-26";7.45712243252369;6.91645368996588;8.05452785981928
"2020-09-27";6.31149364975684;5.84814405773163;6.76356271433644
"2020-09-28";10.4033443808841;9.76420871082843;11.1060518616468
"2020-09-29";8.44749621113036;7.88262187209475;8.95966813150782
"2020-09-30";7.71112701976688;7.22467675764237;8.31033116442281
"2020-10-01";8.66154357701157;8.06185120907211;9.23589972613243
"2020-10-02";8.74243446630257;8.17041664975016;9.30206682903089
"2020-10-03";6.87359282486506;6.40304836339847;7.31846702000328
"2020-10-04";5.87360875636168;5.45769391072503;6.36784489506026
"2020-10-05";8.7833424382693;8.14022389405863;9.36926177042097
"2020-10-06";8.53923079650802;7.95521296556587;9.1531587275565
"2020-10-07";8.19811689709949;7.63529823504713;8.84069582610206
"2020-10-08";8.4572863727631;7.87812507869389;9.00425062608212
"2020-10-09";8.11853650188531;7.57928103725349;8.69654147765145
"2020-10-10";7.09843249490835;6.58818777170268;7.63298559844097
"2020-10-11";5.52802375951457;5.09281124619764;6.00900078167117
"2020-10-12";6.9532760039284;6.51623907728883;7.46300680788825
"2020-10-13";9.20945858093534;8.61649855511604;9.85722809432063
"2020-10-14";8.51258408361261;8.08651933287115;9.04549264555863
"2020-10-15";8.0797612947887;7.64698989788938;8.53105948049959
"2020-10-16";7.63116118511834;7.12767449999512;8.15602691086739
"2020-10-17";6.68115576327029;6.18206308769878;7.20039407327769
"2020-10-18";6.00257679109851;5.59131291463647;6.4549542072256
"2020-10-19";8.97148827416153;8.37161603448604;9.53320200983539
"2020-10-20";7.83593230861262;7.27696804090386;8.33666952577074
"2020-10-21";7.34287818417941;6.79902314229756;7.77058747650747
"2020-10-22";6.94027384700932;6.38673142734389;7.52493407700874
"2020-10-23";7.11248818628134;6.53191361428613;7.56527673780508
"2020-10-24";6.01100506672984;5.55970688101896;6.44107838758864
"2020-10-25";5.46897443817063;5.08728661430515;5.94103496141237
"2020-10-26";8.44138057210518;7.79589799936377;9.00913285891735
"2020-10-27";7.98887467616664;7.49140084621943;8.56831862582105
"2020-10-28";7.86915718785444;7.35919512023398;8.48532066762221
"2020-10-29";6.66152404808023;6.13105660255181;7.17970882363371
"2020-10-30";7.08270656598646;6.63431202401442;7.54510540740691
"2020-10-31";5.68579696797923;5.23658015521389;6.10536064026115
"2020-11-01";5.7299169352323;5.2368371148368;6.20827296923525
"2020-11-02";9.12360837092224;8.55649848316735;9.65255975467551
"2020-11-03";7.8203091635399;7.31795310075747;8.32613418123157
"2020-11-04";7.01581997614387;6.48489000329422;7.53431310324483
"2020-11-05";7.17983730344516;6.63379810476861;7.74232191798774
"2020-11-06";7.12980726486524;6.62441907853251;7.61628322295205
"2020-11-07";6.22978048967254;5.74047797573376;6.6918709795455
"2020-11-08";5.6179339315696;5.25161229315393;6.05473959454855
"2020-11-09";8.6537577004375;8.1138855327107;9.26622096163541
"2020-11-10";8.11221529516181;7.6106301112481;8.56305095355146
"2020-11-11";7.25790163688419;6.74763121771624;7.71945251154905
"2020-11-12";6.97655654576374;6.49388359009595;7.49872419547227
"2020-11-13";6.94312609882359;6.47987929064754;7.3541844075873
"2020-11-14";6.08413577540907;5.69383980417621;6.53229905372049
"2020-11-15";5.45977528367058;5.04617307464009;5.92574586384943
"2020-11-16";8.23010837015137;7.64159374580835;8.84981789271525
"2020-11-17";7.3536190964169;6.90129307221439;7.86373533981111
"2020-11-18";7.42453995233913;6.932642146209;7.93015940233247
"2020-11-19";7.30076250198501;6.73195668071893;7.83418498317685
"2020-11-20";7.73461312930054;7.19949471459752;8.26921762475775
"2020-11-21";6.06393874904861;5.60968552767429;6.61953684569729
"2020-11-22";5.68307319597642;5.29825046471148;6.1264313293395
"2020-11-23";8.90526977933849;8.366219882405;9.4151290631098
"2020-11-24";7.94860910325717;7.3794949304436;8.43919641531048
"2020-11-25";7.66030040635595;7.17739618702755;8.1623224216286
"2020-11-26";7.4642402140782;6.95332739585298;8.05401394057346
"2020-11-27";7.33892100598664;6.90167851164875;7.83803937752045
"2020-11-28";6.24725374403019;5.83285496016869;6.78399100435752
"2020-11-29";5.55590387859994;5.08754357392805;5.93589576895424
"2020-11-30";9.40590421264745;8.78223751189081;9.9395836534622
"2020-12-01";9.29538587883532;8.79315829586434;9.7959432242574
"2020-12-02";8.89738111891526;8.37123059505168;9.49735614243991
"2020-12-03";8.88553528029927;8.30377869403869;9.43054664048419
"2020-12-04";8.70232306916685;8.12981702933092;9.26095328936583
"2020-12-05";7.53092123622247;6.99958012797617;8.02741861960263
"2020-12-06";6.51508275898575;6.08891522439513;6.94972996113229
"2020-12-07";10.7391649120607;10.057142680942;11.3942320787365
"2020-12-08";8.60290539106428;8.11401401252216;9.1121736677029
"2020-12-09";10.0871041729729;9.49195999035888;10.6809121655478
"2020-12-10";10.0309584953678;9.3785123168456;10.6598414764694
"2020-12-11";10.0574510324895;9.44570725823568;10.6085780316996
"2020-12-12";8.78971503691739;8.29915342082637;9.34857652077698
"2020-12-13";8.1050975136073;7.59020182122702;8.62947501607282
"2020-12-14";12.3714238286881;11.608921843675;13.0951763025669
"2020-12-15";11.803414582253;11.1606557815144;12.3961176484494
"2020-12-16";10.7815889458026;10.11354531817;11.4101635753567
"2020-12-17";10.5092117455216;9.99033317898625;11.0708483933086
"2020-12-18";10.7717730882076;10.1290913753558;11.3628830047419
"2020-12-19";9.54563885558407;8.91084580315557;10.1294768147902
"2020-12-20";9.28919315192327;8.67893974348235;9.89834163398568
"2020-12-21";13.9563250868138;13.2024569451304;14.7959920465858
"2020-12-22";12.6882036518074;12.0411279294039;13.367296543225
"2020-12-23";12.8055314156265;12.0921344145509;13.4569754516194
"2020-12-24";11.3619065581749;10.7199700282296;12.0363741763802
"2020-12-25";10.2550529825046;9.63020426748263;10.9110195078607
"2020-12-26";13.2567268174883;12.6218566771729;14.0726507081036
"2020-12-27";12.9381739729709;12.2569740126455;13.7989887097081
"2020-12-28";19.606224795473;18.7219496451645;20.5171980506015
"2020-12-29";16.4693645028782;15.6380487308507;17.2481577279836
"2020-12-30";16.3249531948047;15.7097404656417;17.0267870128495
"2020-12-31";14.3037088010213;13.6431426984152;14.9924376782979
"2021-01-01";14.5092508033843;13.7573612507972;15.2233158994795
"2021-01-02";16.2876683535209;15.6068281366676;17.0467013836248
"2021-01-03";15.8470853840853;15.0422878451417;16.7314119263184
"2021-01-04";25.2637819008948;24.2925773101569;26.2151492087442
"2021-01-05";21.8979448883279;20.8991685300522;22.926194515351
"2021-01-06";22.225851063119;21.3145437604807;23.1730042331528
"2021-01-07";21.6531908475094;20.7929157259803;22.4946308286794
"2021-01-08";21.0128474672261;20.0932146728056;21.9192982329915
"2021-01-09";18.007242150012;17.2721834527253;18.7534271989705
"2021-01-10";15.2491917335061;14.5373621861302;15.9631026538276
"2021-01-11";24.003497734387;23.0848670824959;24.9766038263344
"2021-01-12";21.8887457338279;20.8986546108064;22.7567296440441
"2021-01-13";21.5860729940062;20.6491468169641;22.4635387143077
"2021-01-14";20.8356481112697;19.9914586621346;21.6363856881713
"2021-01-15";22.5338942590595;21.6971566389887;23.5540753539233
"2021-01-16";18.5917225082754;17.7656744085175;19.3407084171236
"2021-01-17";16.5880798486611;15.8183059063197;17.4123549270209
"2021-01-18";25.7046475259157;24.7434129685466;26.7136508771831
"2021-01-19";22.8305798396675;21.9128742424188;23.7945895609639
"2021-01-20";22.4475558257629;21.5783128133944;23.4458953526796
"2021-01-21";21.6023385381361;20.6228084556161;22.669106412633
"2021-01-22";22.0082576544417;21.0755713111776;22.9263229951625
"2021-01-23";17.3744790786045;16.5377928504582;18.2550540103431
"2021-01-24";15.0256368615774;14.3326938464851;15.8862717265785
"2021-01-25";24.1587270425849;23.2297923098152;25.0906938989049
"2021-01-26";20.468350026287;19.6723148104846;21.3282911003062
"2021-01-27";19.2532650574485;18.3092724907764;20.1879042938467
"2021-01-28";19.6751670622988;18.8943695521348;20.455270781481
"2021-01-29";18.3812982730772;17.6219054995012;19.226618344553
"2021-01-30";14.3847024741614;13.6381319857685;15.0431872038219
"2021-01-31";12.4483318438241;11.7633545770419;13.105968606729
"2021-02-01";23.272036471821;22.3859369081899;24.1652538170067
"2021-02-02";19.1829866005835;18.4134696178651;20.0240925342437
"2021-02-03";17.9823170665901;17.0767656595049;18.9541126644606
"2021-02-04";17.9413063107742;17.1744103162094;18.6559110220775
"2021-02-05";18.5039451010905;17.7352246932031;19.3206655665369
"2021-02-06";15.6689866694487;14.8466130922984;16.420105343167
"2021-02-07";13.2509452259729;12.5532484578568;13.9427576187243
"2021-02-08";21.2933702875532;20.5656349395194;22.2487204695577
"2021-02-09";19.5500534219056;18.7580524721828;20.3264055305934
"2021-02-10";19.5192696590814;18.6069602139137;20.3369408751325
"2021-02-11";17.8122097962259;17.117622239547;18.5432342274329
"2021-02-12";17.5697170000889;16.8505127115356;18.236295957871
"2021-02-13";14.916506109729;14.2349207099692;15.6186482793213
"2021-02-14";13.5634081274273;12.8109789596322;14.3293533713873
"2021-02-15";20.9209587060747;20.1146708013183;21.792488659087
"2021-02-16";18.6810159772354;17.7916273304311;19.5855909377536
"2021-02-17";18.9571190920486;18.1670453394976;19.7604519611415
"2021-02-18";18.0968439705195;17.3907703186967;19.0434061334206
"2021-02-19";19.2777533095115;18.4896581460569;20.0789534137343
"2021-02-20";16.5921912026276;15.8488841014456;17.4018195824817
"2021-02-21";15.0018937924208;14.2968479790897;15.7897833881771
"2021-02-22";24.410341905335;23.4087646871696;25.5370327638937
"2021-02-23";20.858928653105;20.1091461694258;21.7132166154204
"2021-02-24";20.8958537509167;20.0180539831054;21.7914608205954
"2021-02-25";21.1226720100564;20.302508285663;22.0584418687954
"2021-02-26";21.8868442326184;21.02893313962;22.8192993122219
"2021-02-27";19.0800742716094;18.1207926073744;19.9146277348855
"2021-02-28";17.8075845230136;16.9633179859916;18.6605362952898
"2021-03-01";29.6769092485421;28.6199058397158;30.7223494743377
"2021-03-02";25.5099749156016;24.6160894753964;26.4642715631522
"2021-03-03";25.1773149877867;24.297973462238;26.2310807053644
"2021-03-04";25.2369039243388;24.343326835681;26.2157916078015
"2021-03-05";26.9443235306663;25.966797733205;27.8767786102699
"2021-03-06";23.6114544377184;22.6165581697486;24.5311643200257
"2021-03-07";20.743296822797;19.8709445989914;21.6085055690859
"2021-03-08";31.9759783866122;30.9721142278029;33.0063350825431
"2021-03-09";29.5466821116531;28.4960513014748;30.4254326300691
"2021-03-10";29.9195562204529;28.9387927317429;30.9150691915177
"2021-03-11";28.3257641593746;27.2357928309293;29.4687719539878
"2021-03-12";30.7728677362011;29.671770056084;31.9716871609097
"2021-03-13";26.9181393450921;26.1789179019144;27.8703546196972
"2021-03-14";23.9907525370908;22.9670510953932;24.8849977207681
"2021-03-15";38.7524661699808;37.6011585795478;39.9830458040806
"2021-03-16";34.0032613315339;32.9564849156993;35.12689437058
"2021-03-17";34.2162808589235;33.0638940380742;35.4144321886125
"2021-03-18";32.4219832040912;31.2455192665756;33.544793972344
"2021-03-19";34.9995194855052;33.8311754720734;36.0258676113188
"2021-03-20";30.2467686042621;29.1942105969121;31.5038921674082
"2021-03-21";27.1574201459428;26.1275259773331;28.1788346469966
"2021-03-22";41.9971467203472;40.7117832946438;43.1609939403782
"2021-03-23";37.5507431015335;36.4399580436328;38.8734941523699
"2021-03-24";36.302330469604;35.2075796921726;37.4191026867184
"2021-03-25";35.7692677318842;34.5549022499899;36.9979458647745
"2021-03-26";38.7600464788566;37.5284390062652;39.9425746634728
"2021-03-27";30.4742806543837;29.6056029531855;31.3450911204519
"2021-03-28";26.35958621278;25.4008441637532;27.3414032359439
"2021-03-29";43.7408747213915;42.6448905377702;45.0560711593145
"2021-03-30";37.315368086951;36.2093367820741;38.6215452421099
"2021-03-31";35.6650449088333;34.6035960985307;36.8738343669106
"2021-04-01";39.6122273722641;38.2546069005993;40.9443317533743
"2021-04-02";30.7936814656566;29.703504569513;31.8322865654828
"2021-04-03";30.7710433228785;29.832755259835;31.8090317196098
"2021-04-04";28.5581070504067;27.4069279397851;29.5607634989884
"2021-04-05";44.3057233644648;43.1368397358249;45.3843370775776
"2021-04-06";38.3818276099003;37.2734065805304;39.5220602405862
"2021-04-07";35.8960002179018;34.6881358144669;37.0140058412061
"2021-04-08";35.0073053620792;34.0386703675705;35.9862958293911
"2021-04-09";35.9641459098966;34.7562301145372;37.0750337516465
"2021-04-10";30.9350349542175;29.8218344758615;32.0802526015877
"2021-04-11";25.9528705216435;25.0840129487093;26.9850002389725
"2021-04-12";40.7116548148323;39.3910108329038;42.0344829535556
"2021-04-13";35.4710146975765;34.3596129365808;36.8965752935378
"2021-04-14";34.3714587751968;33.3416673904363;35.6201283667492
"2021-04-15";34.0559123582675;32.8543434655939;35.3117768192613
"2021-04-16";34.2426449162337;33.1835087425372;35.4723765835779
"2021-04-17";28.6140728562758;27.694851197252;29.5571660642677
"2021-04-18";24.2243031383507;23.3301350425602;25.2036276531723
"2021-04-19";37.7667947524734;36.6665964310364;38.9943936549474
"2021-04-20";34.0521093558485;32.9265491196306;35.1423119479544
"2021-04-21";31.3875922420806;30.4182377606277;32.4698033899141
"2021-04-22";30.0654578943392;29.0311697161778;30.9547694532567
"2021-04-23";31.3950183751826;30.2126700623024;32.435756239879
"2021-04-24";26.4986270647348;25.5610584886354;27.5102257081936
"2021-04-25";22.0497566335411;21.1837513124213;23.0494066545347
"2021-04-26";34.301283102181;33.3059500028523;35.4710917854634
"2021-04-27";29.499555716812;28.4708692584299;30.6195656251751
"2021-04-28";28.0831428834262;27.0213600256137;29.0469727329866
"2021-04-29";25.7237139299353;24.5378452702213;26.7651712815758
"2021-04-30";27.6321530492628;26.6721518980836;28.6876147003517
"2021-05-01";23.0931411823535;21.9697907988926;23.9757460951131
"2021-05-02";21.0250530493141;20.16079505363;21.9712040768186
"2021-05-03";33.5183528271469;32.3388824620432;34.6403413246063
"2021-05-04";28.6579101679437;27.75125383448;29.7271448548204
"2021-05-05";28.540710883936;27.517420577635;29.648515210211
"2021-05-06";27.8609498974988;26.6260276457719;28.8771224222453
"2021-05-07";29.2661078994013;28.1984920581489;30.4165675230788
"2021-05-08";24.4755325616665;23.5872231452783;25.4496664921054
"2021-05-09";22.3277612495638;21.4252933579535;23.26204074249
"2021-05-10";36.9600700163581;35.649550243572;38.014735092616
"2021-05-11";31.7973657527298;30.7271032273615;32.9183264116976
"2021-05-12";31.4490826798422;30.3762248622825;32.4803387344533
"2021-05-13";29.8489694120404;28.8925399996197;30.9547694532567
"2021-05-14";33.360296963097;32.3451779728044;34.4584139115884
"2021-05-15";28.1744663334072;27.0164777927785;29.1503989812065
"2021-05-16";26.0336586270853;25.2164756343177;26.9043149173798
"2021-05-17";41.4860797263483;40.1669004142703;42.78454809282
"2021-05-18";36.346090693385;35.1916481955524;37.3474109519275
"2021-05-19";33.8664560282985;32.7777694979677;34.9314765773595
"2021-05-20";36.1522146579019;34.8744315410742;37.3051410939593
"2021-05-21";29.3961808605167;28.3208048386525;30.3275310137417
"2021-05-22";30.3733726104682;29.1647887200893;31.5447487474503
"2021-05-23";29.6092517798308;28.61232553084;30.7182381203712
"2021-05-24";43.9346222770631;42.4540980177621;45.1745295454744
"2021-05-25";39.7004930027325;38.6757637225432;40.8536250064882
"2021-05-26";38.1045938727464;37.0529352240765;39.2532804750258
"2021-05-27";35.832813846629;34.6891636529586;37.0484384306756
"2021-05-28";36.9772606151305;35.7479657791453;38.1946068286506
"2021-05-29";31.7974428406167;30.4955826071226;32.9291187158597
"2021-05-30";27.9208728815606;26.9850002389725;28.924659952483
"2021-05-31";45.5733051842632;44.0361984159981;46.8866515129012
"2021-06-01";42.4148859793065;41.097865128061;43.5628787906041
"2021-06-02";38.6447230000961;37.4851413098054;39.8139663722081
"2021-06-03";36.68671636951;35.4137897895552;37.7526362772512
"2021-06-04";37.1742201660884;36.0938334315776;38.2742643117516
"2021-06-05";31.2933137564362;30.1873595394461;32.449632059516
"2021-06-06";26.7549442885842;25.7968189426523;27.6489839045631
"2021-06-07";40.4415645551952;39.2889978626099;41.8024484140709
"2021-06-08";36.4523948893815;35.3352886247572;37.5320364409859
"2021-06-09";34.0183191654363;32.7902320396787;35.2914770090517
"2021-06-10";31.6536482356381;30.5364391871648;32.737041397737
"2021-06-11";32.1305139038282;30.9931849168813;33.1286478630467
"2021-06-12";26.469205187912;25.5366473244593;27.6642730021261
"2021-06-13";21.4482655482413;20.669832066608;22.268634840333
"2021-06-14";33.6917748766465;32.5818377855014;34.824195934796
"2021-06-15";28.7411136938408;27.7091124563233;29.7877873258263
"2021-06-16";26.328468402446;25.2637562049325;27.3303539721589
"2021-06-17";24.2640804879766;23.3315483204862;25.2085098860076
"2021-06-18";23.9677289548784;22.9349311425298;24.9975460356012
"2021-06-19";19.2710723593159;18.4431484543108;20.1306022979385
"2021-06-20";17.2766802461262;16.5273859857305;18.1691010164809
"2021-06-21";19.1775133606156;18.274839901307;19.873385715409
"2021-06-22";23.529381534162;22.5628536085611;24.513948025291
"2021-06-23";20.6753310025382;19.7825504887115;21.7242658792053
"2021-06-24";18.9196029871042;17.9766382589238;19.9354414643409
"2021-06-25";17.9802870855691;17.1649028101618;18.8411789101931
"2021-06-26";14.7842746877812;14.0186891872932;15.5982199893002
"2021-06-27";11.9361856194089;11.3672513183313;12.5201006665019
"2021-06-28";14.6507841636812;13.8242992325644;15.3871276590824
"2021-06-29";16.1650215255076;15.4484125291456;16.8879003366685
"2021-06-30";14.8594610734437;14.1018156253035;15.5667424354941
"2021-07-01";14.7682404073118;14.0195885459734;15.6040015808156
"2021-07-02";13.9484364263906;13.2949624093768;14.6527370568153
"2021-07-03";10.8006553498223;10.1445089527302;11.4627118182412
"2021-07-04";9.69626858653192;9.13697027131339;10.2836525885342
"2021-07-05";14.1352203762814;13.4479818648177;14.7809599086457
"2021-07-06";11.7931361973368;11.1415122896079;12.4526487654889
"2021-07-07";10.8852207617208;10.3036954391209;11.5530331256928
"2021-07-08";10.3056226362927;9.69213153660313;10.912818225221
"2021-07-09";9.65135204444785;9.0034797472134;10.304851757424
"2021-07-10";7.99314020590688;7.41559775746198;8.61341503964116
"2021-07-11";6.34474422496096;5.87319762096503;6.84039364158552
"2021-07-12";9.85763922971728;9.21816951215188;10.509777056692
"2021-07-13";8.16702478272779;7.6554695654453;8.68060998103124
"2021-07-14";7.97443354535928;7.39388466932637;8.5624085544942
"2021-07-15";7.25109220687716;6.74686033884752;7.81157253636107
"2021-07-16";5.92839254796537;5.51923574041117;6.34754508485064
"2021-07-17";6.00198578396582;5.63101317637554;6.43439743739307
"2021-07-18";5.55551843916558;5.12313248170062;5.98240546070034
"2021-07-19";8.15967573751266;7.61602626332914;8.6402673202349
"2021-07-20";7.22724635387143;6.72193525542557;7.74026624100449
"2021-07-21";6.34811039602103;5.92009275214548;6.7636911941479
"2021-07-22";6.14971187117483;5.71979272608978;6.62955827099065
"2021-07-23";6.01794297654832;5.47812220074611;6.48154952819644
"2021-07-24";4.86116214614733;4.46570128649405;5.25238317202265
"2021-07-25";4.37579111443902;3.94677132803414;4.80540190797659
"2021-07-26";6.48496709118109;5.9869022541012;6.93919461659312
"2021-07-27";5.67849931468869;5.24660158050725;6.11191311064527
"2021-07-28";5.32672159092953;4.9126825505401;5.72030664533559
"2021-07-29";4.87254545744209;4.44514451666152;5.29349671168771
"2021-07-30";4.51300755307116;4.18291722148532;4.96484535399015
"2021-07-31";4.15948250387624;3.80287393920644;4.56424530187873
"2021-08-01";4.10503275978232;3.76086104086121;4.4831745408517
"2021-08-02";5.5246318924922;5.12788623472439;6.06090662549831
"2021-08-03";5.04206172067358;4.62501625269615;5.46309006280607
"2021-08-04";4.47813813224273;4.07024042684077;4.89263969995339
"2021-08-05";4.24972672344104;3.8285699014971;4.57400976754919
"2021-08-06";4.32031353185349;3.8692980017278;4.74899927074859
"2021-08-07";3.63009428876403;3.28381550093508;4.009084036589
"2021-08-08";3.31873631368808;3.00090295611489;3.6188908492053
"2021-08-09";5.00819444237449;4.5940526181359;5.47349692753379
"2021-08-10";4.21973953544784;3.83794892773319;4.59443805757026
"2021-08-11";3.96802188884852;3.58625697709616;4.37370974149348
"2021-08-12";3.69898516366529;3.33456502645913;4.08642888308389
"2021-08-13";3.62719064502518;3.33482198608204;4.02437313415194
"2021-08-14";2.94635042817182;2.61058128891975;3.28908317320466
"2021-08-15";2.8112924503721;2.56368615773929;3.11961830189775
"2021-08-16";4.28613790200691;3.95139660124646;4.65096917460972
"2021-08-17";3.58332763739503;3.27841934885404;3.94728524727995
"2021-08-18";3.25996964792934;2.93910416680585;3.57726339029443
"2021-08-19";3.01429055246833;2.697947560708;3.33032519268117
"2021-08-20";3.01811925084964;2.72364352299866;3.33572134476221
"2021-08-21";2.490195705588;2.20972427718543;2.78557079211915
"2021-08-22";2.24271789276664;2.00389961923723;2.52437133543458
"2021-08-23";3.54907491966157;3.22201671162604;3.89563636307572
"2021-08-24";2.90778078877354;2.57936069473659;3.25850497807877
"2021-08-25";2.8170740418875;2.49148050370253;3.13503587927215
"2021-08-26";2.50129636129756;2.19404974018813;2.86766939163781
"2021-08-27";2.35282509118212;2.09679052291797;2.66248713274688
"2021-08-28";2.05513736804481;1.79833192091194;2.33833256845019
"2021-08-29";1.77081154529864;1.49524804569359;2.02034503510325
"2021-08-30";2.47775885983932;2.23542023947609;2.70873986487007
"2021-08-31";2.250529465303;1.98771116299411;2.52861116921254
"2021-09-01";2.3033603637726;2.03987396644416;2.58501380644054
"2021-09-02";2.10241793865963;1.86552686230202;2.38471378038483
"2021-09-03";2.25119756032256;1.98295740997034;2.50317216654478
"2021-09-04";1.99303022718828;1.72676866593245;2.2048420443502
"2021-09-05";1.77895716534478;1.53122239290051;2.04103028474724
"2021-09-06";2.83865865021166;2.53850411469444;3.15096737589236
"2021-09-07";2.50276103114813;2.26060228252094;2.78043159966102
"2021-09-08";2.27491493351684;1.9830858897818;2.50818287919146
"2021-09-09";2.1729276591852;1.96304303919508;2.44664104950533
"2021-09-10";2.34360024071977;2.05554850344146;2.5952921913568
"2021-09-11";2.22583564554167;1.96304303919508;2.51370751108395
"2021-09-12";2.09442649438723;1.83957394038845;2.37443539546857
"2021-09-13";3.12036348480418;2.83683423688902;3.38801262802371
"2021-09-14";2.68921093352917;2.38946753340861;2.96544252815378
"2021-09-15";2.94894572036318;2.61032432929684;3.30475771020197
"2021-09-16";2.66248713274688;2.38458530057338;2.90878293130287
"2021-09-17";2.57257696069186;2.32278651126434;2.87306554371885
"2021-09-18";2.57044419582173;2.31777579861766;2.90364373884474
"2021-09-19";2.82583636502862;2.51820430448482;3.14004659191882
"2021-09-20";4.48982979508498;4.11636467915251;4.88236131503712
"2021-09-21";3.95591909060962;3.60205999390492;4.3277139689932
"2021-09-22";3.62367029819136;3.20171690141641;3.97812040202875
"2021-09-23";3.62534053574026;3.25298034618628;4.02938384679862
"2021-09-24";3.27618380013475;2.98021770647091;3.61298077787845
"2021-09-25";2.68322377431545;2.34835399374355;2.96569948777669
"2021-09-26";2.89120689309606;2.64154492347999;3.2127661652014
"2021-09-27";4.54982986703367;4.1570927793832;4.99555202892749
"2021-09-28";3.76846704569924;3.43246664278655;4.13743536823085
"2021-09-29";3.8137176352931;3.5044153372004;4.16390220939023
"2021-09-30";3.75551628070475;3.44248806807991;4.10120406140102
"2021-10-01";4.13039467456321;3.73041132554677;4.47186831744381
"2021-10-02";3.75163619039886;3.39148158293295;4.11662163877541
"2021-10-03";3.57567024063241;3.19143851650015;3.90604322780344
"2021-10-04";5.53750556959983;5.03563773010092;5.99294080523951
"2021-10-05";5.13577489514763;4.71765019675398;5.51448198738739
"2021-10-06";5.0920917592535;4.65443812951896;5.50947127474072
"2021-10-07";5.0868754789085;4.68681504200519;5.50471752171694
"2021-10-08";5.40738121655992;5.01058416686752;5.91032828647503
"2021-10-09";5.16897407842716;4.8095132619431;5.60249065823291
"2021-10-10";5.16283274343969;4.76891364152385;5.6275442214663
"2021-10-11";6.68868468022146;6.15533928691649;7.25140055842465
"2021-10-12";8.74443875136124;8.1758128018312;9.3394544541638
"2021-10-13";8.1513245497682;7.58403479027726;8.73675565863634
"2021-10-14";7.3035376659124;6.74775969752769;7.86360685999966
"2021-10-15";7.43849285986296;6.92172136223547;7.96163695613853
"2021-10-16";6.78797387851257;6.33649582106565;7.29829568960511
"2021-10-17";6.35461147448057;5.93037113706175;6.88150718125058
"2021-10-18";10.2949845079043;9.68159619206396;10.9115334271065
"2021-10-19";9.95294555385334;9.29551435864677;10.6030533998071
"2021-10-20";9.92208470314226;9.26043937012002;10.5203124012311
"2021-10-21";8.9569700554673;8.41696940792905;9.53345896945829
"2021-10-22";9.28264068153915;8.73148798636675;9.87315959094084
"2021-10-23";8.38687943608669;7.7933284031347;8.94849038791139
"2021-10-24";7.86746125434326;7.34352058323667;8.43881097587612
"2021-10-25";11.9480828499495;11.3157309139386;12.5293512129265
"2021-10-26";11.0114650244548;10.3811687654272;11.6150888746248
"2021-10-27";10.1690485967178;9.54836262758688;10.7569722139281
"2021-10-28";10.2463677472504;9.68185315168686;10.802839506617
"2021-10-29";9.4308036001071;8.80767651455856;10.0421105430019
"2021-10-30";8.03481905674234;7.52352079908276;8.63911100193183
"2021-10-31";8.29069944923274;7.76519132442643;8.94283727620744
"2021-11-01";11.4588317279353;10.9203985340967;12.1088367900398
"2021-11-02";13.6106630020798;12.9505080348704;14.3290964117644
"2021-11-03";13.2864827418208;12.6010429477175;13.9697383791295
"2021-11-04";12.6982250771007;12.0512778345088;13.2796733118138
"2021-11-05";12.171175194557;11.5625406317404;12.8905079629218
"2021-11-06";10.4135199819512;9.79465842614287;11.1374009356414
"2021-11-07";10.3654942284299;9.78951923368473;11.0649383219817
"2021-11-08";14.9078208744747;14.2250277644873;15.6284127449917
"2021-11-09";14.334800915393;13.4898662833514;15.093936729346
"2021-11-10";12.7178310963285;12.0715776447184;13.4348769240494
"2021-11-11";11.7481682633281;11.0986000325825;12.3751754391825
"2021-11-12";12.8150389216741;12.1642115887762;13.5011725067593
"2021-11-13";9.83564348599647;9.31157433507843;10.4225392647152
"2021-11-14";9.67242273352619;9.13684179150193;10.1794554614455
"2021-11-15";14.7764117233203;14.0036570493532;15.5364211999912
"2021-11-16";12.7888804320622;12.1219417308081;13.4749626252228
"2021-11-17";12.4664988891635;11.8353032714557;13.0486666108208
"2021-11-18";11.4471657610553;10.8173577253112;12.1967169810739
"2021-11-19";11.7739927054302;11.1456236435744;12.3604002608654
"2021-11-20";10.1732370385712;9.6308466665399;10.7004410968887
"2021-11-21";9.57935195810941;9.0034797472134;10.2372713765995
"2021-11-22";14.3641200083666;13.6380035059571;15.0334227381515
"2021-11-23";12.4256166131591;11.7840398266859;13.0698657797106
"2021-11-24";11.136218921376;10.3493057721868;11.7999713233061
"2021-11-25";10.3372029739479;9.77911236895702;10.9824542830287
"2021-11-26";9.87061569067406;9.21958279007786;10.443738433605
"2021-11-27";8.45983027302988;7.8728574064243;9.00026775192707
"2021-11-28";7.44059992877079;6.98390559097887;7.94120866611746
"2021-11-29";11.0492123930598;10.3701195016422;11.7895644585784
"2021-11-30";9.67550624900107;9.10022504523774;10.1296052946016
"2021-12-01";9.64354047191149;8.9294753758163;10.3097339902592
"2021-12-02";7.92514868968579;7.4048054532999;8.39281520337583
"2021-12-03";8.25935037523814;7.81542693070467;8.70232306916685
"2021-12-04";6.78165267178907;6.21302672225902;7.42651854143551
"2021-12-05";5.98397291440007;5.48852906547383;6.48617480140876
"2021-12-06";9.344953390094;8.78711974472603;9.97029032839954
"2021-12-07";8.01613809215703;7.54857436231615;8.60853280680594
"2021-12-08";6.09793450715915;5.60673049201087;6.5443761559971
"2021-12-09";7.03845811892194;6.54142112033368;7.59058726066138
"2021-12-10";7.11228261858301;6.66553261819757;7.54947372099632
"2021-12-11";5.82440098857506;5.34874303061263;6.28703109365613
"2021-12-12";5.19772786023041;4.76852820208949;5.57679469594225
"2021-12-13";7.83860468869085;7.36934502533879;8.35786869466053
"2021-12-14";6.67876603877726;6.186945320534;7.26681813579905
"2021-12-15";6.23052567257897;5.71876488759815;6.67118572990152
"2021-12-16";5.79359152978856;5.33897856494218;6.25503962060426
"2021-12-17";5.91826833882285;5.47311148809943;6.42912976512349
"2021-12-18";5.10111104201752;4.77366739454762;5.58129148934311
"2021-12-19";5.16712396914223;4.7940956845687;5.52000661927989
"2021-12-20";7.10696355438884;6.57790938678642;7.60137956482346
"2021-12-21";6.6990144570623;6.20133505941677;7.17045827720907
"2021-12-22";6.23309526880803;5.74561716819189;6.64613216666812
"2021-12-23";6.19519372442931;5.67765134793309;6.74262050506956
"2021-12-24";6.13827716795549;5.65786545696928;6.64022209534127
"2021-12-25";5.51810511807038;5.10784338413768;5.95760885708985
"2021-12-26";6.19390892631477;5.71966424627832;6.66052190555089
"2021-12-27";10.1888601836439;9.5705896349683;10.7618544467634
"2021-12-28";9.08935565318879;8.55637000335589;9.66283813959177
"2021-12-29";8.22466082614574;7.69118695302932;8.8615095555575
"2021-12-30";8.57921371383229;8.07200111417693;9.07118860784929
"2021-12-31";8.83170223930033;8.28938895515592;9.41024683027457
"2022-01-01";9.93940378172616;9.30682058205466;10.5153016885845
"2022-01-02";12.9144565997767;12.2054536082527;13.6193739332964
"2022-01-03";21.795752046298;20.7467914736686;22.7049522800284
"2022-01-04";21.658638391515;20.7552711412245;22.6080785021926
"2022-01-05";22.6454661273255;21.7219532425992;23.4458953526796
"2022-01-06";22.5871876848503;21.5324455207056;23.409150126604
"2022-01-07";27.0134456692282;26.0852561193649;27.9627316041321
"2022-01-08";24.7715757432172;23.8763027210482;25.7175468989856
"2022-01-09";26.8928802141604;25.8652986821569;27.8319391560726
"2022-01-10";49.0472451101869;47.814275751594;50.4483688460097
"2022-01-11";48.7640242138192;47.2440823483643;50.2629724780826
"2022-01-12";52.4231549399717;51.2965925612245;53.9927414045721
"2022-01-13";52.6635663631631;51.3752222058339;53.9742403117229
"2022-01-14";56.0629879984439;54.4943265884858;57.5142445566958
"2022-01-15";53.1249116701296;51.6664859383986;54.2870886526117
"2022-01-16";55.4632185426175;54.0328271057456;56.7066204619003
"2022-01-17";91.0581391703596;89.1729548969052;92.9758288361117
"2022-01-18";91.0055909274752;88.7984362465188;92.8389978369139
"2022-01-19";90.9300961902652;89.1428906210252;92.8655931578847
"2022-01-20";101.077740050395;99.2795623052567;102.837810683456
"2022-01-21";106.877061779774;104.854943723273;108.576361462018
"2022-01-22";100.673825219148;98.8417031078239;102.532542651443
"2022-01-23";98.7268164604223;96.7070110405271;100.587743745474
"2022-01-24";166.566598024186;163.981095994462;168.880031205177
"2022-01-25";165.966623000661;163.167433348528;168.545726735775
"2022-01-26";165.532952245082;163.01467085271;167.828680908054
"2022-01-27";165.944524473091;163.640496014299;168.21643297902
"2022-01-28";171.718998206936;169.520631545083;174.405947895783
"2022-01-29";142.204538831995;140.199611374266;144.472849903203
"2022-01-30";128.935709216268;126.586918391166;131.057373430683
"2022-01-31";220.374816723549;217.572466468054;223.600353782009
"2022-02-01";215.668292878467;212.919955535707;218.549812393779
"2022-02-02";198.765026356349;195.935052941391;202.08178408094
"2022-02-03";185.981516380405;183.457993011726;188.44082553932
"2022-02-04";182.935568402395;180.653921126758;185.561849924274
"2022-02-05";151.626374541263;149.509130032361;153.924467232766
"2022-02-06";135.750586767299;133.114335212051;137.927317428903
"2022-02-07";220.998380640456;218.047070891563;223.741296135173
"2022-02-08";206.124349956394;203.294376541437;208.608815462391
"2022-02-09";187.423933527629;184.892341626791;190.443568840254
"2022-02-10";174.120337274923;171.584274276646;176.917985169318
"2022-02-11";163.28625147816;160.577665789064;165.743196608544
"2022-02-12";135.186072171735;132.997804023063;137.274896946343
"2022-02-13";120.434714011648;118.199756299494;122.416849150826
"2022-02-14";194.788396320133;192.057660711542;197.654883697505
"2022-02-15";175.108269937112;172.824489896605;177.649806175356
"2022-02-16";161.2912940538;158.842674415198;163.52563506286
"2022-02-17";145.130152618598;142.930449766706;147.670455450653
"2022-02-18";139.132663628033;136.843461739483;141.566122648884
"2022-02-19";111.110265999462;109.021287049081;113.197137880936
"2022-02-20";100.553234068118;98.7082125837239;102.656268709873
"2022-02-21";159.606923725647;157.066826461291;162.10580466649
"2022-02-22";141.144117860184;138.309930307411;143.362270413001
"2022-02-23";124.66044070631;122.604429675547;127.000366424422
"2022-02-24";114.631717759662;112.475595259814;116.707334809652
"2022-02-25";112.71269190387;110.500989037589;114.9691314405
"2022-02-26";89.1650919324443;87.1450295529262;91.0124003574822
"2022-02-27";80.2633424999396;78.520822209123;81.9886208000592
"2022-02-28";129.351392798244;127.290730798307;131.750393533662
"2022-03-01";110.884398490928;108.86736823496;112.970371013721
"2022-03-02";99.7473316027959;98.10936818254;101.652841382422
"2022-03-03";92.0220204118446;90.2429347666884;93.9968578977311
"2022-03-04";88.8815883804914;87.2584772264395;90.912571543983
"2022-03-05";74.5078580822281;72.7606868222369;76.1395773836474
"2022-03-06";65.2848320332033;63.7871428710921;66.7996090102378
"2022-03-07";102.340593813132;100.676523295189;104.311474120826
"2022-03-08";87.9662725077358;86.0756920822003;89.9223776371124
"2022-03-09";83.692879803025;81.6031813656993;85.5628006748788
"2022-03-10";76.2053847430738;74.4147359148867;77.7381231977495
"2022-03-11";73.6087563616779;71.9206858149552;75.1717389639696
"2022-03-12";61.3307887478409;59.6551036549423;63.1252148824847
"2022-03-13";56.4600163117969;55.3692741044829;57.6844803068715
"2022-03-14";85.5650876155226;83.8287086596935;87.2541089128501
"2022-03-15";68.9277486071504;67.2048343355615;70.5269368203097
"2022-03-16";61.6417612834825;60.0923204533179;63.2847868083097
"2022-03-17";52.0234799425027;50.8046433631698;53.5894432764202
"2022-03-18";48.4240666327137;46.9607843641097;50.0261841855742
"2022-03-19";37.4107771949363;36.1488227908796;38.5116950033173
"2022-03-20";33.4413163321995;32.2838931027412;34.771776171723
"2022-03-21";52.6079346048038;51.1033589247987;54.0389941366953
"2022-03-22";43.1638461921924;41.7523412876041;44.5778693010852
"2022-03-23";40.6033720297395;39.4250579829389;41.9003500303983
"2022-03-24";31.6753099318492;30.5212785694133;32.907662587347
"2022-03-25";26.5041773925896;25.2631138058752;27.53643558973
"2022-03-26";16.423111770755;14.7831440654404;17.8601070699357
