"semana_epidemiologica","grupo_edad","tasa_incidencia","tasa_incidencia_categoria"
10,"10 - 19 años",0.0791975388572825,"(0, 7]"
10,"20 - 29 años",0.0323380960881252,"(0, 7]"
10,"30 - 39 años",0.131950013376433,"(0, 7]"
10,"50 - 59 años",0.126587566316061,"(0, 7]"
10,"80 años o más",0.182870852946232,"(0, 7]"
11,"00 - 09 años",0.121321482111754,"(0, 7]"
11,"10 - 19 años",0.118796308285924,"(0, 7]"
11,"20 - 29 años",0.87312859437938,"(0, 7]"
11,"30 - 39 años",1.28651263042022,"(0, 7]"
11,"40 - 49 años",1.18387486060828,"(0, 7]"
11,"50 - 59 años",0.506350265264245,"(0, 7]"
11,"60 - 69 años",0.166296933151959,"(0, 7]"
11,"70 - 79 años",0.300850202672753,"(0, 7]"
11,"80 años o más",0.365741705892465,"(0, 7]"
12,"00 - 09 años",0.687488398633273,"(0, 7]"
12,"10 - 19 años",0.989969235716031,"(0, 7]"
12,"20 - 29 años",5.85319539195066,"(0, 7]"
12,"30 - 39 años",9.26948843969439,"(7, 35]"
12,"40 - 49 años",7.52333379160747,"(7, 35]"
12,"50 - 59 años",5.14789436351983,"(0, 7]"
12,"60 - 69 años",3.32593866303918,"(0, 7]"
12,"70 - 79 años",3.10878542761845,"(0, 7]"
12,"80 años o más",0.548612558838697,"(0, 7]"
13,"00 - 09 años",0.930131362856781,"(0, 7]"
13,"10 - 19 años",2.73231509057625,"(0, 7]"
13,"20 - 29 años",11.5123622073726,"(7, 35]"
13,"30 - 39 años",17.3184392556568,"(7, 35]"
13,"40 - 49 años",15.925026350763,"(7, 35]"
13,"50 - 59 años",13.6714571621346,"(7, 35]"
13,"60 - 69 años",10.2549775443708,"(7, 35]"
13,"70 - 79 años",9.0255060801826,"(7, 35]"
13,"80 años o más",6.58335070606436,"(0, 7]"
14,"00 - 09 años",1.5771792674528,"(0, 7]"
14,"10 - 19 años",4.11827202057869,"(0, 7]"
14,"20 - 29 años",15.9750194675338,"(7, 35]"
14,"30 - 39 años",19.0667769328945,"(7, 35]"
14,"40 - 49 años",17.5671753509616,"(7, 35]"
14,"50 - 59 años",16.4141877656493,"(7, 35]"
14,"60 - 69 años",12.9711607858528,"(7, 35]"
14,"70 - 79 años",14.5410931291831,"(7, 35]"
14,"80 años o más",12.9838305591825,"(7, 35]"
15,"00 - 09 años",3.11391804086835,"(0, 7]"
15,"10 - 19 años",4.71225356200831,"(0, 7]"
15,"20 - 29 años",16.3307385245032,"(7, 35]"
15,"30 - 39 años",19.2647019529592,"(7, 35]"
15,"40 - 49 años",17.452606816064,"(7, 35]"
15,"50 - 59 años",16.1188167775785,"(7, 35]"
15,"60 - 69 años",13.0820254079541,"(7, 35]"
15,"70 - 79 años",11.8334413051283,"(7, 35]"
15,"80 años o más",17.5556018828383,"(7, 35]"
16,"00 - 09 años",5.49990718906618,"(0, 7]"
16,"10 - 19 años",6.25660556972531,"(0, 7]"
16,"20 - 29 años",22.4103005890708,"(7, 35]"
16,"30 - 39 años",25.6972651050603,"(7, 35]"
16,"40 - 49 años",22.4936223515574,"(7, 35]"
16,"50 - 59 años",20.0430313333764,"(7, 35]"
16,"60 - 69 años",14.4678331842204,"(7, 35]"
16,"70 - 79 años",15.9450607416559,"(7, 35]"
16,"80 años o más",20.8472772358705,"(7, 35]"
17,"00 - 09 años",7.52193189092875,"(7, 35]"
17,"10 - 19 años",10.2560812820181,"(7, 35]"
17,"20 - 29 años",30.5595008032783,"(7, 35]"
17,"30 - 39 años",32.3607407805701,"(7, 35]"
17,"40 - 49 años",25.014130119304,"(7, 35]"
17,"50 - 59 años",24.9377505642641,"(7, 35]"
17,"60 - 69 años",17.572042603057,"(7, 35]"
17,"70 - 79 años",16.8476113496742,"(7, 35]"
17,"80 años o más",29.6250781772896,"(7, 35]"
18,"00 - 09 años",15.8526736626025,"(7, 35]"
18,"10 - 19 años",19.8389834837493,"(7, 35]"
18,"20 - 29 años",63.803063581871,"(35, 70]"
18,"30 - 39 años",69.4386945393477,"(35, 70]"
18,"40 - 49 años",57.6661625651131,"(35, 70]"
18,"50 - 59 años",53.7153239734487,"(35, 70]"
18,"60 - 69 años",38.8026177354571,"(35, 70]"
18,"70 - 79 años",31.5892712806391,"(7, 35]"
18,"80 años o más",37.3056540010314,"(35, 70]"
19,"00 - 09 años",36.7604090798615,"(35, 70]"
19,"10 - 19 años",47.5581220837981,"(35, 70]"
19,"20 - 29 años",151.633332557219,"(150, 250]"
19,"30 - 39 años",164.310754157003,"(150, 250]"
19,"40 - 49 años",130.913645876297,"(70, 150]"
19,"50 - 59 años",120.933321687277,"(70, 150]"
19,"60 - 69 años",88.636265369994,"(70, 150]"
19,"70 - 79 años",69.5966802182969,"(35, 70]"
19,"80 años o más",90.7039430613312,"(70, 150]"
20,"00 - 09 años",41.6537088583689,"(35, 70]"
20,"10 - 19 años",57.8142033658162,"(35, 70]"
20,"20 - 29 años",185.264952488869,"(150, 250]"
20,"30 - 39 años",213.528109146412,"(150, 250]"
20,"40 - 49 años",181.32380123123,"(150, 250]"
20,"50 - 59 años",176.12550060108,"(150, 250]"
20,"60 - 69 años",125.221590663425,"(70, 150]"
20,"70 - 79 años",99.7819838864632,"(70, 150]"
20,"80 años o más",92.7155224437398,"(70, 150]"
21,"00 - 09 años",37.003052044085,"(35, 70]"
21,"10 - 19 años",55.2006845835259,"(35, 70]"
21,"20 - 29 años",214.627943736887,"(150, 250]"
21,"30 - 39 años",253.311038179406,"> 250"
21,"40 - 49 años",213.250232956021,"(150, 250]"
21,"50 - 59 años",218.658922883277,"(150, 250]"
21,"60 - 69 años",154.378986276068,"(150, 250]"
21,"70 - 79 años",137.989959625903,"(70, 150]"
21,"80 años o más",157.26893353376,"(150, 250]"
22,"00 - 09 años",41.0875419418474,"(35, 70]"
22,"10 - 19 años",58.8437713709609,"(35, 70]"
22,"20 - 29 años",245.44614930887,"(150, 250]"
22,"30 - 39 años",275.940465473465,"> 250"
22,"40 - 49 años",248.575531216107,"(150, 250]"
22,"50 - 59 años",252.28901966791,"> 250"
22,"60 - 69 años",188.248128328017,"(150, 250]"
22,"70 - 79 años",171.183765320797,"(150, 250]"
22,"80 años o más",190.917170475867,"(150, 250]"
23,"00 - 09 años",35.0214678362597,"(35, 70]"
23,"10 - 19 años",57.5370119798157,"(35, 70]"
23,"20 - 29 años",244.41133023405,"(150, 250]"
23,"30 - 39 años",281.28444101521,"> 250"
23,"40 - 49 años",252.127155797932,"> 250"
23,"50 - 59 años",267.141960782328,"> 250"
23,"60 - 69 años",203.602878489048,"(150, 250]"
23,"70 - 79 años",190.739028494526,"(150, 250]"
23,"80 años o más",228.039953623952,"(150, 250]"
24,"00 - 09 años",29.602441635268,"(7, 35]"
24,"10 - 19 años",51.9931842598059,"(35, 70]"
24,"20 - 29 años",223.520920161121,"(150, 250]"
24,"30 - 39 años",251.595688005513,"> 250"
24,"40 - 49 años",219.58969188702,"(150, 250]"
24,"50 - 59 años",242.288601928941,"(150, 250]"
24,"60 - 69 años",190.520853081094,"(150, 250]"
24,"70 - 79 años",175.295384757324,"(150, 250]"
24,"80 años o más",209.021384917544,"(150, 250]"
25,"00 - 09 años",32.8781216522854,"(7, 35]"
25,"10 - 19 años",50.2112396355171,"(35, 70]"
25,"20 - 29 años",202.662848184281,"(150, 250]"
25,"30 - 39 años",227.778710591067,"(150, 250]"
25,"40 - 49 años",210.195072025419,"(150, 250]"
25,"50 - 59 años",219.545035847489,"(150, 250]"
25,"60 - 69 años",172.172758123328,"(150, 250]"
25,"70 - 79 años",152.531052755086,"(150, 250]"
25,"80 años o más",210.484351741113,"(150, 250]"
26,"00 - 09 años",27.9039408857034,"(7, 35]"
26,"10 - 19 años",44.9842020709364,"(35, 70]"
26,"20 - 29 años",169.451623501776,"(150, 250]"
26,"30 - 39 años",201.058832882339,"(150, 250]"
26,"40 - 49 años",179.490704672869,"(150, 250]"
26,"50 - 59 años",183.678558724605,"(150, 250]"
26,"60 - 69 años",148.336864371547,"(70, 150]"
26,"70 - 79 años",129.566153951066,"(70, 150]"
26,"80 años o más",150.319841121803,"(150, 250]"
27,"00 - 09 años",24.7495823507978,"(7, 35]"
27,"10 - 19 años",39.9155595840704,"(35, 70]"
27,"20 - 29 años",126.571308088922,"(70, 150]"
27,"30 - 39 años",146.761402377937,"(70, 150]"
27,"40 - 49 años",138.398790156271,"(70, 150]"
27,"50 - 59 años",140.385611044512,"(70, 150]"
27,"60 - 69 años",117.904525604739,"(70, 150]"
27,"70 - 79 años",110.813157984464,"(70, 150]"
27,"80 años o más",128.923951327094,"(70, 150]"
28,"00 - 09 años",25.4370707494311,"(7, 35]"
28,"10 - 19 años",39.6779669674985,"(35, 70]"
28,"20 - 29 años",116.126103052458,"(70, 150]"
28,"30 - 39 años",133.005613483444,"(70, 150]"
28,"40 - 49 años",121.671784061225,"(70, 150]"
28,"50 - 59 años",124.730948676759,"(70, 150]"
28,"60 - 69 años",106.762631083558,"(70, 150]"
28,"70 - 79 años",99.2805668820086,"(70, 150]"
28,"80 años o más",130.752659856556,"(70, 150]"
29,"00 - 09 años",21.2716998635942,"(7, 35]"
29,"10 - 19 años",33.3025650894873,"(7, 35]"
29,"20 - 29 años",102.899821752414,"(70, 150]"
29,"30 - 39 años",105.955860741275,"(70, 150]"
29,"40 - 49 años",97.0013595466141,"(70, 150]"
29,"50 - 59 años",99.0758685700373,"(70, 150]"
29,"60 - 69 años",81.0974710671052,"(70, 150]"
29,"70 - 79 años",79.8255871091705,"(70, 150]"
29,"80 años o más",94.7271018261483,"(70, 150]"
30,"00 - 09 años",23.2532840714195,"(7, 35]"
30,"10 - 19 años",37.1436457240655,"(35, 70]"
30,"20 - 29 años",97.3376692252568,"(70, 150]"
30,"30 - 39 años",104.669348110855,"(70, 150]"
30,"40 - 49 años",94.3280937323374,"(70, 150]"
30,"50 - 59 años",97.8521887623154,"(70, 150]"
30,"60 - 69 años",78.2149908924713,"(70, 150]"
30,"70 - 79 años",75.3128340690792,"(70, 150]"
30,"80 años o más",97.8359063262343,"(70, 150]"
31,"00 - 09 años",24.3047369163881,"(7, 35]"
31,"10 - 19 años",32.1937995454853,"(7, 35]"
31,"20 - 29 años",87.4422118222905,"(70, 150]"
31,"30 - 39 años",93.6185344905789,"(70, 150]"
31,"40 - 49 años",86.4228648244046,"(70, 150]"
31,"50 - 59 años",92.4933151216021,"(70, 150]"
31,"60 - 69 años",76.7737508051543,"(70, 150]"
31,"70 - 79 años",69.7972470200787,"(35, 70]"
31,"80 años o más",82.1090129728583,"(70, 150]"
32,"00 - 09 años",26.9738095228467,"(7, 35]"
32,"10 - 19 años",36.5892629520645,"(35, 70]"
32,"20 - 29 años",89.1884690110493,"(70, 150]"
32,"30 - 39 años",91.1774592431149,"(70, 150]"
32,"40 - 49 años",87.1484655454226,"(70, 150]"
32,"50 - 59 años",88.3159254331721,"(70, 150]"
32,"60 - 69 años",68.3480395254551,"(35, 70]"
32,"70 - 79 años",70.8000810289879,"(70, 150]"
32,"80 años o más",75.8914039726864,"(70, 150]"
33,"00 - 09 años",22.1613907324137,"(7, 35]"
33,"10 - 19 años",33.4213613977732,"(7, 35]"
33,"20 - 29 años",78.0641639567342,"(70, 150]"
33,"30 - 39 años",80.6214581730003,"(70, 150]"
33,"40 - 49 años",73.8585154973038,"(70, 150]"
33,"50 - 59 años",76.2479107777076,"(70, 150]"
33,"60 - 69 años",64.3569131298081,"(35, 70]"
33,"70 - 79 años",62.8776923586054,"(35, 70]"
33,"80 años o más",72.5997286196542,"(70, 150]"
34,"00 - 09 años",21.9187477681902,"(7, 35]"
34,"10 - 19 años",33.5401577060591,"(7, 35]"
34,"20 - 29 años",81.4273259498992,"(70, 150]"
34,"30 - 39 años",85.0417836211108,"(70, 150]"
34,"40 - 49 años",72.4836930785329,"(70, 150]"
34,"50 - 59 años",77.3871988745521,"(70, 150]"
34,"60 - 69 años",67.3502579265433,"(35, 70]"
34,"70 - 79 años",62.175708552369,"(35, 70]"
34,"80 años o más",72.5997286196542,"(70, 150]"
35,"00 - 09 años",23.172403083345,"(7, 35]"
35,"10 - 19 años",34.0945404780601,"(7, 35]"
35,"20 - 29 años",85.2108831922099,"(70, 150]"
35,"30 - 39 años",84.6129460776374,"(70, 150]"
35,"40 - 49 años",73.8585154973038,"(70, 150]"
35,"50 - 59 años",81.9021554064917,"(70, 150]"
35,"60 - 69 años",67.5719871707459,"(35, 70]"
35,"70 - 79 años",62.4765587550418,"(35, 70]"
35,"80 años o más",79.9145627375035,"(70, 150]"
36,"00 - 09 años",23.7385699998665,"(7, 35]"
36,"10 - 19 años",35.9952814106349,"(35, 70]"
36,"20 - 29 años",84.984516519593,"(70, 150]"
36,"30 - 39 años",85.0417836211108,"(70, 150]"
36,"40 - 49 años",75.5388540091349,"(70, 150]"
36,"50 - 59 años",78.3998994050806,"(70, 150]"
36,"60 - 69 años",66.9622317491887,"(35, 70]"
36,"70 - 79 años",72.0034818396789,"(70, 150]"
36,"80 años o más",76.4400165315251,"(70, 150]"
37,"00 - 09 años",21.9591882622275,"(7, 35]"
37,"10 - 19 años",37.30204080178,"(35, 70]"
37,"20 - 29 años",81.2332973733705,"(70, 150]"
37,"30 - 39 años",85.5365961712724,"(70, 150]"
37,"40 - 49 años",72.8273986832256,"(70, 150]"
37,"50 - 59 años",77.4293947299908,"(70, 150]"
37,"60 - 69 años",63.414563841947,"(35, 70]"
37,"70 - 79 años",60.3706073363325,"(35, 70]"
37,"80 años o más",70.5881492372457,"(70, 150]"
38,"00 - 09 años",19.8967230663277,"(7, 35]"
38,"10 - 19 años",29.8574721491955,"(7, 35]"
38,"20 - 29 años",67.6189589202698,"(35, 70]"
38,"30 - 39 años",66.8656692785072,"(35, 70]"
38,"40 - 49 años",58.0862471930709,"(35, 70]"
38,"50 - 59 años",62.0701033503087,"(35, 70]"
38,"60 - 69 años",52.549830876019,"(35, 70]"
38,"70 - 79 años",55.6572874944593,"(35, 70]"
38,"80 años o más",56.8728352662782,"(35, 70]"
39,"00 - 09 años",25.4775112434684,"(7, 35]"
39,"10 - 19 años",43.1626586772189,"(35, 70]"
39,"20 - 29 años",87.6685784949074,"(70, 150]"
39,"30 - 39 años",85.8994587080576,"(70, 150]"
39,"40 - 49 años",78.4794464048394,"(70, 150]"
39,"50 - 59 años",82.2397222500012,"(70, 150]"
39,"60 - 69 años",67.9600133481005,"(35, 70]"
39,"70 - 79 años",63.1785425612782,"(35, 70]"
39,"80 años o más",77.5372416492025,"(70, 150]"
40,"00 - 09 años",23.495927035643,"(7, 35]"
40,"10 - 19 años",41.7371029777879,"(35, 70]"
40,"20 - 29 años",73.9895638496304,"(70, 150]"
40,"30 - 39 años",73.7600574774258,"(70, 150]"
40,"40 - 49 años",71.2998182179246,"(70, 150]"
40,"50 - 59 años",69.6231614738337,"(35, 70]"
40,"60 - 69 años",60.8646775336169,"(35, 70]"
40,"70 - 79 años",54.5541700846592,"(35, 70]"
40,"80 años o más",60.5302523252029,"(35, 70]"
41,"00 - 09 años",21.6356643099295,"(7, 35]"
41,"10 - 19 años",35.9556826412062,"(35, 70]"
41,"20 - 29 años",73.8278733691898,"(70, 150]"
41,"30 - 39 años",70.758194673112,"(70, 150]"
41,"40 - 49 años",62.9363151704016,"(35, 70]"
41,"50 - 59 años",68.6104609433052,"(35, 70]"
41,"60 - 69 años",56.4300926495647,"(35, 70]"
41,"70 - 79 años",57.1615385078231,"(35, 70]"
41,"80 años o más",58.3358020898481,"(35, 70]"
42,"00 - 09 años",20.8268544291844,"(7, 35]"
42,"10 - 19 años",31.0058364626261,"(7, 35]"
42,"20 - 29 años",65.8080255393348,"(35, 70]"
42,"30 - 39 años",68.5480319490567,"(35, 70]"
42,"40 - 49 años",61.5996822632632,"(35, 70]"
42,"50 - 59 años",63.6313500015401,"(35, 70]"
42,"60 - 69 años",53.4921801638801,"(35, 70]"
42,"70 - 79 años",55.6572874944593,"(35, 70]"
42,"80 años o más",61.0788648840416,"(35, 70]"
43,"00 - 09 años",19.8967230663277,"(7, 35]"
43,"10 - 19 años",33.1045712423441,"(7, 35]"
43,"20 - 29 años",67.5542827280935,"(35, 70]"
43,"30 - 39 años",67.4924318420453,"(35, 70]"
43,"40 - 49 años",60.3394283793899,"(35, 70]"
43,"50 - 59 años",58.9054141924072,"(35, 70]"
43,"60 - 69 años",52.1618046986644,"(35, 70]"
43,"70 - 79 años",47.9354656258587,"(35, 70]"
43,"80 años o más",47.9121634719129,"(35, 70]"
44,"00 - 09 años",18.4813057750239,"(7, 35]"
44,"10 - 19 años",31.0058364626261,"(7, 35]"
44,"20 - 29 años",62.768244507051,"(35, 70]"
44,"30 - 39 años",65.7111066614634,"(35, 70]"
44,"40 - 49 años",54.9165177275713,"(35, 70]"
44,"50 - 59 años",59.4539603131101,"(35, 70]"
44,"60 - 69 años",49.1130275908785,"(35, 70]"
44,"70 - 79 años",49.5400000401134,"(35, 70]"
44,"80 años o más",54.1297724720848,"(35, 70]"
45,"00 - 09 años",18.9665917034709,"(7, 35]"
45,"10 - 19 años",31.679015542913,"(7, 35]"
45,"20 - 29 años",64.9348969449554,"(35, 70]"
45,"30 - 39 años",64.6225190511079,"(35, 70]"
45,"40 - 49 años",53.4271267739028,"(35, 70]"
45,"50 - 59 años",61.7747323622379,"(35, 70]"
45,"60 - 69 años",52.7715601202216,"(35, 70]"
45,"70 - 79 años",47.1331984187313,"(35, 70]"
45,"80 años o más",62.3589608546652,"(35, 70]"
46,"00 - 09 años",20.7055329470727,"(7, 35]"
46,"10 - 19 años",32.0750032371994,"(7, 35]"
46,"20 - 29 años",65.2259398097485,"(35, 70]"
46,"30 - 39 años",66.6017692517544,"(35, 70]"
46,"40 - 49 años",56.1003925881796,"(35, 70]"
46,"50 - 59 años",59.7071354457423,"(35, 70]"
46,"60 - 69 años",51.2194554108033,"(35, 70]"
46,"70 - 79 años",49.3394332383315,"(35, 70]"
46,"80 años o más",55.2269975897622,"(35, 70]"
47,"00 - 09 años",17.7533768823533,"(7, 35]"
47,"10 - 19 años",31.4414229263411,"(7, 35]"
47,"20 - 29 años",64.7085302723385,"(35, 70]"
47,"30 - 39 años",63.6988689574728,"(35, 70]"
47,"40 - 49 años",56.6350457510349,"(35, 70]"
47,"50 - 59 años",60.5088566990773,"(35, 70]"
47,"60 - 69 años",53.658477097032,"(35, 70]"
47,"70 - 79 años",45.9297976080403,"(35, 70]"
47,"80 años o más",44.9862298247731,"(35, 70]"
48,"00 - 09 años",18.3599842929121,"(7, 35]"
48,"10 - 19 años",32.6293860092004,"(7, 35]"
48,"20 - 29 años",61.9597921048479,"(35, 70]"
48,"30 - 39 años",66.3708567283456,"(35, 70]"
48,"40 - 49 años",62.1343354261186,"(35, 70]"
48,"50 - 59 años",62.703041181889,"(35, 70]"
48,"60 - 69 años",53.7693417191333,"(35, 70]"
48,"70 - 79 años",48.9382996347679,"(35, 70]"
48,"80 años o más",50.1066137072677,"(35, 70]"
49,"00 - 09 años",19.0070321975081,"(7, 35]"
49,"10 - 19 años",35.7972875634917,"(35, 70]"
49,"20 - 29 años",69.4298923012048,"(35, 70]"
49,"30 - 39 años",73.3642074372965,"(70, 150]"
49,"40 - 49 años",69.7722377526236,"(35, 70]"
49,"50 - 59 años",69.8763366064658,"(35, 70]"
49,"60 - 69 años",59.090843579996,"(35, 70]"
49,"70 - 79 años",56.6601215033685,"(35, 70]"
49,"80 años o más",52.3010639426224,"(35, 70]"
50,"00 - 09 años",20.5033304768864,"(7, 35]"
50,"10 - 19 años",38.2128124986388,"(35, 70]"
50,"20 - 29 años",78.8726163589373,"(70, 150]"
50,"30 - 39 años",81.4791332599471,"(70, 150]"
50,"40 - 49 años",70.6505965201717,"(70, 150]"
50,"50 - 59 años",74.4756848492827,"(70, 150]"
50,"60 - 69 años",58.0376296700336,"(35, 70]"
50,"70 - 79 años",65.2844939799874,"(35, 70]"
50,"80 años o más",65.6506362076974,"(35, 70]"
51,"00 - 09 años",21.5952238158922,"(7, 35]"
51,"10 - 19 años",44.58821437665,"(35, 70]"
51,"20 - 29 años",95.2033548834406,"(70, 150]"
51,"30 - 39 años",97.4450848784955,"(70, 150]"
51,"40 - 49 años",87.7213082199105,"(70, 150]"
51,"50 - 59 años",93.4638197966919,"(70, 150]"
51,"60 - 69 años",75.0553491625841,"(70, 150]"
51,"70 - 79 años",72.9060324476972,"(70, 150]"
51,"80 años o más",68.9423115607296,"(35, 70]"
52,"00 - 09 años",21.6761048039667,"(7, 35]"
52,"10 - 19 años",44.0338316046491,"(35, 70]"
52,"20 - 29 años",98.9545740296631,"(70, 150]"
52,"30 - 39 años",103.613748003844,"(70, 150]"
52,"40 - 49 años",88.1795823595008,"(70, 150]"
52,"50 - 59 años",91.3118311693189,"(70, 150]"
52,"60 - 69 años",78.3812878256233,"(70, 150]"
52,"70 - 79 años",67.1898785969149,"(35, 70]"
52,"80 años o más",67.1136030312672,"(35, 70]"
53,"00 - 09 años",27.1760119930329,"(7, 35]"
53,"10 - 19 años",61.694882769823,"(35, 70]"
53,"20 - 29 años",132.844898730018,"(70, 150]"
53,"30 - 39 años",138.646476555287,"(70, 150]"
53,"40 - 49 años",115.141377572064,"(70, 150]"
53,"50 - 59 años",123.887031567985,"(70, 150]"
53,"60 - 69 años",102.217181577404,"(70, 150]"
53,"70 - 79 años",94.5672470401354,"(70, 150]"
53,"80 años o más",100.578969120428,"(70, 150]"
54,"00 - 09 años",38.2162668652025,"(35, 70]"
54,"10 - 19 años",92.7799167713064,"(70, 150]"
54,"20 - 29 años",196.162890870567,"(150, 250]"
54,"30 - 39 años",193.933532160012,"(150, 250]"
54,"40 - 49 años",161.96171883354,"(150, 250]"
54,"50 - 59 años",167.43315438071,"(150, 250]"
54,"60 - 69 años",139.911153091848,"(70, 150]"
54,"70 - 79 años",128.362753140375,"(70, 150]"
54,"80 años o más",129.472563885932,"(70, 150]"
55,"00 - 09 años",35.3045512945204,"(35, 70]"
55,"10 - 19 años",85.652138274151,"(70, 150]"
55,"20 - 29 años",189.210200211621,"(150, 250]"
55,"30 - 39 años",187.33603149119,"(150, 250]"
55,"40 - 49 años",172.234697462689,"(150, 250]"
55,"50 - 59 años",177.644551396873,"(150, 250]"
55,"60 - 69 años",149.722672147814,"(70, 150]"
55,"70 - 79 años",137.989959625903,"(70, 150]"
55,"80 años o más",126.729501091739,"(70, 150]"
56,"00 - 09 años",38.3780288413515,"(35, 70]"
56,"10 - 19 años",89.2556262921573,"(70, 150]"
56,"20 - 29 años",191.764909802582,"(150, 250]"
56,"30 - 39 años",199.739332748575,"(150, 250]"
56,"40 - 49 años",177.657608114507,"(150, 250]"
56,"50 - 59 años",186.71666031619,"(150, 250]"
56,"60 - 69 años",147.72710894999,"(70, 150]"
56,"70 - 79 años",138.491376630357,"(70, 150]"
56,"80 años o más",134.227206062534,"(70, 150]"
57,"00 - 09 años",37.2456950083085,"(35, 70]"
57,"10 - 19 años",82.8010268752888,"(70, 150]"
57,"20 - 29 años",173.752590281497,"(150, 250]"
57,"30 - 39 años",176.81301792442,"(150, 250]"
57,"40 - 49 años",163.909383926798,"(150, 250]"
57,"50 - 59 años",173.424965853004,"(150, 250]"
57,"60 - 69 años",140.465476202355,"(70, 150]"
57,"70 - 79 años",146.714615503413,"(70, 150]"
57,"80 años o más",131.301272415395,"(70, 150]"
58,"00 - 09 años",31.9075497953913,"(7, 35]"
58,"10 - 19 años",74.1288963704164,"(70, 150]"
58,"20 - 29 años",148.722903909288,"(70, 150]"
58,"30 - 39 años",161.63876638613,"(150, 250]"
58,"40 - 49 años",148.939095366848,"(70, 150]"
58,"50 - 59 años",154.521222616472,"(150, 250]"
58,"60 - 69 años",134.090760431529,"(70, 150]"
58,"70 - 79 años",124.752550708302,"(70, 150]"
58,"80 años o más",125.266534268169,"(70, 150]"
59,"00 - 09 años",33.0803241224716,"(7, 35]"
59,"10 - 19 años",77.4155942329936,"(70, 150]"
59,"20 - 29 años",154.737789781679,"(150, 250]"
59,"30 - 39 años",162.19955394298,"(150, 250]"
59,"40 - 49 años",146.533156133999,"(70, 150]"
59,"50 - 59 años",152.538017410854,"(150, 250]"
59,"60 - 69 años",130.820254079541,"(70, 150]"
59,"70 - 79 años",116.027894830792,"(70, 150]"
59,"80 años o más",118.683183562105,"(70, 150]"
60,"00 - 09 años",34.6575033899244,"(7, 35]"
60,"10 - 19 años",80.5042982484276,"(70, 150]"
60,"20 - 29 años",155.352213607353,"(150, 250]"
60,"30 - 39 años",162.76034149983,"(150, 250]"
60,"40 - 49 años",142.676015459114,"(70, 150]"
60,"50 - 59 años",152.833388398925,"(150, 250]"
60,"60 - 69 años",125.554184529729,"(70, 150]"
60,"70 - 79 años",114.523643817428,"(70, 150]"
60,"80 años o más",108.625286650062,"(70, 150]"
61,"00 - 09 años",38.6611122996123,"(35, 70]"
61,"10 - 19 años",91.9087438438763,"(70, 150]"
61,"20 - 29 años",174.690395068052,"(150, 250]"
61,"30 - 39 años",175.823392824096,"(150, 250]"
61,"40 - 49 años",158.830178879672,"(150, 250]"
61,"50 - 59 años",166.758020693691,"(150, 250]"
61,"60 - 69 años",133.31470807682,"(70, 150]"
61,"70 - 79 años",130.368421158193,"(70, 150]"
61,"80 años o más",141.907781886276,"(70, 150]"
62,"00 - 09 años",48.5285928447016,"(35, 70]"
62,"10 - 19 años",111.232943325053,"(70, 150]"
62,"20 - 29 años",216.341862829558,"(150, 250]"
62,"30 - 39 años",219.465859748352,"(150, 250]"
62,"40 - 49 años",196.064952721385,"(150, 250]"
62,"50 - 59 años",204.860878154826,"(150, 250]"
62,"60 - 69 años",168.07076710558,"(150, 250]"
62,"70 - 79 años",147.918016314104,"(70, 150]"
62,"80 años o más",132.215626680126,"(70, 150]"
63,"00 - 09 años",54.6755479383638,"(35, 70]"
63,"10 - 19 años",124.102543389362,"(70, 150]"
63,"20 - 29 años",251.881430430407,"> 250"
63,"30 - 39 años",256.180950970344,"> 250"
63,"40 - 49 años",219.322365305592,"(150, 250]"
63,"50 - 59 años",231.106700237689,"(150, 250]"
63,"60 - 69 años",184.589595798674,"(150, 250]"
63,"70 - 79 años",142.602996066885,"(70, 150]"
63,"80 años o más",136.238785444943,"(70, 150]"
64,"00 - 09 años",65.2709573761237,"(35, 70]"
64,"10 - 19 años",146.832237041402,"(70, 150]"
64,"20 - 29 años",284.057836038092,"> 250"
64,"30 - 39 años",287.980904194064,"> 250"
64,"40 - 49 años",265.989948520538,"> 250"
64,"50 - 59 años",275.581131870065,"> 250"
64,"60 - 69 años",200.055210581806,"(150, 250]"
64,"70 - 79 años",152.129919151522,"(150, 250]"
64,"80 años o más",144.102232121631,"(70, 150]"
65,"00 - 09 años",79.9912972056832,"(70, 150]"
65,"10 - 19 años",169.403535615727,"(150, 250]"
65,"20 - 29 años",321.796394172934,"> 250"
65,"30 - 39 años",330.996608554781,"> 250"
65,"40 - 49 años",303.912133571636,"> 250"
65,"50 - 59 años",305.540189231533,"> 250"
65,"60 - 69 años",218.569602472725,"(150, 250]"
65,"70 - 79 años",145.511214692722,"(70, 150]"
65,"80 años o más",143.1878778569,"(70, 150]"
66,"00 - 09 años",80.1934996758694,"(70, 150]"
66,"10 - 19 años",160.137423569425,"(150, 250]"
66,"20 - 29 años",318.918303621091,"> 250"
66,"30 - 39 años",328.687483320694,"> 250"
66,"40 - 49 años",299.749476803691,"> 250"
66,"50 - 59 años",300.223511446259,"> 250"
66,"60 - 69 años",207.372275640493,"(150, 250]"
66,"70 - 79 años",130.869838162648,"(70, 150]"
66,"80 años o más",140.079073356814,"(70, 150]"
67,"00 - 09 años",85.7742878530101,"(70, 150]"
67,"10 - 19 años",189.915698179763,"(150, 250]"
67,"20 - 29 años",351.547442574009,"> 250"
67,"30 - 39 años",359.497811444091,"> 250"
67,"40 - 49 años",324.801796434627,"> 250"
67,"50 - 59 años",328.030580180354,"> 250"
67,"60 - 69 años",203.325716933795,"(150, 250]"
67,"70 - 79 años",134.881174198284,"(70, 150]"
67,"80 años o más",146.662424062878,"(70, 150]"
68,"00 - 09 años",85.5316448887866,"(70, 150]"
68,"10 - 19 años",181.164370136034,"(150, 250]"
68,"20 - 29 años",327.326208604003,"> 250"
68,"30 - 39 años",327.664870717026,"> 250"
68,"40 - 49 años",301.238867757359,"> 250"
68,"50 - 59 años",297.269801565551,"> 250"
68,"60 - 69 años",167.461011684023,"(150, 250]"
68,"70 - 79 años",127.259635730575,"(70, 150]"
68,"80 años o más",134.775818621373,"(70, 150]"
69,"00 - 09 años",83.6713821630731,"(70, 150]"
69,"10 - 19 años",172.096251936875,"(150, 250]"
69,"20 - 29 años",308.311408104186,"> 250"
69,"30 - 39 años",312.127756641951,"> 250"
69,"40 - 49 años",280.196446847838,"> 250"
69,"50 - 59 años",246.972341882636,"(150, 250]"
69,"60 - 69 años",149.44551059256,"(70, 150]"
69,"70 - 79 años",119.437530461083,"(70, 150]"
69,"80 años o más",127.64385535647,"(70, 150]"
70,"00 - 09 años",76.2707717542561,"(70, 150]"
70,"10 - 19 años",162.473750965715,"(150, 250]"
70,"20 - 29 años",273.159897656394,"> 250"
70,"30 - 39 años",279.041290787811,"> 250"
70,"40 - 49 años",246.131402471625,"(150, 250]"
70,"50 - 59 años",200.134942345693,"(150, 250]"
70,"60 - 69 años",133.702734254175,"(70, 150]"
70,"70 - 79 años",120.841498073556,"(70, 150]"
70,"80 años o más",122.157729768083,"(70, 150]"
71,"00 - 09 años",72.9546512432014,"(70, 150]"
71,"10 - 19 años",158.791065408851,"(150, 250]"
71,"20 - 29 años",268.988283261025,"> 250"
71,"30 - 39 años",280.72365345836,"> 250"
71,"40 - 49 años",231.275682446573,"(150, 250]"
71,"50 - 59 años",182.961229182147,"(150, 250]"
71,"60 - 69 años",130.76482176849,"(70, 150]"
71,"70 - 79 años",113.821660011192,"(70, 150]"
71,"80 años o más",103.504902767567,"(70, 150]"
72,"00 - 09 años",81.4471549910242,"(70, 150]"
72,"10 - 19 años",171.145881470587,"(150, 250]"
72,"20 - 29 años",295.440845861112,"> 250"
72,"30 - 39 años",299.856405397943,"> 250"
72,"40 - 49 años",241.281334494294,"(150, 250]"
72,"50 - 59 años",177.939922384944,"(150, 250]"
72,"60 - 69 años",145.010925708508,"(70, 150]"
72,"70 - 79 años",136.385425211648,"(70, 150]"
72,"80 años o más",126.546630238793,"(70, 150]"
73,"00 - 09 años",85.1676804424514,"(70, 150]"
73,"10 - 19 años",178.194462428886,"(150, 250]"
73,"20 - 29 años",327.03516573921,"> 250"
73,"30 - 39 años",330.435820997931,"> 250"
73,"40 - 49 años",265.760811450743,"> 250"
73,"50 - 59 años",183.931733857237,"(150, 250]"
73,"60 - 69 años",163.02642679997,"(150, 250]"
73,"70 - 79 años",151.026801741722,"(150, 250]"
73,"80 años o más",145.930940651093,"(70, 150]"
74,"00 - 09 años",95.0351609875407,"(70, 150]"
74,"10 - 19 años",217.080454007811,"(150, 250]"
74,"20 - 29 años",387.507405424004,"> 250"
74,"30 - 39 años",382.523088778278,"> 250"
74,"40 - 49 años",289.705635244337,"> 250"
74,"50 - 59 años",216.422542545026,"(150, 250]"
74,"60 - 69 años",194.179385610437,"(150, 250]"
74,"70 - 79 años",179.20643739207,"(150, 250]"
74,"80 años o más",170.618505798835,"(150, 250]"
75,"00 - 09 años",91.9212429466723,"(70, 150]"
75,"10 - 19 años",217.832830626955,"(150, 250]"
75,"20 - 29 años",390.611862648464,"> 250"
75,"30 - 39 años",386.415614172883,"> 250"
75,"40 - 49 años",287.223316988222,"> 250"
75,"50 - 59 años",228.701536477684,"(150, 250]"
75,"60 - 69 años",207.261411018391,"(150, 250]"
75,"70 - 79 años",193.44668031858,"(150, 250]"
75,"80 años o más",186.162528299264,"(150, 250]"
76,"00 - 09 años",83.0647747525143,"(70, 150]"
76,"10 - 19 años",197.162272985205,"(150, 250]"
76,"20 - 29 años",352.129528303595,"> 250"
76,"30 - 39 años",329.578145910985,"> 250"
76,"40 - 49 años",258.390235705666,"> 250"
76,"50 - 59 años",217.941593340819,"(150, 250]"
76,"60 - 69 años",211.307969725089,"(150, 250]"
76,"70 - 79 años",187.630243066907,"(150, 250]"
76,"80 años o más",175.921760534275,"(150, 250]"
77,"00 - 09 años",73.1568537133877,"(70, 150]"
77,"10 - 19 años",173.165418711448,"(150, 250]"
77,"20 - 29 años",271.219611891106,"> 250"
77,"30 - 39 años",264.295876792995,"> 250"
77,"40 - 49 años",206.681636955227,"(150, 250]"
77,"50 - 59 años",188.193515256544,"(150, 250]"
77,"60 - 69 años",185.199351220231,"(150, 250]"
77,"70 - 79 años",174.493117550197,"(150, 250]"
77,"80 años o más",177.384727357845,"(150, 250]"
78,"00 - 09 años",55.2012743608481,"(35, 70]"
78,"10 - 19 años",124.023345850504,"(70, 150]"
78,"20 - 29 años",189.113185923356,"(150, 250]"
78,"30 - 39 años",185.191843773823,"(150, 250]"
78,"40 - 49 años",145.807555412981,"(70, 150]"
78,"50 - 59 años",141.946857695743,"(70, 150]"
78,"60 - 69 años",145.121790330609,"(70, 150]"
78,"70 - 79 años",149.422267327467,"(70, 150]"
78,"80 años o más",150.502711974749,"(150, 250]"
79,"00 - 09 años",45.1315913455725,"(35, 70]"
79,"10 - 19 años",95.6706269395972,"(70, 150]"
79,"20 - 29 años",132.586193961313,"(70, 150]"
79,"30 - 39 años",132.081963389809,"(70, 150]"
79,"40 - 49 años",112.506301269419,"(70, 150]"
79,"50 - 59 años",111.608037635327,"(70, 150]"
79,"60 - 69 años",113.026482232281,"(70, 150]"
79,"70 - 79 años",114.824494020101,"(70, 150]"
79,"80 años o más",118.134571003266,"(70, 150]"
80,"00 - 09 años",37.4478974784948,"(35, 70]"
80,"10 - 19 años",73.7725074455586,"(70, 150]"
80,"20 - 29 años",98.7928835492225,"(70, 150]"
80,"30 - 39 años",97.7419724085924,"(70, 150]"
80,"40 - 49 años",83.5586514519652,"(70, 150]"
80,"50 - 59 años",89.6661928072101,"(70, 150]"
80,"60 - 69 años",92.959985631945,"(70, 150]"
80,"70 - 79 años",91.6590284142988,"(70, 150]"
80,"80 años o más",101.493323385159,"(70, 150]"
81,"00 - 09 años",21.7974262860785,"(7, 35]"
81,"10 - 19 años",42.5686771357893,"(35, 70]"
81,"20 - 29 años",66.8428446141548,"(35, 70]"
81,"30 - 39 años",67.0635942985719,"(35, 70]"
81,"40 - 49 años",57.3224569604204,"(35, 70]"
81,"50 - 59 años",58.525651493459,"(35, 70]"
81,"60 - 69 años",61.5298652662248,"(35, 70]"
81,"70 - 79 años",63.0782591603873,"(35, 70]"
81,"80 años o más",63.8219276782351,"(35, 70]"
82,"00 - 09 años",21.878307274153,"(7, 35]"
82,"10 - 19 años",34.5697257112038,"(7, 35]"
82,"20 - 29 años",52.5494061432034,"(35, 70]"
82,"30 - 39 años",55.814855658231,"(35, 70]"
82,"40 - 49 años",48.8061958663673,"(35, 70]"
82,"50 - 59 años",55.698529179067,"(35, 70]"
82,"60 - 69 años",57.9267650479323,"(35, 70]"
82,"70 - 79 años",58.1643725167323,"(35, 70]"
82,"80 años o más",64.9191527959125,"(35, 70]"
83,"00 - 09 años",16.0548761327888,"(7, 35]"
83,"10 - 19 años",28.9071016829081,"(7, 35]"
83,"20 - 29 años",42.9449916050303,"(35, 70]"
83,"30 - 39 años",43.5764919175669,"(35, 70]"
83,"40 - 49 años",38.9914913768083,"(35, 70]"
83,"50 - 59 años",44.0102772225506,"(35, 70]"
83,"60 - 69 años",44.8447396399782,"(35, 70]"
83,"70 - 79 años",52.44821866595,"(35, 70]"
83,"80 años o más",53.9469016191385,"(35, 70]"
84,"00 - 09 años",13.0622795740322,"(7, 35]"
84,"10 - 19 años",20.749755180608,"(7, 35]"
84,"20 - 29 años",33.4699294512096,"(7, 35]"
84,"30 - 39 años",39.8159165363385,"(35, 70]"
84,"40 - 49 años",35.478056306616,"(35, 70]"
84,"50 - 59 años",37.3011362077994,"(35, 70]"
84,"60 - 69 años",40.243857822774,"(35, 70]"
84,"70 - 79 años",41.417044567949,"(35, 70]"
84,"80 años o más",49.7408720013752,"(35, 70]"
85,"00 - 09 años",12.2130291992499,"(7, 35]"
85,"10 - 19 años",18.4926253231755,"(7, 35]"
85,"20 - 29 años",27.3580292905539,"(7, 35]"
85,"30 - 39 años",34.6038910079695,"(7, 35]"
85,"40 - 49 años",29.9787666315323,"(7, 35]"
85,"50 - 59 años",33.4191175074402,"(7, 35]"
85,"60 - 69 años",36.0864344939751,"(35, 70]"
85,"70 - 79 años",39.2108097483488,"(35, 70]"
85,"80 años o más",45.5348423836118,"(35, 70]"
86,"00 - 09 años",10.4740879556481,"(7, 35]"
86,"10 - 19 años",13.9783656083104,"(7, 35]"
86,"20 - 29 años",24.5769530269751,"(7, 35]"
86,"30 - 39 años",28.6331529026859,"(7, 35]"
86,"40 - 49 años",25.1286986542016,"(7, 35]"
86,"50 - 59 años",28.6509858428685,"(7, 35]"
86,"60 - 69 años",32.9822250751385,"(7, 35]"
86,"70 - 79 años",32.7926720913301,"(7, 35]"
86,"80 años o más",28.7107239125585,"(7, 35]"
87,"00 - 09 años",8.77558720608354,"(7, 35]"
87,"10 - 19 años",12.4340136005933,"(7, 35]"
87,"20 - 29 años",20.8904100729289,"(7, 35]"
87,"30 - 39 años",25.0705025415222,"(7, 35]"
87,"40 - 49 años",21.3097474909491,"(7, 35]"
87,"50 - 59 años",23.5030914793487,"(7, 35]"
87,"60 - 69 años",24.4456491733379,"(7, 35]"
87,"70 - 79 años",22.6640486013474,"(7, 35]"
87,"80 años o más",30.1736907361283,"(7, 35]"
88,"00 - 09 años",8.20942028956203,"(7, 35]"
88,"10 - 19 años",9.38490835458797,"(7, 35]"
88,"20 - 29 años",16.3954147166795,"(7, 35]"
88,"30 - 39 años",19.3306769596474,"(7, 35]"
88,"40 - 49 años",18.2927760719796,"(7, 35]"
88,"50 - 59 años",18.7771556702158,"(7, 35]"
88,"60 - 69 años",18.846985757222,"(7, 35]"
88,"70 - 79 años",18.9535627683835,"(7, 35]"
88,"80 años o más",18.6528270005157,"(7, 35]"
89,"00 - 09 años",7.36016991477975,"(7, 35]"
89,"10 - 19 años",9.7016985100171,"(7, 35]"
89,"20 - 29 años",17.3332195032351,"(7, 35]"
89,"30 - 39 años",20.749139603444,"(7, 35]"
89,"40 - 49 años",17.9108809556543,"(7, 35]"
89,"50 - 59 años",16.8361463200362,"(7, 35]"
89,"60 - 69 años",16.4633963820439,"(7, 35]"
89,"70 - 79 años",13.5382591202739,"(7, 35]"
89,"80 años o más",12.4352180003438,"(7, 35]"
90,"00 - 09 años",8.85646819415805,"(7, 35]"
90,"10 - 19 años",10.8896615928763,"(7, 35]"
90,"20 - 29 años",19.4351957489632,"(7, 35]"
90,"30 - 39 años",23.7510024077579,"(7, 35]"
90,"40 - 49 años",20.6987153048287,"(7, 35]"
90,"50 - 59 años",17.9754344168807,"(7, 35]"
90,"60 - 69 años",13.8580777626632,"(7, 35]"
90,"70 - 79 años",10.93089069711,"(7, 35]"
90,"80 años o más",10.6065094708815,"(7, 35]"
91,"00 - 09 años",12.6578746336597,"(7, 35]"
91,"10 - 19 años",17.8590450123172,"(7, 35]"
91,"20 - 29 años",32.1764056076846,"(7, 35]"
91,"30 - 39 años",36.0553411551102,"(35, 70]"
91,"40 - 49 años",28.9476498174541,"(7, 35]"
91,"50 - 59 años",25.8660593839152,"(7, 35]"
91,"60 - 69 años",17.1285841146518,"(7, 35]"
91,"70 - 79 años",13.3376923184921,"(7, 35]"
91,"80 años o más",13.7153139709674,"(7, 35]"
92,"00 - 09 años",14.6798993355222,"(7, 35]"
92,"10 - 19 años",18.7698167091759,"(7, 35]"
92,"20 - 29 años",31.8530246468033,"(7, 35]"
92,"30 - 39 años",35.7584536250132,"(35, 70]"
92,"40 - 49 años",30.1315246780624,"(7, 35]"
92,"50 - 59 años",24.8955547088254,"(7, 35]"
92,"60 - 69 años",17.2948810478037,"(7, 35]"
92,"70 - 79 años",12.5354251113647,"(7, 35]"
92,"80 años o más",12.0694762944513,"(7, 35]"
93,"00 - 09 años",16.5401620612358,"(7, 35]"
93,"10 - 19 años",19.3241994811769,"(7, 35]"
93,"20 - 29 años",42.6539487402371,"(35, 70]"
93,"30 - 39 años",44.4671545078578,"(35, 70]"
93,"40 - 49 años",39.335196981501,"(35, 70]"
93,"50 - 59 años",33.0815506639307,"(7, 35]"
93,"60 - 69 años",19.013282690374,"(7, 35]"
93,"70 - 79 años",16.0453441425468,"(7, 35]"
93,"80 años o más",18.6528270005157,"(7, 35]"
94,"00 - 09 años",21.0290568993707,"(7, 35]"
94,"10 - 19 años",27.7191386000489,"(7, 35]"
94,"20 - 29 años",64.6761921762504,"(35, 70]"
94,"30 - 39 años",70.8241696798002,"(70, 150]"
94,"40 - 49 años",55.5657394253242,"(35, 70]"
94,"50 - 59 años",43.1241642583382,"(35, 70]"
94,"60 - 69 años",27.7161555253265,"(7, 35]"
94,"70 - 79 años",21.0595141870927,"(7, 35]"
94,"80 años o más",25.967661118365,"(7, 35]"
95,"00 - 09 años",27.6208574274427,"(7, 35]"
95,"10 - 19 años",38.1732137292101,"(35, 70]"
95,"20 - 29 años",90.2232880858693,"(70, 150]"
95,"30 - 39 años",85.6025711779607,"(70, 150]"
95,"40 - 49 años",67.6336251012022,"(35, 70]"
95,"50 - 59 años",54.0106949615195,"(35, 70]"
95,"60 - 69 años",39.0797792907103,"(35, 70]"
95,"70 - 79 años",28.7813360556934,"(7, 35]"
95,"80 años o más",30.3565615890746,"(7, 35]"
96,"00 - 09 años",33.7273720270676,"(7, 35]"
96,"10 - 19 años",45.1029983792224,"(35, 70]"
96,"20 - 29 años",104.840107517702,"(70, 150]"
96,"30 - 39 años",104.405448084102,"(70, 150]"
96,"40 - 49 años",80.0834058934054,"(70, 150]"
96,"50 - 59 años",61.0574028197802,"(35, 70]"
96,"60 - 69 años",44.9001719510289,"(35, 70]"
96,"70 - 79 años",39.4113765501307,"(35, 70]"
96,"80 años o más",40.5973293540636,"(35, 70]"
97,"00 - 09 años",36.7604090798615,"(35, 70]"
97,"10 - 19 años",50.6072273298035,"(35, 70]"
97,"20 - 29 años",127.347422395037,"(70, 150]"
97,"30 - 39 años",112.784273933506,"(70, 150]"
97,"40 - 49 años",87.1866550570551,"(70, 150]"
97,"50 - 59 años",65.6989469180358,"(35, 70]"
97,"60 - 69 años",47.1728967041056,"(35, 70]"
97,"70 - 79 años",47.0329150178404,"(35, 70]"
97,"80 años o más",45.1691006777194,"(35, 70]"
98,"00 - 09 años",39.5912436624691,"(35, 70]"
98,"10 - 19 años",58.4081849072458,"(35, 70]"
98,"20 - 29 años",148.140818179701,"(70, 150]"
98,"30 - 39 años",124.758737647417,"(70, 150]"
98,"40 - 49 años",93.9843881276446,"(70, 150]"
98,"50 - 59 años",72.3658920773484,"(70, 150]"
98,"60 - 69 años",56.0974987832608,"(35, 70]"
98,"70 - 79 años",50.3422672472407,"(35, 70]"
98,"80 años o más",58.5186729427943,"(35, 70]"
99,"00 - 09 años",43.1904476317845,"(35, 70]"
99,"10 - 19 años",56.9034316689575,"(35, 70]"
99,"20 - 29 años",133.297632075252,"(70, 150]"
99,"30 - 39 años",114.598586617432,"(70, 150]"
99,"40 - 49 años",86.95751798726,"(70, 150]"
99,"50 - 59 años",70.2139034499753,"(70, 150]"
99,"60 - 69 años",59.0354112689454,"(35, 70]"
99,"70 - 79 años",56.3592713006958,"(35, 70]"
99,"80 años o más",63.0904442664501,"(35, 70]"
100,"00 - 09 años",45.4551152978705,"(35, 70]"
100,"10 - 19 años",61.5760864615371,"(35, 70]"
100,"20 - 29 años",127.379760491125,"(70, 150]"
100,"30 - 39 años",110.706061222827,"(70, 150]"
100,"40 - 49 años",77.3719505674961,"(70, 150]"
100,"50 - 59 años",67.428976991022,"(35, 70]"
100,"60 - 69 años",55.5431756727542,"(35, 70]"
100,"70 - 79 años",57.1615385078231,"(35, 70]"
100,"80 años o más",60.8959940310954,"(35, 70]"
101,"00 - 09 años",41.7750303404807,"(35, 70]"
101,"10 - 19 años",48.4292950112282,"(35, 70]"
101,"20 - 29 años",97.9844311470193,"(70, 150]"
101,"30 - 39 años",84.3490460508846,"(70, 150]"
101,"40 - 49 años",60.6831339840826,"(35, 70]"
101,"50 - 59 años",54.2638700941516,"(35, 70]"
101,"60 - 69 años",51.9400754544618,"(35, 70]"
101,"70 - 79 años",48.737732832986,"(35, 70]"
101,"80 años o más",64.9191527959125,"(35, 70]"
102,"00 - 09 años",31.6649068311678,"(7, 35]"
102,"10 - 19 años",39.3215780426407,"(35, 70]"
102,"20 - 29 años",79.810421145493,"(70, 150]"
102,"30 - 39 años",69.4386945393477,"(35, 70]"
102,"40 - 49 años",46.2856880986206,"(35, 70]"
102,"50 - 59 años",43.1241642583382,"(35, 70]"
102,"60 - 69 años",41.4079363548377,"(35, 70]"
102,"70 - 79 años",38.0074089376578,"(35, 70]"
102,"80 años o más",50.2894845602139,"(35, 70]"
103,"00 - 09 años",26.0436781599899,"(7, 35]"
103,"10 - 19 años",37.2624420323514,"(35, 70]"
103,"20 - 29 años",68.6537779950898,"(35, 70]"
103,"30 - 39 años",58.9156809725772,"(35, 70]"
103,"40 - 49 años",43.1541481447535,"(35, 70]"
103,"50 - 59 años",36.3728273881483,"(35, 70]"
103,"60 - 69 años",34.4234651624555,"(7, 35]"
103,"70 - 79 años",34.5977733073666,"(7, 35]"
103,"80 años o más",42.4260378835259,"(35, 70]"
104,"00 - 09 años",22.4444741906745,"(7, 35]"
104,"10 - 19 años",35.2429047914907,"(35, 70]"
104,"20 - 29 años",62.8005826031391,"(35, 70]"
104,"30 - 39 años",54.0995054843374,"(35, 70]"
104,"40 - 49 años",39.1442494233384,"(35, 70]"
104,"50 - 59 años",33.8832719172657,"(7, 35]"
104,"60 - 69 años",29.6562864120993,"(7, 35]"
104,"70 - 79 años",32.4918218886573,"(7, 35]"
104,"80 años o más",35.2940746186228,"(35, 70]"
105,"00 - 09 años",27.0142500168839,"(7, 35]"
105,"10 - 19 años",49.6172580940875,"(35, 70]"
105,"20 - 29 años",83.0765688503936,"(70, 150]"
105,"30 - 39 años",66.2718942183133,"(35, 70]"
105,"40 - 49 años",47.7750790522891,"(35, 70]"
105,"50 - 59 años",42.617813993074,"(35, 70]"
105,"60 - 69 años",37.4722422702414,"(35, 70]"
105,"70 - 79 años",38.3082591403306,"(35, 70]"
105,"80 años o más",43.1575212953108,"(35, 70]"
106,"00 - 09 años",55.4843578191089,"(35, 70]"
106,"10 - 19 años",122.874981537074,"(70, 150]"
106,"20 - 29 años",230.926344165302,"(150, 250]"
106,"30 - 39 años",180.837493332401,"(150, 250]"
106,"40 - 49 años",119.418602874906,"(70, 150]"
106,"50 - 59 años",94.7718913152912,"(70, 150]"
106,"60 - 69 años",84.0908158638405,"(70, 150]"
106,"70 - 79 años",75.2125506681883,"(70, 150]"
106,"80 años o más",64.0047985311813,"(35, 70]"
107,"00 - 09 años",132.725701430259,"(70, 150]"
107,"10 - 19 años",250.739408022156,"> 250"
107,"20 - 29 años",470.842679043103,"> 250"
107,"30 - 39 años",419.996892577185,"> 250"
107,"40 - 49 años",292.951743733101,"> 250"
107,"50 - 59 años",242.119818507187,"(150, 250]"
107,"60 - 69 años",215.299096120736,"(150, 250]"
107,"70 - 79 años",170.782631717233,"(150, 250]"
107,"80 años o más",131.667014121287,"(70, 150]"
108,"00 - 09 años",270.142500168839,"> 250"
108,"10 - 19 años",433.487728935336,"> 250"
108,"20 - 29 años",795.484825671792,"> 250"
108,"30 - 39 años",773.227078385895,"> 250"
108,"40 - 49 años",592.510272978629,"> 250"
108,"50 - 59 años",496.729610224225,"> 250"
108,"60 - 69 años",451.108147330214,"> 250"
108,"70 - 79 años",365.432712846504,"> 250"
108,"80 años o más",299.908198831821,"> 250"
109,"00 - 09 años",549.060587543762,"> 250"
109,"10 - 19 años",809.636439737999,"> 250"
109,"20 - 29 años",1327.67287299407,"> 250"
109,"30 - 39 años",1331.57355998827,"> 250"
109,"40 - 49 años",1040.09134931183,"> 250"
109,"50 - 59 años",961.60134959224,"> 250"
109,"60 - 69 años",917.127586333053,"> 250"
109,"70 - 79 años",790.433765822214,"> 250"
109,"80 años o más",676.256414195167,"> 250"
110,"00 - 09 años",732.013382568287,"> 250"
110,"10 - 19 años",1032.69630792953,"> 250"
110,"20 - 29 años",1565.19618876135,"> 250"
110,"30 - 39 años",1638.72020362526,"> 250"
110,"40 - 49 años",1344.99641018591,"> 250"
110,"50 - 59 años",1277.73269853888,"> 250"
110,"60 - 69 años",1210.41994410206,"> 250"
110,"70 - 79 años",1086.26979845042,"> 250"
110,"80 años o más",967.021070379676,"> 250"
111,"00 - 09 años",742.487470523935,"> 250"
111,"10 - 19 años",1013.88689245093,"> 250"
111,"20 - 29 años",1481.14947702831,"> 250"
111,"30 - 39 años",1577.09954737847,"> 250"
111,"40 - 49 años",1337.54945541756,"> 250"
111,"50 - 59 años",1292.7966189305,"> 250"
111,"60 - 69 años",1237.58177651688,"> 250"
111,"70 - 79 años",1150.85230862417,"> 250"
111,"80 años o más",1065.2227184118,"> 250"
112,"00 - 09 años",660.191065158128,"> 250"
112,"10 - 19 años",861.827617844948,"> 250"
112,"20 - 29 años",1218.56413679273,"> 250"
112,"30 - 39 años",1362.44986311835,"> 250"
112,"40 - 49 años",1192.62025877213,"> 250"
112,"50 - 59 años",1138.02222118139,"> 250"
112,"60 - 69 años",1108.09189790255,"> 250"
112,"70 - 79 años",1026.902025123,"> 250"
112,"80 años o más",990.062797850902,"> 250"
113,"00 - 09 años",524.836731615448,"> 250"
113,"10 - 19 años",709.213960466965,"> 250"
113,"20 - 29 años",950.934053567409,"> 250"
113,"30 - 39 años",1103.49796186711,"> 250"
113,"40 - 49 años",996.899011655439,"> 250"
113,"50 - 59 años",961.390370315047,"> 250"
113,"60 - 69 años",909.921385896468,"> 250"
113,"70 - 79 años",793.642834650723,"> 250"
113,"80 años o más",800.974335904498,"> 250"
114,"00 - 09 años",512.340618957937,"> 250"
114,"10 - 19 años",660.309480222593,"> 250"
114,"20 - 29 años",708.398332906471,"> 250"
114,"30 - 39 años",880.667376777655,"> 250"
114,"40 - 49 años",799.344667980386,"> 250"
114,"50 - 59 años",744.883436059143,"> 250"
114,"60 - 69 años",678.879513437347,"> 250"
114,"70 - 79 años",559.380810169539,"> 250"
114,"80 años o más",584.272375163212,"> 250"
115,"00 - 09 años",573.971931870709,"> 250"
115,"10 - 19 años",718.994856515839,"> 250"
115,"20 - 29 años",535.421856931089,"> 250"
115,"30 - 39 años",687.855419731343,"> 250"
115,"40 - 49 años",605.53289644532,"> 250"
115,"50 - 59 años",518.0807130762,"> 250"
115,"60 - 69 años",450.83098577496,"> 250"
115,"70 - 79 años",323.815101476773,"> 250"
115,"80 años o más",385.308887157711,"> 250"
116,"00 - 09 años",433.400774597223,"> 250"
116,"10 - 19 años",614.295710146512,"> 250"
116,"20 - 29 años",404.290877293741,"> 250"
116,"30 - 39 años",543.502105097526,"> 250"
116,"40 - 49 años",475.955883476162,"> 250"
116,"50 - 59 años",384.06667620293,"> 250"
116,"60 - 69 años",302.383256781312,"> 250"
116,"70 - 79 años",228.846720833074,"(150, 250]"
116,"80 años o más",257.482160948295,"> 250"
117,"00 - 09 años",182.103544649743,"(150, 250]"
117,"10 - 19 años",378.920624662668,"> 250"
117,"20 - 29 años",287.970745664755,"> 250"
117,"30 - 39 años",328.0937082605,"> 250"
117,"40 - 49 años",291.11864717474,"> 250"
117,"50 - 59 años",242.710560483328,"(150, 250]"
117,"60 - 69 años",176.163884518975,"(150, 250]"
117,"70 - 79 años",150.124251133704,"(150, 250]"
117,"80 años o más",162.755059122147,"(150, 250]"
118,"00 - 09 años",92.5682908512684,"(70, 150]"
118,"10 - 19 años",236.64224610556,"(150, 250]"
118,"20 - 29 años",204.926514910449,"(150, 250]"
118,"30 - 39 años",217.024784500888,"(150, 250]"
118,"40 - 49 años",197.592533186686,"(150, 250]"
118,"50 - 59 años",172.707636310546,"(150, 250]"
118,"60 - 69 años",117.571931738435,"(70, 150]"
118,"70 - 79 años",102.991052714973,"(70, 150]"
118,"80 años o más",122.157729768083,"(70, 150]"
119,"00 - 09 años",61.7121939008456,"(35, 70]"
119,"10 - 19 años",149.445755823692,"(70, 150]"
119,"20 - 29 años",139.118489371115,"(70, 150]"
119,"30 - 39 años",145.705802270926,"(70, 150]"
119,"40 - 49 años",140.384644761163,"(70, 150]"
119,"50 - 59 años",124.05581498974,"(70, 150]"
119,"60 - 69 años",82.7604403986248,"(70, 150]"
119,"70 - 79 años",71.6023482361153,"(70, 150]"
119,"80 años o más",89.2409762377614,"(70, 150]"
120,"00 - 09 años",38.4993503234633,"(35, 70]"
120,"10 - 19 años",94.1658737013089,"(70, 150]"
120,"20 - 29 años",96.7555834956706,"(70, 150]"
120,"30 - 39 años",102.62412290352,"(70, 150]"
120,"40 - 49 años",104.792019919649,"(70, 150]"
120,"50 - 59 años",87.6829876015918,"(70, 150]"
120,"60 - 69 años",60.532083667313,"(35, 70]"
120,"70 - 79 años",54.9553036882229,"(35, 70]"
120,"80 años o más",71.8682452078693,"(70, 150]"
121,"00 - 09 años",40.3596130491769,"(35, 70]"
121,"10 - 19 años",95.7102257090259,"(70, 150]"
121,"20 - 29 años",99.6013359514256,"(70, 150]"
121,"30 - 39 años",113.773899033829,"(70, 150]"
121,"40 - 49 años",102.500649221698,"(70, 150]"
121,"50 - 59 años",88.6112964212429,"(70, 150]"
121,"60 - 69 años",61.1418390888702,"(35, 70]"
121,"70 - 79 años",51.3451012561499,"(35, 70]"
121,"80 años o más",61.9932191487728,"(35, 70]"
122,"00 - 09 años",37.5692189606065,"(35, 70]"
122,"10 - 19 años",83.3950084167184,"(70, 150]"
122,"20 - 29 años",82.4944831208074,"(70, 150]"
122,"30 - 39 años",99.6552476025507,"(70, 150]"
122,"40 - 49 años",86.1937277546095,"(70, 150]"
122,"50 - 59 años",72.4924796436644,"(70, 150]"
122,"60 - 69 años",55.5986079838049,"(35, 70]"
122,"70 - 79 años",49.0385830356588,"(35, 70]"
122,"80 años o más",45.1691006777194,"(35, 70]"
123,"00 - 09 años",44.403662452902,"(35, 70]"
123,"10 - 19 años",112.064517483055,"(70, 150]"
123,"20 - 29 años",112.083841041442,"(70, 150]"
123,"30 - 39 años",137.491913938243,"(70, 150]"
123,"40 - 49 años",119.418602874906,"(70, 150]"
123,"50 - 59 años",93.6326032184467,"(70, 150]"
123,"60 - 69 años",75.9422661393945,"(70, 150]"
123,"70 - 79 años",62.4765587550418,"(35, 70]"
123,"80 años o más",66.3821196194823,"(35, 70]"
124,"00 - 09 años",55.4439173250716,"(35, 70]"
124,"10 - 19 años",160.137423569425,"(150, 250]"
124,"20 - 29 años",177.924204676865,"(150, 250]"
124,"30 - 39 años",198.419832614811,"(150, 250]"
124,"40 - 49 años",169.752379206575,"(150, 250]"
124,"50 - 59 años",146.293030805928,"(70, 150]"
124,"60 - 69 años",105.543120240443,"(70, 150]"
124,"70 - 79 años",92.7621458240989,"(70, 150]"
124,"80 años o más",90.3382013554388,"(70, 150]"
125,"00 - 09 años",83.1456557405888,"(70, 150]"
125,"10 - 19 años",263.331816700464,"> 250"
125,"20 - 29 años",230.796991780949,"(150, 250]"
125,"30 - 39 años",254.564563306483,"> 250"
125,"40 - 49 años",232.268609749019,"(150, 250]"
125,"50 - 59 años",188.02473183479,"(150, 250]"
125,"60 - 69 años",146.00870730742,"(70, 150]"
125,"70 - 79 años",123.749716699392,"(70, 150]"
125,"80 años o más",128.558209621201,"(70, 150]"
126,"00 - 09 años",103.042378806916,"(70, 150]"
126,"10 - 19 años",331.877286581442,"> 250"
126,"20 - 29 años",309.410903371182,"> 250"
126,"30 - 39 años",331.689346125007,"> 250"
126,"40 - 49 años",300.093182408383,"> 250"
126,"50 - 59 años",251.360710848259,"> 250"
126,"60 - 69 años",195.121734898298,"(150, 250]"
126,"70 - 79 años",166.169595276251,"(150, 250]"
126,"80 años o más",162.206446563308,"(150, 250]"
127,"00 - 09 años",119.299457409892,"(70, 150]"
127,"10 - 19 años",337.856700765167,"> 250"
127,"20 - 29 años",335.507746914299,"> 250"
127,"30 - 39 años",392.419339781511,"> 250"
127,"40 - 49 años",336.79330308724,"> 250"
127,"50 - 59 años",274.48403962866,"> 250"
127,"60 - 69 años",216.407742341749,"(150, 250]"
127,"70 - 79 años",198.059716759562,"(150, 250]"
127,"80 años o más",186.894011711049,"(150, 250]"
128,"00 - 09 años",158.203212673727,"(150, 250]"
128,"10 - 19 años",433.408531396478,"> 250"
128,"20 - 29 años",394.589448467304,"> 250"
128,"30 - 39 años",490.128324686759,"> 250"
128,"40 - 49 años",444.831431495654,"> 250"
128,"50 - 59 años",366.006850075172,"> 250"
128,"60 - 69 años",298.669291940918,"> 250"
128,"70 - 79 años",278.787854476751,"> 250"
128,"80 años o más",258.762256918919,"> 250"
129,"00 - 09 años",169.688312980307,"(150, 250]"
129,"10 - 19 años",418.954980555024,"> 250"
129,"20 - 29 años",381.524857647701,"> 250"
129,"30 - 39 años",475.448885698631,"> 250"
129,"40 - 49 años",443.456609076883,"> 250"
129,"50 - 59 años",377.31533933274,"> 250"
129,"60 - 69 años",332.483001681816,"> 250"
129,"70 - 79 años",289.417894971189,"> 250"
129,"80 años o más",296.799394331735,"> 250"
130,"00 - 09 años",152.015817086028,"(150, 250]"
130,"10 - 19 años",318.888890208848,"> 250"
130,"20 - 29 años",343.268889975449,"> 250"
130,"30 - 39 años",457.305758859371,"> 250"
130,"40 - 49 años",424.323663748988,"> 250"
130,"50 - 59 años",363.306315327096,"> 250"
130,"60 - 69 años",328.048416797764,"> 250"
130,"70 - 79 años",300.950486073644,"> 250"
130,"80 años o más",305.942936979047,"> 250"
131,"00 - 09 años",128.277247086161,"(70, 150]"
131,"10 - 19 años",209.437891508083,"(150, 250]"
131,"20 - 29 años",353.972799780618,"> 250"
131,"30 - 39 años",448.761995493247,"> 250"
131,"40 - 49 años",401.982799443961,"> 250"
131,"50 - 59 años",351.744650936896,"> 250"
131,"60 - 69 años",329.766818440334,"> 250"
131,"70 - 79 años",305.864372717299,"> 250"
131,"80 años o más",314.172125361627,"> 250"
132,"00 - 09 años",115.174527018092,"(70, 150]"
132,"10 - 19 años",151.386095525695,"(150, 250]"
132,"20 - 29 años",339.679361309667,"> 250"
132,"30 - 39 años",433.323843928205,"> 250"
132,"40 - 49 años",390.946030582161,"> 250"
132,"50 - 59 años",364.023644869554,"> 250"
132,"60 - 69 años",334.644861812792,"> 250"
132,"70 - 79 años",314.388461793027,"> 250"
132,"80 años o más",316.549446449928,"> 250"
133,"00 - 09 años",101.990925961948,"(70, 150]"
133,"10 - 19 años",122.003808609644,"(70, 150]"
133,"20 - 29 años",283.023016963272,"> 250"
133,"30 - 39 años",360.916274087887,"> 250"
133,"40 - 49 años",329.002642714205,"> 250"
133,"50 - 59 años",305.96214778592,"> 250"
133,"60 - 69 años",282.150463247823,"> 250"
133,"70 - 79 años",279.389554882097,"> 250"
133,"80 años o más",294.970685802273,"> 250"
134,"00 - 09 años",118.328885552997,"(70, 150]"
134,"10 - 19 años",132.655877585948,"(70, 150]"
134,"20 - 29 años",265.366416499155,"> 250"
134,"30 - 39 años",344.224597395769,"> 250"
134,"40 - 49 años",313.612269526297,"> 250"
134,"50 - 59 años",303.599179881354,"> 250"
134,"60 - 69 años",295.620514833132,"> 250"
134,"70 - 79 años",280.091538688333,"> 250"
134,"80 años o más",294.239202390488,"> 250"
135,"00 - 09 años",191.081334326013,"(150, 250]"
135,"10 - 19 años",225.119004201825,"(150, 250]"
135,"20 - 29 años",270.540511873255,"> 250"
135,"30 - 39 años",376.816250699747,"> 250"
135,"40 - 49 años",356.537280601256,"> 250"
135,"50 - 59 años",329.085476566321,"> 250"
135,"60 - 69 años",305.709195444351,"> 250"
135,"70 - 79 años",296.538016434444,"> 250"
135,"80 años o más",288.570205949155,"> 250"
136,"00 - 09 años",312.443256931804,"> 250"
136,"10 - 19 años",344.311300182036,"> 250"
136,"20 - 29 años",288.423479009989,"> 250"
136,"30 - 39 años",438.238981926477,"> 250"
136,"40 - 49 años",396.712646838672,"> 250"
136,"50 - 59 años",336.554142978968,"> 250"
136,"60 - 69 años",316.740225343431,"> 250"
136,"70 - 79 años",289.117044768516,"> 250"
136,"80 años o más",272.843312595779,"> 250"
137,"00 - 09 años",312.362375943729,"> 250"
137,"10 - 19 años",419.865752251883,"> 250"
137,"20 - 29 años",317.754132161918,"> 250"
137,"30 - 39 años",480.397011200247,"> 250"
137,"40 - 49 años",440.172311076486,"> 250"
137,"50 - 59 años",380.353440924326,"> 250"
137,"60 - 69 años",350.276773529076,"> 250"
137,"70 - 79 años",315.591862603718,"> 250"
137,"80 años o más",282.352596948983,"> 250"
138,"00 - 09 años",172.842671515212,"(150, 250]"
138,"10 - 19 años",286.853485741077,"> 250"
138,"20 - 29 años",282.279240753245,"> 250"
138,"30 - 39 años",394.134689955404,"> 250"
138,"40 - 49 años",379.871072208729,"> 250"
138,"50 - 59 años",338.495152329148,"> 250"
138,"60 - 69 años",319.068382407558,"> 250"
138,"70 - 79 años",293.328947605934,"> 250"
138,"80 años o más",285.461401449069,"> 250"
139,"00 - 09 años",123.707471259952,"(70, 150]"
139,"10 - 19 años",222.94107188325,"(150, 250]"
139,"20 - 29 años",232.058177528386,"(150, 250]"
139,"30 - 39 años",307.311581153712,"> 250"
139,"40 - 49 años",307.731084734888,"> 250"
139,"50 - 59 años",301.953541519245,"> 250"
139,"60 - 69 años",288.192585152345,"> 250"
139,"70 - 79 años",289.016761367625,"> 250"
139,"80 años o más",290.764656184509,"> 250"
140,"00 - 09 años",90.0205397269215,"(70, 150]"
140,"10 - 19 años",137.368131147956,"(70, 150]"
140,"20 - 29 años",176.307299872459,"(150, 250]"
140,"30 - 39 años",226.855060497432,"(150, 250]"
140,"40 - 49 años",227.418541771688,"(150, 250]"
140,"50 - 59 años",225.958805874169,"(150, 250]"
140,"60 - 69 años",228.658283083943,"(150, 250]"
140,"70 - 79 años",235.365141890984,"(150, 250]"
140,"80 años o más",243.583976124381,"(150, 250]"
141,"00 - 09 años",67.414303560098,"(35, 70]"
141,"10 - 19 años",103.194393131039,"(70, 150]"
141,"20 - 29 años",139.506546524172,"(70, 150]"
141,"30 - 39 años",187.929806551384,"(150, 250]"
141,"40 - 49 años",187.395933580801,"(150, 250]"
141,"50 - 59 años",185.914939062855,"(150, 250]"
141,"60 - 69 años",180.543037091977,"(150, 250]"
141,"70 - 79 años",190.037044688289,"(150, 250]"
141,"80 años o más",212.495931123522,"(150, 250]"
142,"00 - 09 años",44.2014599827157,"(35, 70]"
142,"10 - 19 años",59.7545430678196,"(35, 70]"
142,"20 - 29 años",97.6610501861381,"(70, 150]"
142,"30 - 39 años",123.967037567158,"(70, 150]"
142,"40 - 49 años",125.414356201213,"(70, 150]"
142,"50 - 59 años",137.136530175733,"(70, 150]"
142,"60 - 69 años",139.800288469747,"(70, 150]"
142,"70 - 79 años",153.834736966668,"(150, 250]"
142,"80 años o más",155.623095857244,"(150, 250]"
143,"00 - 09 años",44.4441029469392,"(35, 70]"
143,"10 - 19 años",63.5560249329692,"(35, 70]"
143,"20 - 29 años",116.320131628986,"(70, 150]"
143,"30 - 39 años",149.004552605336,"(70, 150]"
143,"40 - 49 años",148.175305134198,"(70, 150]"
143,"50 - 59 años",145.660092974348,"(70, 150]"
143,"60 - 69 años",148.447728993649,"(70, 150]"
143,"70 - 79 años",167.372996086942,"(150, 250]"
143,"80 años o más",175.373147975437,"(150, 250]"
144,"00 - 09 años",47.5175804937703,"(35, 70]"
144,"10 - 19 años",71.8321677435552,"(70, 150]"
144,"20 - 29 años",110.952007678358,"(70, 150]"
144,"30 - 39 años",143.792527076967,"(70, 150]"
144,"40 - 49 años",138.857064295862,"(70, 150]"
144,"50 - 59 años",146.588401793999,"(70, 150]"
144,"60 - 69 años",145.343519574812,"(70, 150]"
144,"70 - 79 años",153.333319962213,"(150, 250]"
144,"80 años o más",169.521280681157,"(150, 250]"
145,"00 - 09 años",49.2969622314094,"(35, 70]"
145,"10 - 19 años",74.9604705284179,"(70, 150]"
145,"20 - 29 años",103.126188425031,"(70, 150]"
145,"30 - 39 años",152.40226544978,"(150, 250]"
145,"40 - 49 años",132.517605364863,"(70, 150]"
145,"50 - 59 años",131.229110414317,"(70, 150]"
145,"60 - 69 años",129.87790479168,"(70, 150]"
145,"70 - 79 años",134.37975719383,"(70, 150]"
145,"80 años o más",143.736490415739,"(70, 150]"
146,"00 - 09 años",52.4917612603523,"(35, 70]"
146,"10 - 19 años",94.7598552427385,"(70, 150]"
146,"20 - 29 años",133.782703516574,"(70, 150]"
146,"30 - 39 años",177.769655521399,"(150, 250]"
146,"40 - 49 años",175.289858393291,"(150, 250]"
146,"50 - 59 años",165.871907729479,"(150, 250]"
146,"60 - 69 años",173.503133588544,"(150, 250]"
146,"70 - 79 años",170.180931311887,"(150, 250]"
146,"80 años o más",170.618505798835,"(150, 250]"
147,"00 - 09 años",61.7121939008456,"(35, 70]"
147,"10 - 19 años",121.093036912785,"(70, 150]"
147,"20 - 29 años",165.700404355554,"(150, 250]"
147,"30 - 39 años",228.471448161293,"(150, 250]"
147,"40 - 49 años",232.039472679223,"(150, 250]"
147,"50 - 59 años",239.503675469988,"(150, 250]"
147,"60 - 69 años",234.367811122161,"(150, 250]"
147,"70 - 79 años",234.863724886529,"(150, 250]"
147,"80 años o más",246.327038918575,"(150, 250]"
148,"00 - 09 años",64.1790640371179,"(35, 70]"
148,"10 - 19 años",125.60729662765,"(70, 150]"
148,"20 - 29 años",181.255028573942,"(150, 250]"
148,"30 - 39 años",236.091561433782,"(150, 250]"
148,"40 - 49 años",246.971571727541,"(150, 250]"
148,"50 - 59 años",272.374246856725,"> 250"
148,"60 - 69 años",276.496367520657,"> 250"
148,"70 - 79 años",290.821862583661,"> 250"
148,"80 años o más",277.597954772381,"> 250"
149,"00 - 09 años",60.822503032026,"(35, 70]"
149,"10 - 19 años",97.0961826390283,"(70, 150]"
149,"20 - 29 años",192.282319339992,"(150, 250]"
149,"30 - 39 años",239.192386748128,"(150, 250]"
149,"40 - 49 años",243.343568122451,"(150, 250]"
149,"50 - 59 años",255.580296392128,"> 250"
149,"60 - 69 años",271.507459526098,"> 250"
149,"70 - 79 años",294.532348416625,"> 250"
149,"80 años o más",308.320258067348,"> 250"
150,"00 - 09 años",63.8555400848199,"(35, 70]"
150,"10 - 19 años",117.410351355921,"(70, 150]"
150,"20 - 29 años",214.272224679918,"(150, 250]"
150,"30 - 39 años",263.768076739489,"> 250"
150,"40 - 49 años",268.930540916243,"> 250"
150,"50 - 59 años",285.539353753596,"> 250"
150,"60 - 69 años",292.959763902701,"> 250"
150,"70 - 79 años",329.631538728447,"> 250"
150,"80 años o más",332.642081509197,"> 250"
151,"00 - 09 años",60.822503032026,"(35, 70]"
151,"10 - 19 años",109.055011006478,"(70, 150]"
151,"20 - 29 años",179.153052328214,"(150, 250]"
151,"30 - 39 años",234.475173769921,"(150, 250]"
151,"40 - 49 años",239.906512075524,"(150, 250]"
151,"50 - 59 años",256.213234223708,"> 250"
151,"60 - 69 años",260.199268071765,"> 250"
151,"70 - 79 años",283.601457719515,"> 250"
151,"80 años o más",294.056331537542,"> 250"
152,"00 - 09 años",56.6571321461891,"(35, 70]"
152,"10 - 19 años",83.2762121084325,"(70, 150]"
152,"20 - 29 años",146.10351812615,"(70, 150]"
152,"30 - 39 años",195.945769864002,"(150, 250]"
152,"40 - 49 años",201.411484349938,"(150, 250]"
152,"50 - 59 años",220.177973679069,"(150, 250]"
152,"60 - 69 años",225.83123522036,"(150, 250]"
152,"70 - 79 años",233.259190472275,"(150, 250]"
152,"80 años o más",241.20665503608,"(150, 250]"
153,"00 - 09 años",42.9073641735237,"(35, 70]"
153,"10 - 19 años",61.259296306108,"(35, 70]"
153,"20 - 29 años",128.608608142474,"(70, 150]"
153,"30 - 39 años",166.586891887746,"(150, 250]"
153,"40 - 49 años",173.227624765134,"(150, 250]"
153,"50 - 59 años",189.248411642512,"(150, 250]"
153,"60 - 69 años",182.815761845053,"(150, 250]"
153,"70 - 79 años",198.460850363126,"(150, 250]"
153,"80 años o más",195.854683505415,"(150, 250]"
154,"00 - 09 años",35.6685157408557,"(35, 70]"
154,"10 - 19 años",44.8654057626505,"(35, 70]"
154,"20 - 29 años",114.088802998906,"(70, 150]"
154,"30 - 39 años",136.997101388081,"(70, 150]"
154,"40 - 49 años",137.405862853826,"(70, 150]"
154,"50 - 59 años",145.871072251541,"(70, 150]"
154,"60 - 69 años",147.283650461585,"(70, 150]"
154,"70 - 79 años",149.422267327467,"(70, 150]"
154,"80 años o más",164.766638504555,"(150, 250]"
