"fecha";"r.estimado";"r.liminf";"r.lisup";"r.liminf80";"r.lisup80"
"2020-03-08";2.56213767853899;0.820034010956189;3.99;1.4230542374738;3.70122111960418
"2020-03-09";2.49272654669642;1.04530506583723;3.94014802755562;1.54634547329163;3.43910762010122
"2020-03-10";2.51289896646689;1.18514160597557;3.8406563269582;1.64476909523046;3.38102883770332
"2020-03-11";2.47406680857797;1.24415650751243;3.7039771096435;1.66989480579026;3.27823881136567
"2020-03-12";2.46587471456564;1.29010083269122;3.64164859644005;1.69709267058039;3.23465675855088
"2020-03-13";2.53603508540991;1.35412644281682;3.71794372800301;1.76323845522018;3.30883171559965
"2020-03-14";2.60486363921726;1.38687513910655;3.82285213932797;1.8084714893795;3.40125578905501
"2020-03-15";2.5758372242305;1.35086906238682;3.80080538607417;1.77487797071115;3.37679647774984
"2020-03-16";2.72838162469961;1.43403774650003;3.99;1.88205911888903;3.57470413051019
"2020-03-17";2.58743644024616;1.31419586111279;3.86067701937953;1.75491125055894;3.41996162993338
"2020-03-18";2.37263735827372;1.23213648082289;3.51313823572456;1.62690510764392;3.11836960890353
"2020-03-19";2.19727430186588;1.21831092887339;3.17623767485836;1.55716546109578;2.83738314263598
"2020-03-20";2.04781763115139;1.21890753531262;2.87672772699017;1.5058233306267;2.58981193167609
"2020-03-21";1.86366934680348;1.18399356778551;2.54334512582145;1.41925401074278;2.30808468286418
"2020-03-22";1.69284088721737;1.15363143278426;2.23205034165048;1.34027136105789;2.04541041337685
"2020-03-23";1.562831474029;1.13703481743838;1.98862813061962;1.28441910551333;1.84124384254468
"2020-03-24";1.45151294705566;1.11641553248106;1.78661036163026;1.23240607759389;1.67061981651744
"2020-03-25";1.3770060958939;1.11019753346423;1.64381465832357;1.20255125275255;1.55146093903525
"2020-03-26";1.3068832311837;1.09032829119862;1.52343817116878;1.16528844282094;1.44847801954646
"2020-03-27";1.23499597882422;1.05893117191636;1.41106078573209;1.11987791081397;1.35011404683447
"2020-03-28";1.18241915553921;1.04037852609251;1.3244597849859;1.08954927369535;1.27528903738306
"2020-03-29";1.14057385524492;1.02356135558664;1.2575863549032;1.06407035458117;1.21707735590867
"2020-03-30";1.10864643251368;1.00699875476092;1.21029411026643;1.04219465246899;1.17509821255836
"2020-03-31";1.09029706966989;0.998748003091309;1.18184613624847;1.03045358416566;1.15014055517412
"2020-04-01";1.10619442262719;1.02164799986553;1.19074084538884;1.05093017728681;1.16145866796757
"2020-04-02";1.10790604678454;1.02611694986962;1.18969514369946;1.05444674538175;1.16136534818733
"2020-04-03";1.10636046525801;1.02761842385217;1.18510250666385;1.05489280638201;1.15782812413401
"2020-04-04";1.10617319153897;1.02991884124161;1.18242754183633;1.05633079221294;1.15601559086501
"2020-04-05";1.10171255373546;1.0292735587326;1.17415154873832;1.05436013359911;1.14906497387181
"2020-04-06";1.1057234437841;1.03134357057562;1.18010331699259;1.05710764415929;1.15433924340892
"2020-04-07";1.10389190210463;1.02878883198018;1.17899497222908;1.0548045315329;1.15297927267637
"2020-04-08";1.07359461964172;1.00161937095314;1.14556986833031;1.02654946394026;1.12063977534319
"2020-04-09";1.06711562062944;0.996647759004198;1.13758348225468;1.02106333953543;1.11316790172344
"2020-04-10";1.06523054546347;0.996091446808486;1.13436964411846;1.02005039793832;1.11041069298862
"2020-04-11";1.04800522597152;0.982629548267737;1.11338090367531;1.00528252608274;1.09072792586031
"2020-04-12";1.04951911697837;0.989099813459657;1.10993842049708;1.01003226992121;1.08900596403553
"2020-04-13";1.07987059242671;1.01782799524289;1.14191318961052;1.03932676097405;1.12041442387936
"2020-04-14";1.10683399151668;1.04061283632468;1.17305514670868;1.06355941972652;1.15010856330684
"2020-04-15";1.15655623063472;1.08506853031526;1.22804393095418;1.10983130565041;1.20328115561903
"2020-04-16";1.17846923009981;1.09303996992211;1.26389849027751;1.12262386597491;1.2343145942247
"2020-04-17";1.19057547564597;1.09527906230912;1.28587188898281;1.12827278967536;1.25287816161658
"2020-04-18";1.20879591682077;1.10591736575085;1.31167446789069;1.14153272924898;1.27605910439256
"2020-04-19";1.21482476830617;1.10470742547909;1.32494211113325;1.14282697711961;1.28682255949274
"2020-04-20";1.30487889362833;1.18086208069439;1.42889570656227;1.22379432381952;1.38596346343715
"2020-04-21";1.3089258445127;1.16034470029053;1.45750698873487;1.21177655271731;1.40607513630809
"2020-04-22";1.29215217864948;1.13417669312107;1.45012766417789;1.18885982393166;1.3954445333673
"2020-04-23";1.30048233849791;1.14319916863667;1.45776550835914;1.19764200893378;1.40332266806203
"2020-04-24";1.34905038780175;1.18506722450652;1.51303355109697;1.24182905241202;1.45627172319148
"2020-04-25";1.3815878479669;1.20096234668784;1.56221334924595;1.26348414308931;1.49969155284448
"2020-04-26";1.39689648823001;1.20109385411783;1.59269912234219;1.26886850561517;1.52492447084486
"2020-04-27";1.42016854671201;1.21102790578807;1.62930918763596;1.28341931275851;1.55691778066552
"2020-04-28";1.47060453676037;1.24372619911492;1.69748287440583;1.32225716458842;1.61895190893232
"2020-04-29";1.50561144412812;1.25488438280587;1.75633850545036;1.34167008387619;1.66955280438004
"2020-04-30";1.56472333596328;1.28632038985608;1.84312628207049;1.38268559975438;1.74676107217219
"2020-05-01";1.65659371951717;1.33583568370964;1.9773517553247;1.44686144757698;1.86632599145736
"2020-05-02";1.66571317589856;1.30474121977656;2.02668513202056;1.4296863686554;1.90173998314172
"2020-05-03";1.65902445465111;1.28147072549749;2.03657818380472;1.41215538768842;1.90589352161379
"2020-05-04";1.68583241047026;1.29754493922655;2.07411988171397;1.43194492909236;1.93971989184817
"2020-05-05";1.66295807714796;1.27142582843671;2.0544903258592;1.40694893506224;1.91896721923368
"2020-05-06";1.61208987503854;1.23663026531075;1.98754948476633;1.36659005724;1.85758969283709
"2020-05-07";1.54184467170403;1.19946550791645;1.88422383549161;1.31797499532999;1.76571434807808
"2020-05-08";1.47420063326498;1.17341192377318;1.77498934275679;1.27752549559945;1.67087577093052
"2020-05-09";1.42105213949952;1.16072915351614;1.68137512548291;1.25083611452783;1.59126816447122
"2020-05-10";1.39256796652448;1.16432589987753;1.62081003317143;1.2433285291501;1.54180740389885
"2020-05-11";1.36234590040367;1.15774062415863;1.5669511766487;1.2285617458907;1.49613005491664
"2020-05-12";1.32342319544958;1.14020831500378;1.50663807589538;1.20362547722827;1.44322091367089
"2020-05-13";1.27449545913204;1.11419940772558;1.4347915105385;1.16968355937433;1.37930735888975
"2020-05-14";1.2300879796306;1.0938389751628;1.3663369840984;1.14099960332895;1.31917635593225
"2020-05-15";1.21675739354253;1.10034188273825;1.33317290434681;1.1406374595323;1.29287732755276
"2020-05-16";1.18985963061191;1.08699103292304;1.29272822830077;1.12259755636571;1.2571217048581
"2020-05-17";1.1534375238969;1.06445783892697;1.24241720886684;1.09525693608912;1.21161811170468
"2020-05-18";1.13951213331444;1.06406146588704;1.21496280074184;1.09017773441695;1.18884653221193
"2020-05-19";1.11760582704719;1.05157912846581;1.18363252562856;1.0744335689987;1.16077808509567
"2020-05-20";1.14266612576883;1.08367477102565;1.201657480512;1.10409406522706;1.18123818631059
"2020-05-21";1.12537181622127;1.06635641076669;1.18438722167585;1.08678400879551;1.16395962364704
"2020-05-22";1.11225423013243;1.05707141230275;1.16743704796212;1.07617250840279;1.14833595186208
"2020-05-23";1.10460887329639;1.05377488476455;1.15544286182824;1.07137077613304;1.13784697045975
"2020-05-24";1.0827324813675;1.03634112581632;1.12912383691868;1.05239920190179;1.11306576083321
"2020-05-25";1.07643521990649;1.03578782422182;1.11708261559115;1.0498578946673;1.10301254514567
"2020-05-26";1.05558916321168;1.01919713725881;1.09198118916455;1.03179446611992;1.07938386030343
"2020-05-27";1.01971182172995;0.988900719446207;1.0505229240137;0.999566833700229;1.03985680975968
"2020-05-28";1.02938921079981;1.0026833652911;1.05609505630851;1.01192947276487;1.04684894883474
"2020-05-29";1.0100313628982;0.985741772531723;1.03432095326469;0.994152139648955;1.02591058614745
"2020-05-30";1.00006651590644;0.977058947326623;1.02307408448627;0.985026095461979;1.01510693635091
"2020-05-31";0.995912405532623;0.973452686941962;1.01837212412328;0.9812297968318;1.01059501423345
"2020-06-01";1.01826866114632;0.995359968942909;1.04117735334974;1.00329330070958;1.03324402158307
"2020-06-02";1.01345536028434;0.994540761828705;1.03236995873998;1.00109233278255;1.02581838778614
"2020-06-03";1.0003901416604;0.9827989198424;1.01798136347839;0.988893541852762;1.01188674146803
"2020-06-04";0.993751702643963;0.976124057280927;1.011379348007;0.982231336488875;1.00527206879905
"2020-06-05";0.995289424183593;0.977264748061891;1.0133141003053;0.983508908816621;1.00706993955057
"2020-06-06";0.986475075795748;0.968977495706875;1.00397265588462;0.975039198602131;0.997910952989364
"2020-06-07";0.978762018898127;0.961084255805669;0.996439781990585;0.967206802315399;0.990317235480855
"2020-06-08";0.935176713679863;0.916669100771242;0.953684326588483;0.923078409878114;0.947275017481611
"2020-06-09";0.931914494595938;0.903907788161305;0.959921201030572;0.913602840735698;0.950226148456178
"2020-06-10";0.941829675260454;0.908732302558393;0.974927047962516;0.920189339935619;0.96347001058529
"2020-06-11";0.928655936957443;0.897049642614307;0.96026223130058;0.907990563592962;0.949321310321924
"2020-06-12";0.925198495807188;0.891354529324914;0.959042462289463;0.903069772179566;0.94732721943481
"2020-06-13";0.930837295693874;0.89535435734497;0.966320234042779;0.907636874687175;0.954037716700573
"2020-06-14";0.935329981875232;0.900948368168179;0.969711595582284;0.912849694620414;0.957810269130049
"2020-06-15";0.936502731730031;0.903496321949994;0.969509141510069;0.914922090021497;0.958083373438566
"2020-06-16";0.945141554095433;0.91310348715608;0.977179621034787;0.924194200045923;0.966088908144943
"2020-06-17";0.933182497423782;0.904297852717046;0.962067142130519;0.914297121682148;0.952067873165416
"2020-06-18";0.943987324558433;0.913544771058642;0.974429878058224;0.924083062896871;0.963891586219994
"2020-06-19";0.936033524291028;0.907633245676942;0.964433802905115;0.917464937367796;0.954602111214261
"2020-06-20";0.935158461625963;0.906193146522061;0.964123776729866;0.916220118991508;0.954096804260419
"2020-06-21";0.929500724388242;0.900351044399553;0.958650404376931;0.910441721389908;0.948559727386576
"2020-06-22";0.902863030838042;0.872679689301549;0.933046372374535;0.88312848186083;0.922597579815253
"2020-06-23";0.895994035563996;0.859547696890646;0.932440374237345;0.872163882905266;0.919824188222726
"2020-06-24";0.894963147189253;0.854445206739624;0.935481087638881;0.868470468874026;0.921455825504479
"2020-06-25";0.884488143157752;0.842487139475188;0.926489146840316;0.857025699899145;0.91195058641636
"2020-06-26";0.876016218413925;0.83123331525149;0.92079912157636;0.846734699670528;0.905297737157323
"2020-06-27";0.85710178252532;0.810198406094992;0.904005158955647;0.826433678884245;0.887769886166394
"2020-06-28";0.857220701969244;0.804584872477751;0.909856531460737;0.822804323757084;0.891637080181404
"2020-06-29";0.838327707556492;0.784941199984914;0.89171421512807;0.803420414937455;0.873235000175529
"2020-06-30";0.847869276078842;0.788460199860332;0.907278352297352;0.809024076961706;0.886714475195978
"2020-07-01";0.878072278149248;0.816766830342027;0.93937772595647;0.837987235739557;0.91815732055894
"2020-07-02";0.873044707987899;0.81960544658105;0.926483969394748;0.838103094292643;0.907986321683155
"2020-07-03";0.867736207230967;0.816603013406721;0.918869401055214;0.834302503109428;0.901169911352506
"2020-07-04";0.875109274522047;0.823438371052868;0.926780177991226;0.841324033082788;0.908894515961306
"2020-07-05";0.885605355943222;0.835179810763228;0.936030901123215;0.852634419872292;0.918576292014151
"2020-07-06";0.916048992222899;0.867074891349156;0.965023093096642;0.88402719398855;0.948070790457248
"2020-07-07";0.902570685607602;0.860856696618549;0.944284674596655;0.87529661394996;0.929844757265244
"2020-07-08";0.869127289165668;0.829048189955325;0.909206388376011;0.842922754921216;0.895331823410121
"2020-07-09";0.876560870256604;0.83113188390111;0.921989856612099;0.846857207851477;0.906264532661732
"2020-07-10";0.891173228687178;0.843717915221198;0.938628542153157;0.860144783909144;0.922201673465211
"2020-07-11";0.893285898392667;0.847810907768039;0.938760889017296;0.863552632338583;0.923019164446752
"2020-07-12";0.893526272374316;0.849474308398803;0.937578236349828;0.864723425603962;0.922329119144669
"2020-07-13";0.88711107465442;0.844074397417938;0.930147751890902;0.8589720284735;0.91525012083534
"2020-07-14";0.892182347584282;0.847669244171705;0.93669545099686;0.863078126452248;0.921286568716316
"2020-07-15";0.900592182299868;0.856168035164158;0.945016329435578;0.871546250143349;0.929638114456387
"2020-07-16";0.89218622155137;0.84987234328034;0.9345000998224;0.864520315405619;0.919852127697122
"2020-07-17";0.893325931509128;0.850158977475948;0.936492885542307;0.865102152769078;0.921549710249177
"2020-07-18";0.90273515209525;0.859221878579579;0.94624842561092;0.874284749264083;0.931185554926417
"2020-07-19";0.902036461507745;0.860220510262993;0.943852412752496;0.874696034757932;0.929376888257557
"2020-07-20";0.921822685418817;0.879514460545802;0.964130910291832;0.894160655455374;0.94948471538226
"2020-07-21";0.927261648961448;0.887967552489164;0.966555745433732;0.901571427578579;0.952951870344316
"2020-07-22";0.929038045389162;0.892372484654607;0.965703606123716;0.905066536563542;0.953009554214782
"2020-07-23";0.962333816824886;0.925910717032568;0.998756916617204;0.938521301960475;0.986146331689296
"2020-07-24";0.953648842414296;0.921632035600844;0.985665649227748;0.932718817973145;0.974578866855447
"2020-07-25";0.959476341017126;0.92866033114674;0.990292350887513;0.939331989459582;0.979620692574671
"2020-07-26";0.956718778458388;0.927044797459679;0.986392759457096;0.937322132199356;0.97611542471742
"2020-07-27";0.942712746876226;0.913251303516137;0.972174190236315;0.923456844502948;0.961968649249505
"2020-07-28";0.941787927254751;0.91106720635674;0.972508648152763;0.921708861100457;0.961866993409046
"2020-07-29";0.940946151905582;0.909688538168423;0.972203765642741;0.920515176208197;0.961377127602967
"2020-07-30";0.93793611861178;0.906158096477732;0.969714140745827;0.917164534601307;0.958707702622253
"2020-07-31";0.947187174033089;0.915035454855776;0.979338893210403;0.926169578323592;0.968204769742587
"2020-08-01";0.96171793241425;0.929715999019275;0.993719865809225;0.940799311941384;0.982636552887116
"2020-08-02";0.979684330455882;0.949023844813774;1.01034481609799;0.959644567448787;0.999724093462978
"2020-08-03";0.985537231864874;0.95678761411602;1.01428684961373;0.966748257735095;1.00432620599465
"2020-08-04";0.992249878744988;0.963467860155877;1.0210318973341;0.973442201888285;1.01105755560169
"2020-08-05";0.999380000671971;0.970181507635738;1.0285784937082;0.980301859758458;1.01845814158548
"2020-08-06";0.992401655464436;0.963065341610286;1.02173796931858;0.973233977326563;1.01156933360231
"2020-08-07";0.983550587997327;0.955649629640661;1.01145154635399;0.9653206819484;1.00178049404625
"2020-08-08";0.961496959477693;0.935381965709414;0.987611953245972;0.944433561738835;0.978560357216552
"2020-08-09";0.949514094785825;0.922331546370608;0.976696643201043;0.93175238366354;0.967275805908111
"2020-08-10";0.949857039035663;0.920045551322773;0.979668526748553;0.930374070151229;0.969340007920098
"2020-08-11";0.950653187193083;0.918787812980681;0.982518561405484;0.929827401778108;0.971478972608057
"2020-08-12";0.950367001804816;0.918964611458841;0.981769392150791;0.929841313096467;0.970892690513164
"2020-08-13";0.944864557572987;0.913558645981766;0.976170469164209;0.924401216353702;0.965327898792273
"2020-08-14";0.946794937525315;0.914346483553391;0.97924339149724;0.925584236377048;0.968005638673582
"2020-08-15";0.948705750049842;0.916733187694912;0.980678312404771;0.927805051849133;0.969606448250551
"2020-08-16";0.952757416305226;0.920804494544532;0.98471033806592;0.93186995451732;0.973644878093132
"2020-08-17";0.953484011692208;0.921825512129552;0.985142511254864;0.932790134480816;0.9741778889036
"2020-08-18";0.972636028199378;0.940159895655213;1.00511216074354;0.951409221803943;0.993862834594813
"2020-08-19";0.982948379787768;0.952193374120731;1.01370338545481;0.962849589522589;1.00304717005295
"2020-08-20";1.00810897590469;0.977835333871431;1.03838261793796;0.988327494702382;1.02789045710701
"2020-08-21";1.01209897343588;0.982354015348628;1.04184393152313;0.99266273626329;1.03153521060847
"2020-08-22";1.01223101738896;0.982078788572399;1.04238324620551;0.992527683144185;1.03193435163373
"2020-08-23";1.01708064077345;0.986894870571124;1.04726641097578;0.997355066608036;1.03680621493887
"2020-08-24";1.02555484303419;0.994809944383308;1.05629974168508;1.00546385285671;1.04564583321168
"2020-08-25";1.01643603142724;0.985191392650963;1.04768067020351;0.996017085342099;1.03685497751237
"2020-08-26";1.02526024543115;0.994412309253715;1.05610818160859;1.00510276385717;1.04541772700513
"2020-08-27";1.01341024082661;0.982362782989718;1.0444576986635;0.993121865604026;1.03369861604919
"2020-08-28";1.02361640856557;0.995101068059669;1.05213174907147;1.00498196192032;1.04225085521082
"2020-08-29";1.02797806621528;0.998886731840979;1.05706940058957;1.00896694078944;1.04698919164111
"2020-08-30";1.02333618686479;0.993576039440133;1.05309633428945;1.00388760148616;1.04278477224343
"2020-08-31";1.0193302756087;0.989766111716121;1.04889443950127;1.00001082325748;1.03864972795992
"2020-09-01";1.02450554153032;0.99637262341381;1.05263845964683;1.00612067708659;1.04289040597405
"2020-09-02";1.02105594682969;0.992610343254796;1.04950155040458;1.00246687678576;1.03964501687362
"2020-09-03";1.02424358238264;0.995352481441168;1.05313468332411;1.00536515337688;1.04312201138839
"2020-09-04";1.03045161441245;1.00120980132713;1.05969342749777;1.01134392324112;1.04955930558379
"2020-09-05";1.02168512242271;0.992777427781913;1.05059281706351;1.0027932781305;1.04057696671492
"2020-09-06";1.01229262697349;0.984956113593502;1.03962914035347;0.994427378722772;1.0301578752242
"2020-09-07";1.00319110540606;0.977406542156285;1.02897566865584;0.986340743733124;1.020041467079
"2020-09-08";0.991982728657964;0.966064103552894;1.01790135376303;0.975047566722454;1.00891789059347
"2020-09-09";0.980798616606495;0.953514085717813;1.00808314749518;0.962973563920352;0.998623669292638
"2020-09-10";0.975496376701828;0.946748193373871;1.00424456002979;0.956714381892016;0.994278371511641
"2020-09-11";0.956780611936199;0.927731781096563;0.985829442775835;0.937799734994066;0.975761488878332
"2020-09-12";0.953209301834438;0.922319269431314;0.984099334237562;0.933019722290516;0.973398881378361
"2020-09-13";0.955293466589106;0.923472385663464;0.987114547514748;0.934492282742133;0.976094650436079
"2020-09-14";0.943395893709176;0.909811447600575;0.976980339817777;0.921444929284784;0.965346858133568
"2020-09-15";0.942934138174355;0.907025679449793;0.978842596898916;0.919462994940117;0.966405281408592
"2020-09-16";0.933529242268017;0.897074724049705;0.969983760486328;0.909700779388296;0.957357705147737
"2020-09-17";0.931487728880772;0.892887310586105;0.97008814717544;0.906255743878124;0.956719713883421
"2020-09-18";0.906772751958625;0.868610604322869;0.944934899594381;0.881825736541921;0.931719767375329
"2020-09-19";0.910050754191019;0.866962165295286;0.953139343086753;0.881880366595996;0.938221141786043
"2020-09-20";0.944967907987609;0.899874095400335;0.990061720574882;0.915485197543624;0.974450618431593
"2020-09-21";0.987916876431566;0.947146106382399;1.02868764648073;0.96126353542467;1.01457021743846
"2020-09-22";0.997495410745685;0.963920064808516;1.03107075668285;0.975552047822617;1.01943877366875
"2020-09-23";1.02752208461288;0.995499943458182;1.05954422576759;1.00659653063101;1.04844763859476
"2020-09-24";1.03590995156627;1.00207413955861;1.06974576357392;1.01379697566829;1.05802292746424
"2020-09-25";1.07719996512685;1.04065099633381;1.11374893391989;1.05330993209009;1.10108999816361
"2020-09-26";1.07761599282446;1.03310902238597;1.12212296326296;1.04851777218598;1.10671421346294
"2020-09-27";1.04141043085135;0.995441831350789;1.08737903035191;1.01135530280717;1.07146555889554
"2020-09-28";1.02005528692924;0.980251656098493;1.05985891775998;0.994034551285873;1.0460760225726
"2020-09-29";0.999334602677043;0.96571829171577;1.03295091363832;0.977364225861318;1.02130497949277
"2020-09-30";0.965729557742747;0.937122733859518;0.994336381625976;0.947037429926666;0.984421685558828
"2020-10-01";0.964703914650807;0.936116609434447;0.993291219867168;0.946022885393453;0.983384943908162
"2020-10-02";0.956041256523613;0.925399571098141;0.986682941949086;0.936016210550376;0.976066302496851
"2020-10-03";0.954395618422379;0.922295258774308;0.98649597807045;0.933413718631665;0.975377518213093
"2020-10-04";0.955610678438228;0.922535215047479;0.988686141828977;0.933990234933578;0.977231121942878
"2020-10-05";0.936699182548284;0.903156883272532;0.970241481824036;0.914775066387722;0.958623298708847
"2020-10-06";0.95002557811264;0.912654294219361;0.98739686200592;0.925596768010755;0.974454388214526
"2020-10-07";0.968889496909379;0.931609602759199;1.00616939105956;0.944522228036716;0.993256765782041
"2020-10-08";0.971432685323384;0.937581024355196;1.00528434629157;0.949309302201959;0.99355606844481
"2020-10-09";0.965622590610315;0.933700433865951;0.997544747354678;0.944761775413107;0.986483405807522
"2020-10-10";0.975239019201575;0.943606354670408;1.00687168373274;0.95456665118697;0.99591138721618
"2020-10-11";0.974570590413823;0.94432041112464;1.00482076970301;0.954802390761479;0.994338790066167
"2020-10-12";0.947093487400138;0.917072342225226;0.977114632575049;0.927476599440648;0.966710375359628
"2020-10-13";0.967980341575621;0.934033863119616;1.00192682003163;0.945795512823889;0.990165170327354
"2020-10-14";0.981254246450741;0.948904142628052;1.01360435027343;0.960113199550258;1.00239529335122
"2020-10-15";0.979062058950822;0.949035429820478;1.00908868808117;0.959440352911145;0.9986837649905
"2020-10-16";0.973482005404833;0.94229851347608;1.00466549733359;0.953107998645942;0.993856012163725
"2020-10-17";0.970451656027852;0.939514696663711;1.00138861539199;0.950237596315819;0.990665715739884
"2020-10-18";0.984826964782757;0.954818248332152;1.01483568123336;0.965216151599664;1.00443777796585
"2020-10-19";1.02572999148524;0.995760237846926;1.05569974512356;1.00614611301341;1.04531386995708
"2020-10-20";0.9962861979883;0.966480619025937;1.02609177695066;0.976808447447957;1.01576394852864
"2020-10-21";0.974113126540035;0.943743747072145;1.00448250600792;0.954272184498139;0.993954068581931
"2020-10-22";0.956633694940482;0.925806389466093;0.987461000414871;0.936494846937982;0.976772542942982
"2020-10-23";0.955589009198663;0.92195834490186;0.989219673495465;0.933616027906564;0.977561990490761
"2020-10-24";0.952620592150721;0.919804891519518;0.985436292781923;0.931173867835279;0.974067316466162
"2020-10-25";0.951653494529812;0.918654639355213;0.98465234970441;0.930084266618318;0.973222722441305
"2020-10-26";0.950394179075656;0.916588989271824;0.984199368879488;0.928297662631929;0.972490695519383
"2020-10-27";0.963820172416061;0.92864814527247;0.998992199559652;0.940830806161968;0.986809538670154
"2020-10-28";0.981441128857565;0.947817886376509;1.01506437133862;0.959465246060368;1.00341701165476
"2020-10-29";0.98141308744011;0.950098389399149;1.01272778548107;0.960948843384175;1.00187733149605
"2020-10-30";0.984226191134514;0.953885860099617;1.01456652216941;0.964399310681148;1.00405307158788
"2020-10-31";0.981224911189752;0.951673665432438;1.01077615694707;0.961913791315331;1.00053603106417
"2020-11-01";0.989623738408351;0.960154408594153;1.01909306822255;0.970366051004818;1.00888142581189
"2020-11-02";1.00448390087733;0.975371281162824;1.03359652059184;0.985459392799172;1.02350840895549
"2020-11-03";0.99917410880604;0.969771041444433;1.02857717616765;0.979960733697774;1.01838748391431
"2020-11-04";0.98172640795236;0.952235336042761;1.01121747986196;0.962456591048472;1.00099622485625
"2020-11-05";0.993962738624623;0.962812541060634;1.02511293618861;0.973611675803002;1.01431380144624
"2020-11-06";0.997707567361928;0.966412610611283;1.02900252411257;0.977262481015438;1.01815265370842
"2020-11-07";1.0086704493325;0.978071364062302;1.03926953460269;0.988678448212031;1.02866245045297
"2020-11-08";1.0058295919155;0.976380129730594;1.0352790541004;0.986586007322175;1.02507317650882
"2020-11-09";0.995846868102334;0.966641575745278;1.02505216045939;0.976762914851998;1.01493082135267
"2020-11-10";1.0034193407298;0.972986131262788;1.03385255019681;0.98353623166551;1.02330244979409
"2020-11-11";1.00831144807225;0.977323404470947;1.03929949167355;0.988066450764612;1.02855644537988
"2020-11-12";1.00319714322865;0.972938939087558;1.03345534736975;0.98342710214883;1.02296718430848
"2020-11-13";0.997823098132371;0.966213295941177;1.02943290032357;0.977173091232927;1.01847310503182
"2020-11-14";0.995206745472166;0.963854867161372;1.02655862378296;0.974725204837413;1.01568828610692
"2020-11-15";0.992386827317185;0.962630044164619;1.02214361046975;0.972944573484039;1.01182908115033
"2020-11-16";0.986828885396602;0.956572199296393;1.01708557149681;0.967061005426493;1.00659676536671
"2020-11-17";0.974078483124194;0.943133476843686;1.0050234894047;0.953861625183475;0.994295341064913
"2020-11-18";0.982030921306254;0.949036746196737;1.01502509641577;0.960474994557216;1.00358684805529
"2020-11-19";0.992782810127902;0.961411504356031;1.02415411589977;0.972284201272266;1.01328141898354
"2020-11-20";1.01140783111439;0.981372244893858;1.04144341733493;0.991781502511491;1.0310341597173
"2020-11-21";1.00989980690543;0.980619808189715;1.03917980562115;0.990766990640376;1.02903262317049
"2020-11-22";1.01212321664529;0.982579605394732;1.04166682789586;0.992818224452421;1.03142820883817
"2020-11-23";1.02241499840423;0.990705179025332;1.05412481778313;1.00169746711914;1.04313252968933
"2020-11-24";1.03032494459976;0.997076250716883;1.06357363848264;1.00860134872901;1.05204854047051
"2020-11-25";1.02878352971485;0.993275625919179;1.06429143351053;1.00558381297964;1.05198324645006
"2020-11-26";1.02557596781358;0.990677550035502;1.06047438559165;1.00277253415362;1.04837940147354
"2020-11-27";1.0123577070132;0.978924696199032;1.04579071782737;0.990510943340379;1.03420447068602
"2020-11-28";1.01261951629728;0.982080607744968;1.04315842484959;0.992663248671423;1.03257578392314
"2020-11-29";1.00793325262661;0.97889301239493;1.0369734928583;0.988955601292359;1.02691090396087
"2020-11-30";1.01550068266902;0.98400824499221;1.04699312034584;0.994926445540041;1.03607491979801
"2020-12-01";1.03982296260652;1.00677200648942;1.07287391872362;1.01823185098754;1.0614140742255
"2020-12-02";1.05484355699703;1.02028576154521;1.08940135244885;1.03226221338208;1.07742490061198
"2020-12-03";1.07186850292441;1.03351397599094;1.11022302985788;1.04680155716841;1.0969354486804
"2020-12-04";1.08359165826847;1.04091821657884;1.12626509995809;1.05569640167905;1.11148691485788
"2020-12-05";1.09006159374198;1.04335726140905;1.13676592607492;1.0595280866402;1.12059510084376
"2020-12-06";1.0888911335912;1.03935180746065;1.13843045972176;1.05650286883161;1.12127939835079
"2020-12-07";1.0933777708888;1.04276029499884;1.14399524677876;1.06028454710763;1.12647099466997
"2020-12-08";1.06021820595729;1.00953814171199;1.11089827020258;1.02708435694324;1.09335205497133
"2020-12-09";1.06774279585399;1.02320436621451;1.11228122549347;1.03862666729342;1.09685892441455
"2020-12-10";1.07334279647586;1.03019521337861;1.11649037957311;1.0451364533262;1.10154913962552
"2020-12-11";1.07937631562335;1.03618615252156;1.12256647872513;1.05114138052265;1.10761125072404
"2020-12-12";1.08403081675246;1.04006700102219;1.12799463248273;1.05528892055181;1.11277271295312
"2020-12-13";1.09197178837203;1.04674077722665;1.1372027995174;1.06240053948626;1.12154303725779
"2020-12-14";1.09837776142748;1.05066154086416;1.14609398199079;1.06718118173848;1.12957434111648
"2020-12-15";1.12686849111542;1.07610261164096;1.17763437058989;1.09367712670489;1.16005985552595
"2020-12-16";1.11147065425489;1.0534438872828;1.16949742122698;1.07353107883868;1.14941022967109
"2020-12-17";1.09339826155835;1.03685583961839;1.14994068349831;1.05642923815632;1.13036728496038
"2020-12-18";1.08360459675663;1.03259704477335;1.1346121487399;1.0502544118869;1.11695478162635
"2020-12-19";1.07591280460892;1.02881357791453;1.1230120313033;1.04511906177929;1.10670654743854
"2020-12-20";1.07754499956458;1.03418277271278;1.12090722641637;1.04919479174203;1.10589520738713
"2020-12-21";1.08570908403187;1.04279216030333;1.1286260077604;1.05765094136997;1.11376722669377
"2020-12-22";1.08071290787795;1.03730529142772;1.12412052432817;1.052333349017;1.10909246673889
"2020-12-23";1.09102282677082;1.04756806732541;1.13447758621624;1.06261300728096;1.11943264626069
"2020-12-24";1.08367718738303;1.03938974833224;1.12796462643383;1.0547216471401;1.11263272762597
"2020-12-25";1.05991923755398;1.01736428340563;1.10247419170233;1.03209650067017;1.08774197443779
"2020-12-26";1.09635374797032;1.05747229244192;1.13523520349872;1.07093400126628;1.12177349467436
"2020-12-27";1.12287328860956;1.07825597702671;1.16749060019242;1.09370179930142;1.15204477791771
"2020-12-28";1.16703226905476;1.11093131225761;1.22313322585191;1.13035202913599;1.20371250897352
"2020-12-29";1.17728877104135;1.10560151029346;1.24897603178925;1.13041593070115;1.22416161138155
"2020-12-30";1.17914361108635;1.09813203973896;1.26015518243373;1.12617365319168;1.23211356898101
"2020-12-31";1.17202556165104;1.08778134418359;1.25626977911849;1.116941610658;1.22710951264408
"2021-01-01";1.17883355890941;1.09480732898408;1.26285978883473;1.12389204771408;1.23377507010473
"2021-01-02";1.16908699417848;1.08443756666649;1.25373642169047;1.11373801431555;1.22443597404141
"2021-01-03";1.16055449348578;1.07877760314482;1.24233138382675;1.10708381401389;1.21402517295767
"2021-01-04";1.17979426615259;1.0998242887164;1.25976424358878;1.12750526668196;1.23208326562321
"2021-01-05";1.19203926859155;1.10812794853366;1.27595058864945;1.13717307120569;1.24690546597741
"2021-01-06";1.20333243574014;1.11435785218721;1.29230701929307;1.14515545150983;1.26150941997045
"2021-01-07";1.22231871065348;1.12740240503586;1.3172350162711;1.16025653747922;1.28438088382774
"2021-01-08";1.22741569866063;1.12529854414521;1.32953285317604;1.16064504289973;1.29418635442152
"2021-01-09";1.18940761300657;1.08636373564902;1.29245149036412;1.12203098397496;1.25678424203819
"2021-01-10";1.13958145308135;1.04899006892599;1.23017283723672;1.0803470552586;1.1988158509041
"2021-01-11";1.09826742314097;1.02562130747136;1.17091353881058;1.05076697774284;1.1457678685391
"2021-01-12";1.07572005327308;1.01973251528027;1.13170759126589;1.03911222484254;1.11232788170362
"2021-01-13";1.05453317244919;1.00974106726658;1.0993252776318;1.02524613360034;1.08382021129804
"2021-01-14";1.03701429959601;1.00029954777328;1.07372905141875;1.01300933566721;1.06101926352482
"2021-01-15";1.03921511562564;1.00718202043474;1.07124821081653;1.01827232564674;1.06015790560453
"2021-01-16";1.03547368663782;1.00628658393829;1.06466078933735;1.0163923416092;1.05455503166645
"2021-01-17";1.03804116609761;1.0114948126575;1.06458751953771;1.02068649761285;1.05539583458236
"2021-01-18";1.04266285529554;1.01722594715962;1.06809976343146;1.02603470433546;1.05929100625562
"2021-01-19";1.04081521324743;1.01621285628128;1.06541757021358;1.02473283273671;1.05689759375815
"2021-01-20";1.03800164101015;1.01380816421387;1.06219511780644;1.02218725322533;1.05381602879498
"2021-01-21";1.03537215769556;1.01181603368021;1.0589282817109;1.01997470651502;1.05076960887609
"2021-01-22";1.02495777896209;1.00193670696299;1.04797885096119;1.00991084239651;1.04000471552767
"2021-01-23";1.01143162289431;0.989968052814979;1.03289519297364;0.997403559759132;1.02545968602948
"2021-01-24";0.998792201872095;0.979065381050863;1.01851902269333;0.985899481374312;1.01168492236988
"2021-01-25";0.988219541033218;0.967786653684269;1.00865242838217;0.974866915612939;1.0015721664535
"2021-01-26";0.973944204322688;0.953239183886581;0.994649224758794;0.960411643005591;0.987476765639784
"2021-01-27";0.957389284271665;0.934125433760379;0.980653134782951;0.942182880281063;0.972595688262267
"2021-01-28";0.952494931180062;0.925308611021838;0.979681251338286;0.934722178947047;0.970267683413078
"2021-01-29";0.936825741370604;0.907488263565553;0.966163219175654;0.9176461126987;0.956005370042507
"2021-01-30";0.927571206024902;0.89475246565876;0.960389946391044;0.906114139421849;0.949028272627955
"2021-01-31";0.923024174706193;0.887239904214825;0.958808445197561;0.899627400532747;0.946420948879639
"2021-02-01";0.931172511191392;0.893369468110429;0.968975554272355;0.906455340967348;0.955889681415437
"2021-02-02";0.935019670182365;0.898329736143538;0.971709604221193;0.911030749420068;0.959008590944662
"2021-02-03";0.938122668693564;0.903577010935774;0.972668326451354;0.915535667786646;0.960709669600482
"2021-02-04";0.937041254860101;0.903834507699397;0.970248002020805;0.915330401144644;0.958752108575558
"2021-02-05";0.949846305852644;0.917356906598732;0.982335705106556;0.928604177723557;0.971088433981731
"2021-02-06";0.969870089941959;0.939569779757258;1.00017040012666;0.950060397226959;0.98967978265696
"2021-02-07";0.982932830662815;0.956986728059534;1.00887893326609;0.965971817397294;0.999893843928336
"2021-02-08";0.972302327638597;0.949544500906112;0.995060154371083;0.957427869188021;0.987176786089173
"2021-02-09";0.98073916606026;0.958035313267972;1.00344301885255;0.96590058538691;0.995577746733611
"2021-02-10";0.996614631917165;0.975315288685338;1.01791397514899;0.982693988322806;1.01053527551152
"2021-02-11";0.996605769972387;0.97551686141138;1.01769467853339;0.982825269741842;1.01038627020293
"2021-02-12";0.989714347155931;0.969014788740209;1.01041390557165;0.97618868941446;1.0032400048974
"2021-02-13";0.986014734528161;0.965717401143912;1.00631206791241;0.972752574398037;0.999276894658284
"2021-02-14";0.991009470527024;0.970849503756458;1.01116943729759;0.977837356413701;1.00418158464035
"2021-02-15";0.989127187484784;0.968691629531607;1.00956274543796;0.975776377863698;1.00247799710587
"2021-02-16";0.984016388253648;0.963803451640469;1.00422932486683;0.970810873608207;0.997221902899088
"2021-02-17";0.98231804807031;0.962154278868742;1.00248181727188;0.969143849533255;0.995492246607364
"2021-02-18";0.987633244727206;0.967092185160675;1.00817430429374;0.974212257188231;1.00105423226618
"2021-02-19";1.00428490024143;0.984190414629312;1.02437938585355;0.991155231171007;1.01741456931186
"2021-02-20";1.01753944763164;0.997551573620143;1.03752732164314;1.00448023066442;1.03059866459886
"2021-02-21";1.0260464793455;1.00450992278905;1.04758303590196;1.01197417316707;1.04011878552394
"2021-02-22";1.04884623385731;1.0250163251263;1.07267614258832;1.03327298485091;1.06441948286371
"2021-02-23";1.05716936191731;1.02866403260958;1.08567469122503;1.03853506686274;1.07580365697188
"2021-02-24";1.06107815600167;1.02875471858534;1.093401593418;1.03994589533897;1.08221041666438
"2021-02-25";1.07180775367869;1.0377420628644;1.10587344449299;1.04953498543902;1.09408052191837
"2021-02-26";1.07625013242773;1.03862582727227;1.11387443758318;1.05165044619358;1.10084981866188
"2021-02-27";1.07884414676085;1.03891640452122;1.11877188900049;1.05273833982217;1.10494995369954
"2021-02-28";1.08242339808914;1.04156582863059;1.12328096754768;1.05570925527541;1.10913754090286
"2021-03-01";1.10241616236261;1.05989402713452;1.1449382975907;1.07461353639437;1.13021878833085
"2021-03-02";1.11361982879378;1.06568401681103;1.16155564077654;1.08227700739497;1.14496265019259
"2021-03-03";1.11847711188304;1.06560540164996;1.17134882211611;1.08390670368009;1.15304752008598
"2021-03-04";1.12114327480134;1.06544130720868;1.17684524239401;1.08472208589664;1.15756446370605
"2021-03-05";1.12872394167061;1.07076185269871;1.18668603064252;1.09082502844482;1.16662285489641
"2021-03-06";1.12988399821653;1.06974208495876;1.1900259114743;1.0905596348116;1.16920836162146
"2021-03-07";1.11988787325964;1.0594905720129;1.18028517450637;1.08039643627629;1.15937931024298
"2021-03-08";1.10817784424607;1.05080010137511;1.16555558711704;1.07066081802334;1.14569487046881
"2021-03-09";1.1086862088589;1.05533799661707;1.16203442110072;1.07380403325786;1.14356838445994
"2021-03-10";1.1131708746964;1.06156267553862;1.16477907385417;1.07942640636955;1.14691534302324
"2021-03-11";1.10666129204648;1.05499613135333;1.15832645273962;1.07287967303921;1.14044291105374
"2021-03-12";1.10546228431196;1.05560329607721;1.15532127254671;1.07286164863641;1.13806291998751
"2021-03-13";1.10136631319668;1.05280878791839;1.14992383847498;1.06961664849208;1.13311597790129
"2021-03-14";1.09708138616006;1.05034579008216;1.14381698223796;1.06652298274155;1.12763978957856
"2021-03-15";1.11171397014472;1.06582854330618;1.15759939698325;1.08171164405516;1.14171629623427
"2021-03-16";1.11167864455111;1.06302891979209;1.16032836931012;1.07986877760853;1.14348851149368
"2021-03-17";1.10896589073381;1.05968944167238;1.15824233979525;1.07674604167407;1.14118573979356
"2021-03-18";1.10564342895578;1.0564325403566;1.15485431755496;1.0734665613692;1.13782029654236
"2021-03-19";1.1032329371726;1.05505732461353;1.15140854973168;1.07173298365683;1.13473289068838
"2021-03-20";1.09650981567891;1.04979623592071;1.14322339543712;1.06596575612896;1.12705387522887
"2021-03-21";1.09047950094058;1.04629926217107;1.13465973971008;1.06159184508568;1.11936715679547
"2021-03-22";1.08677638286815;1.04479155143668;1.12876121429963;1.05932438553132;1.11422838020499
"2021-03-23";1.0842020531993;1.04413463926328;1.12426946713531;1.05800386281627;1.11040024358232
"2021-03-24";1.07630035775436;1.03804132474085;1.11455939076786;1.0512845797047;1.10131613580402
"2021-03-25";1.07472510882492;1.0390512273031;1.11039899034674;1.05139966707765;1.09805055057218
"2021-03-26";1.07532939601272;1.04109444614385;1.10956434588158;1.05294483375547;1.09771395826996
"2021-03-27";1.06097596122811;1.02748093559462;1.0944709868616;1.03907534275983;1.0828765796964
"2021-03-28";1.04485605962283;1.01519523337395;1.07451688587171;1.02546249565423;1.06424962359143
"2021-03-29";1.04275712788501;1.01725785581325;1.06825639995677;1.02608507520027;1.05942918056974
"2021-03-30";1.03297223115538;1.00964311359466;1.0563013487161;1.01771964900116;1.0482248133096
"2021-03-31";1.02400211435745;1.00305247757734;1.04495175113756;1.01030605004872;1.03769817866618
"2021-04-01";1.03464005852051;1.01527186770239;1.05400824933863;1.02197900076049;1.04730111628052
"2021-04-02";0.995472154641576;0.976692397832659;1.01425191145049;0.983196125826349;1.0077481834568
"2021-04-03";0.996579972852223;0.979124836971737;1.01403510873271;0.985170794075863;1.00798915162858
"2021-04-04";1.00625028265981;0.988951042417292;1.02354952290233;0.99494235324829;1.01755821207133
"2021-04-05";1.00680503323923;0.990334982067812;1.02327508441066;0.996041140442009;1.01756892603646
"2021-04-06";1.00997696982865;0.994663657078457;1.02529028257884;0.999969515369163;1.01998442428813
"2021-04-07";1.00854871867786;0.99354509949768;1.02355233785805;0.998745187421874;1.01835224993385
"2021-04-08";0.988737862242037;0.974437873001663;1.00303785148241;0.97939411255987;0.998081611924205
"2021-04-09";1.01170889307132;0.996623443309364;1.02679434283328;1.0018496712926;1.02156811485004
"2021-04-10";1.01074114899232;0.996485893299421;1.02499640468521;1.00142710047812;1.02005519750652
"2021-04-11";0.997681431305895;0.983868685358134;1.01149417725366;0.988656266367153;1.00670659624464
"2021-04-12";0.983159280196312;0.969287130451307;0.997031429941317;0.974095425030096;0.992223135362527
"2021-04-13";0.973671665074728;0.957917460256932;0.989425869892524;0.963376667733238;0.983966662416218
"2021-04-14";0.972890562042413;0.954992999804673;0.990788124280152;0.961191971862719;0.984589152222106
"2021-04-15";0.974391597567643;0.955704493702569;0.993078701432718;0.962175688822226;0.98660750631306
"2021-04-16";0.972395904283481;0.953839118906864;0.990952689660099;0.960265039579059;0.984526768987904
"2021-04-17";0.967516500179151;0.948648650668687;0.986384349689614;0.955182425848506;0.979850574509795
"2021-04-18";0.967393259364867;0.947698284242091;0.987088234487644;0.954517933249078;0.980268585480657
"2021-04-19";0.962040302609789;0.942165608004904;0.981914997214674;0.949047444323929;0.975033160895648
"2021-04-20";0.964391947484961;0.942813119521718;0.985970775448204;0.950285422894738;0.978498472075184
"2021-04-21";0.95798271076568;0.936928989784553;0.979036431746808;0.944219167982424;0.971746253548936
"2021-04-22";0.948624289136457;0.92697093895515;0.970277639317763;0.934467849497249;0.962780728775665
"2021-04-23";0.945808700256257;0.921588918936609;0.970028481575905;0.929973983931088;0.961643416581426
"2021-04-24";0.947587356583961;0.921759159450791;0.973415553717131;0.930700794070514;0.964473919097407
"2021-04-25";0.947511832470487;0.921748924623237;0.973274740317736;0.930667736033479;0.964355928907495
"2021-04-26";0.942138010298357;0.91643410462755;0.967841915969163;0.92533261479942;0.958943405797294
"2021-04-27";0.931679633167446;0.905207973739478;0.958151292595413;0.914372058313662;0.948987208021229
"2021-04-28";0.929356903236866;0.900606025273551;0.95810778120018;0.910558470962765;0.948155335510966
"2021-04-29";0.92212855518267;0.892111834034078;0.952145276331263;0.902502313526448;0.941754796838893
"2021-04-30";0.919602305408095;0.887272789334555;0.951931821481636;0.89846381647503;0.94074079434116
"2021-05-01";0.918019733589638;0.884362830623438;0.951676636555838;0.896013237908689;0.940026229270587
"2021-05-02";0.928347447337106;0.893491460695649;0.963203433978564;0.905556877172894;0.951138017501318
"2021-05-03";0.938740410387615;0.905159334629066;0.972321486146164;0.916783931344048;0.960696889431182
"2021-05-04";0.94661357156515;0.915998022830456;0.977229120299845;0.926596371413163;0.966630771717137
"2021-05-05";0.959638503962326;0.931658172553613;0.987618835371039;0.941344662882822;0.977932345041831
"2021-05-06";0.978667139651558;0.953571663421569;1.00376261588155;0.962260513855817;0.995073765447299
"2021-05-07";0.991701878287852;0.970352449846836;1.01305130672887;0.977745306617688;1.00565844995802
"2021-05-08";1.00059314632186;0.980705071979791;1.02048122066393;0.987593194157265;1.01359309848645
"2021-05-09";1.00721008493104;0.988142939908834;1.02627722995325;0.994746076389489;1.01967409347259
"2021-05-10";1.02324478547755;1.00329331819288;1.04319625276222;1.01020325491219;1.0362863160429
"2021-05-11";1.03566258518872;1.01360487988629;1.05772029049115;1.02124258860888;1.05008258176856
"2021-05-12";1.04354396563248;1.01836760508796;1.068720326177;1.02708394586296;1.060003985402
"2021-05-13";1.04517447039973;1.01732713449206;1.07302180630739;1.02696773929899;1.06338120150046
"2021-05-14";1.05536239442919;1.02654954017519;1.08417524868319;1.03652411222849;1.07420067662988
"2021-05-15";1.06295642664317;1.03182228993302;1.09409056335332;1.0425999948759;1.08331285841044
"2021-05-16";1.06853860411841;1.03514904516504;1.10192816307177;1.04670710044089;1.09037010779593
"2021-05-17";1.07604225487567;1.03997952549551;1.11210498425583;1.05246319071012;1.09962131904122
"2021-05-18";1.08081991134065;1.04231974318493;1.11932007949637;1.0556469565907;1.1059928660906
"2021-05-19";1.07534173861489;1.03548517433959;1.11519830289018;1.04928163776696;1.10140183946281
"2021-05-20";1.08794100229985;1.04890593025517;1.12697607434453;1.06241794220699;1.11346406239271
"2021-05-21";1.05209842525136;1.01201789939849;1.09217895110423;1.02589163408777;1.07830521641494
"2021-05-22";1.04972996536986;1.01733632852748;1.08212360221224;1.02854980346712;1.0709101272726
"2021-05-23";1.0553218491512;1.02677645556654;1.08386724273586;1.03665807536195;1.07398562294045
"2021-05-24";1.05408887086289;1.02571760737818;1.08246013434759;1.03553947871217;1.0726382630136
"2021-05-25";1.05733709253753;1.02938498033684;1.08528920473822;1.03906203382524;1.07561215124981
"2021-05-26";1.06280391044018;1.03466800335404;1.09093981752631;1.04440830931931;1.08119951156105
"2021-05-27";1.04858996305769;1.0197086787183;1.07747124739707;1.02970664125209;1.06747328486328
"2021-05-28";1.06977352456376;1.04311504047969;1.09643200864784;1.0523437724768;1.08720327665073
"2021-05-29";1.06136364170148;1.03141194762431;1.09131533577866;1.04178011781301;1.08094716558996
"2021-05-30";1.04138045180524;1.01241720436454;1.07034369924595;1.02244325563628;1.0603176479742
"2021-05-31";1.03940414072401;1.01471953378823;1.06408874765979;1.02326514778993;1.05554313365809
"2021-06-01";1.04281658452126;1.0200175813002;1.06561558774232;1.0279110869223;1.05772208212021
"2021-06-02";1.0366384414926;1.01446660497446;1.05881027801074;1.02214289544589;1.05113398753931
"2021-06-03";1.03246636858242;1.01182588375469;1.05310685341015;1.01897225569357;1.04596048147127
"2021-06-04";1.02613260339118;1.00649820879881;1.04576699798355;1.01329719274227;1.03896801404009
"2021-06-05";1.01879790494302;1.00096347782038;1.03663233206566;1.00713951179944;1.0304562980866
"2021-06-06";1.0102475596871;0.994205635959967;1.02628948341424;0.999761357981055;1.02073376139315
"2021-06-07";0.987516017228695;0.97213784829504;1.00289418616235;0.977465727021374;0.997566307436016
"2021-06-08";0.965976787585335;0.949855474196233;0.982098100974436;0.955440355771283;0.976513219399387
"2021-06-09";0.954066702138345;0.933556238789773;0.974577165486918;0.940658272560567;0.967475131716124
"2021-06-10";0.942156808788184;0.917790531932214;0.966523085644154;0.926225734550592;0.958087883025776
"2021-06-11";0.933445186498763;0.905119194655295;0.961771178342231;0.914924470253858;0.951965902743668
"2021-06-12";0.926744504614127;0.895228868057521;0.958260141170733;0.906137982489761;0.947351026738493
"2021-06-13";0.918521582739575;0.884680489457372;0.952362676021778;0.896394461264574;0.940648704214576
"2021-06-14";0.906577719245325;0.870402489912639;0.942752948578011;0.882924408114449;0.930231030376201
"2021-06-15";0.891083444339513;0.851748755854683;0.930418132824344;0.865364302666567;0.91680258601246
"2021-06-16";0.877327587576892;0.833844946856337;0.920810228297447;0.848896110914316;0.905759064239468
"2021-06-17";0.867117389643666;0.819192009485786;0.915042769801546;0.835780897648456;0.898453881638875
"2021-06-18";0.853396657401128;0.80216102067371;0.904632294128545;0.819895663641692;0.886897651160564
"2021-06-19";0.845083938824472;0.789859547607714;0.90030833004123;0.808974764942439;0.881193112706505
"2021-06-20";0.852084741536615;0.792872662983597;0.911296820089633;0.81336814654521;0.89080133652802
"2021-06-21";0.805017577801889;0.749490106110663;0.860545049493116;0.768710271887745;0.841324883716033
"2021-06-22";0.810424763463133;0.743714829043903;0.877134697882363;0.766805611667707;0.854043915258559
"2021-06-23";0.81246761372235;0.743153975677818;0.881781251766881;0.767145979229699;0.857789248215
"2021-06-24";0.814258168417216;0.744741772305895;0.883774564528538;0.768803931533072;0.859712405301361
"2021-06-25";0.810355807427655;0.741816186054766;0.878895428800543;0.7655402545008;0.855171360354509
"2021-06-26";0.815453587695671;0.746245588608826;0.884661586782516;0.770201000082554;0.860706175308788
"2021-06-27";0.81292268695763;0.745308070834354;0.880537303080905;0.768711970169034;0.857133403746226
"2021-06-28";0.81462433889761;0.74713312206881;0.882115555726411;0.770494319381464;0.858754358413757
"2021-06-29";0.795091774061599;0.729805746651336;0.860377801471861;0.75240368761575;0.837779860507447
"2021-06-30";0.787743022052495;0.719265798251767;0.856220245853222;0.742968324043139;0.832517720061851
"2021-07-01";0.791763913744332;0.720006341261775;0.863521486226889;0.744844296294364;0.8386835311943
"2021-07-02";0.795479488926464;0.723054590753173;0.867904387099755;0.748123571413696;0.842835406439232
"2021-07-03";0.796736737042463;0.725051329664867;0.86842214442006;0.749864340965512;0.843609133119414
"2021-07-04";0.812250939475244;0.73998049222294;0.884521386727548;0.764995997821298;0.859505881129191
"2021-07-05";0.839396982405419;0.768469209717273;0.910324755093565;0.79302003156309;0.885773933247749
"2021-07-06";0.827845028525368;0.764546204257272;0.891143852793464;0.786456544760878;0.869233512289858
"2021-07-07";0.818704439398827;0.757073633358323;0.88033524543933;0.778406630634843;0.85900224816281
"2021-07-08";0.806384345933914;0.744833041726283;0.867935650141545;0.766138432555924;0.846630259311904
"2021-07-09";0.794455659829645;0.730925415599746;0.857985904059544;0.752915832222328;0.835995487436962
"2021-07-10";0.798627528382569;0.731138329073869;0.866116727691269;0.754499047494276;0.842756009270862
"2021-07-11";0.795258334533712;0.72755257909498;0.862964089972444;0.750988162816077;0.839528506251346
"2021-07-12";0.779970744411838;0.711973539169508;0.847967949654168;0.735510160295294;0.824431328528382
"2021-07-13";0.771715875656172;0.700777619850596;0.842654131461748;0.725332233108631;0.818099518203713
"2021-07-14";0.771968340171276;0.697928920043463;0.846007760299089;0.7235568871283;0.820379793214252
"2021-07-15";0.767209650410821;0.692171181211236;0.842248119610405;0.718144988380675;0.816274312440967
"2021-07-16";0.752676549999699;0.677195475046067;0.828157624953331;0.703322585406026;0.802030514593373
"2021-07-17";0.76280051952723;0.683120577112705;0.842480461941755;0.710700892329701;0.814900146724759
"2021-07-18";0.788861185433074;0.707264395841123;0.870457975025025;0.735508177685848;0.8422141931803
"2021-07-19";0.796534988714726;0.719050400536078;0.874019576893374;0.745871058564238;0.847198918865215
"2021-07-20";0.814254781088048;0.738942932945457;0.889566629230639;0.765011569693585;0.863497992482512
"2021-07-21";0.818158828440181;0.74712079560553;0.889196861274833;0.771710365365424;0.864607291514938
"2021-07-22";0.82905534699073;0.759740477348409;0.898370216633052;0.783733966407098;0.874376727574362
"2021-07-23";0.860077580505291;0.791519714007475;0.928635447003107;0.815251532291415;0.904903628719167
"2021-07-24";0.862942896091976;0.800768213627888;0.925117578556064;0.822290671815881;0.903595120368072
"2021-07-25";0.863004647072511;0.804541950144161;0.92146734400086;0.82477966548877;0.901229628656252
"2021-07-26";0.851948397806953;0.795172001771169;0.908724793842738;0.814827323347733;0.889069472266173
"2021-07-27";0.84483642572228;0.788211394931856;0.901461456512704;0.807814469744115;0.881858381700445
"2021-07-28";0.848590906309495;0.79092478598457;0.906257026634419;0.810887845201302;0.886293967417688
"2021-07-29";0.846849605859549;0.789610696220784;0.904088515498315;0.809425514947643;0.884273696771456
"2021-07-30";0.838493199330254;0.780619136359312;0.896367262301195;0.800654471749579;0.876331926910929
"2021-07-31";0.849843264423186;0.789962905268806;0.909723623577566;0.810692058744218;0.888994470102154
"2021-08-01";0.869814407744191;0.809768070148348;0.929860745340034;0.830554675939548;0.909074139548833
"2021-08-02";0.870062752751037;0.812711956255352;0.927413549246722;0.832566745231345;0.907558760270729
"2021-08-03";0.876615884644251;0.820059019843747;0.933172749444755;0.83963977836199;0.913591990926512
"2021-08-04";0.875735496548197;0.821171742027382;0.930299251069011;0.840062641312493;0.9114083517839
"2021-08-05";0.879164456876757;0.825525066003034;0.93280384775048;0.844095682467856;0.914233231285658
"2021-08-06";0.895619859466555;0.841935092433503;0.949304626499606;0.860521675733585;0.930718043199524
"2021-08-07";0.89890698902127;0.847181371068846;0.950632606973694;0.865090978969743;0.932722999072797
"2021-08-08";0.893307332704415;0.842406264288575;0.944208401120255;0.860032477133611;0.926582188275219
"2021-08-09";0.897512372158905;0.845302817455492;0.949721926862317;0.863384095099188;0.931640649218621
"2021-08-10";0.89040085765246;0.84068654750967;0.940115167795249;0.85790152028371;0.922900195021209
"2021-08-11";0.894819118683204;0.844845101338212;0.944793136028197;0.862148810839934;0.927489426526474
"2021-08-12";0.897846476408393;0.847497528952658;0.948195423864128;0.86493170090263;0.930761251914156
"2021-08-13";0.893665087214712;0.843362242546032;0.943967931883392;0.860781398347671;0.926548776081753
"2021-08-14";0.890834763141864;0.840370653240948;0.941298873042781;0.857845052639942;0.923824473643787
"2021-08-15";0.894248546422527;0.843046053629447;0.945451039215608;0.860775545945392;0.927721546899663
"2021-08-16";0.888041307724712;0.83608257516545;0.940000040283974;0.854075486679154;0.922007128770271
"2021-08-17";0.885443413087992;0.833557890436032;0.937328935739953;0.851523581102501;0.919363245073484
"2021-08-18";0.879587547121931;0.827062693410104;0.932112400833758;0.845249286101051;0.91392580814281
"2021-08-19";0.875401350595653;0.82019493529678;0.930607765894526;0.839311314939889;0.911491386251416
"2021-08-20";0.874631539432958;0.816851466869632;0.932411611996283;0.836860008255775;0.91240307061014
"2021-08-21";0.879442260553093;0.82050590716578;0.938378613940406;0.840914221709225;0.917970299396961
"2021-08-22";0.878292340561554;0.820408607110688;0.936176074012421;0.840451400973935;0.916133280149174
"2021-08-23";0.868612140934005;0.810408136028167;0.926816145839843;0.830562748497523;0.906661533370486
"2021-08-24";0.865156337513944;0.805742394506337;0.924570280521551;0.826314715447008;0.90399795958088
"2021-08-25";0.871961341835474;0.811522602963825;0.932400080707123;0.832448064120804;0.911474619550144
"2021-08-26";0.871985774112158;0.811481796315984;0.932489751908332;0.832430577737898;0.911540970486419
"2021-08-27";0.864260379247183;0.80348414652155;0.925036611972817;0.824528252677593;0.903992505816774
"2021-08-28";0.866803741579899;0.804664840834299;0.9289426423255;0.826180034938903;0.907427448220895
"2021-08-29";0.866973308085961;0.8050930039324;0.928853612239521;0.826517961509992;0.90742865466193
"2021-08-30";0.839470199084643;0.776488059896492;0.902452338272794;0.798298083560222;0.880642314609064
"2021-08-31";0.831644325750184;0.763251036788531;0.900037614711837;0.786934341975025;0.876354309525343
"2021-09-01";0.831464056111314;0.759624463134087;0.903303649088541;0.784499184287478;0.87842892793515
"2021-09-02";0.838094189699784;0.764887364604069;0.911301014795498;0.790233688661928;0.885954690737639
"2021-09-03";0.860343772184224;0.784987873825972;0.935699670542476;0.811079381790381;0.909608162578068
"2021-09-04";0.880831824558815;0.808141278274729;0.9535223708429;0.833310889063685;0.928352760053944
"2021-09-05";0.904803815670905;0.835043708179584;0.974563923162226;0.859200894982778;0.950406736359031
"2021-09-06";0.943369065145131;0.87606303408483;1.01067509620543;0.89937360110274;0.987364529187522
"2021-09-07";0.971616302643269;0.905831357319525;1.03740124796701;0.928623263590089;1.01460934169645
"2021-09-08";0.978043242621813;0.914760702285639;1.04132578295799;0.936687966416754;1.01939851882687
"2021-09-09";0.987514155290492;0.925894208799967;1.04913410178102;0.94724569849259;1.02778261208839
"2021-09-10";0.997202608999488;0.937222215226253;1.05718300277272;0.958004986264973;1.036400231734
"2021-09-11";1.01537429639442;0.956920551363098;1.07382804142574;0.97717269287454;1.0535758999143
"2021-09-12";1.03189010831299;0.97265384170535;1.09112637492063;0.993176591360125;1.07060362526586
"2021-09-13";1.04150318702376;0.979607129460298;1.10339924458722;1.00105217741066;1.08195419663686
"2021-09-14";1.04234868087216;0.97708632142862;1.1076110403157;0.999701000708661;1.08499636103566
"2021-09-15";1.07318786453765;1.00623692514234;1.14013880393296;1.02943798348427;1.11693774559103
"2021-09-16";1.089272458193;1.01945548719558;1.15908942919043;1.04364195098354;1.13490296540247
"2021-09-17";1.08405042703571;1.01294054370785;1.15516031036357;1.03756824530795;1.13053260876347
"2021-09-18";1.08438488882728;1.01408225525773;1.15468752239683;1.03842972992253;1.13034004773203
"2021-09-19";1.10852182355211;1.03968228074696;1.17736136635725;1.0635206041562;1.15352304294802
"2021-09-20";1.16460852580354;1.08900828078224;1.24020877082484;1.1151858618158;1.21403118979128
"2021-09-21";1.20058394778449;1.10820268260332;1.29296521296566;1.14018643476537;1.26098146080362
"2021-09-22";1.18991449893371;1.08427182980433;1.29555716806308;1.12084350312562;1.25898549474179
"2021-09-23";1.19426902420125;1.0872287300119;1.30130931839059;1.12428261660879;1.2642554317937
"2021-09-24";1.18401930411393;1.07727729100697;1.29076131722088;1.11422723971763;1.25381136851023
"2021-09-25";1.14685495169846;1.04635015288821;1.24735975050871;1.0811410315876;1.21256887180932
"2021-09-26";1.11539142888242;1.02779497895326;1.20298787881157;1.05811845171792;1.17266440604692
"2021-09-27";1.09113129291291;1.01502501467288;1.16723757115295;1.04137423006759;1.14088835575824
"2021-09-28";1.06240010760704;0.995274250702859;1.12952596451122;1.01851977573178;1.1062804394823
"2021-09-29";1.05654228560153;0.997485817536631;1.11559875366642;1.01794163016963;1.09514294103342
"2021-09-30";1.04865612161028;0.993775432399108;1.10353681082146;1.0127878579406;1.08452438527997
"2021-10-01";1.07393742701351;1.02115513733115;1.12671971669587;1.03944232292362;1.1084325311034
"2021-10-02";1.10258195739279;1.04909122636481;1.15607268842077;1.06762038510963;1.13754352967595
"2021-10-03";1.10913547360299;1.05144267129902;1.16682827590697;1.07142226095443;1.14684868625155
"2021-10-04";1.1242345381963;1.06160476458714;1.18686431180547;1.08329287068882;1.16517620570379
"2021-10-05";1.15083726558507;1.08246427512788;1.21921025604226;1.10613805435505;1.19553647681509
"2021-10-06";1.16731686751247;1.09027665856557;1.24435707645937;1.11694804017381;1.21768569485113
"2021-10-07";1.18035068458533;1.09549727454197;1.26520409462869;1.12487158331932;1.23582978585133
"2021-10-08";1.18605325359515;1.09415176575459;1.27795474143571;1.12596548697381;1.24614102021649
"2021-10-09";1.19343806998332;1.09713262114825;1.28974351881839;1.13047049874954;1.2564056412171
"2021-10-10";1.19967304558327;1.10054958559061;1.29879650557592;1.13486206898821;1.26448402217833
"2021-10-11";1.19034130552055;1.08935184245105;1.29133076859005;1.12431017307959;1.25637243796151
"2021-10-12";1.25588651913047;1.15208418140473;1.35968885685622;1.18801580165606;1.32375723660489
"2021-10-13";1.28641226592712;1.16365622929552;1.40916830255872;1.2061477743744;1.36667675747984
"2021-10-14";1.27891302907956;1.14239529259364;1.41543076556548;1.189649684824;1.36817637333511
"2021-10-15";1.26514805511813;1.12684699487681;1.40344911535946;1.17471839072427;1.355577719512
"2021-10-16";1.24226549113752;1.10916313617044;1.37536784610459;1.15523498052133;1.3292960017537
"2021-10-17";1.21379495829411;1.09100979189774;1.33658012469048;1.13351053462702;1.29407938196121
"2021-10-18";1.24557701229397;1.13044472970277;1.36070929488517;1.17029675848544;1.3208572661025
"2021-10-19";1.21563119374234;1.09976184025941;1.33150054722527;1.13986907921438;1.29139330827031
"2021-10-20";1.2011446925219;1.09288654056371;1.30940284448009;1.13035944295615;1.27192994208765
"2021-10-21";1.18748101693971;1.08749237017992;1.2874696636995;1.12210270994206;1.25285932393737
"2021-10-22";1.17954999181591;1.08661578129215;1.27248420233966;1.11878431565209;1.24031566797973
"2021-10-23";1.16698519335131;1.07981672923378;1.25415365746883;1.10998955723336;1.22398082946925
"2021-10-24";1.1560555841789;1.07511613351026;1.23699503484754;1.10313276959012;1.20897839876768
"2021-10-25";1.1490500943081;1.07304284079811;1.22505734781809;1.09935252781059;1.19874766080561
"2021-10-26";1.13166048671208;1.06002742450907;1.20329354891509;1.08482336692319;1.17849760650096
"2021-10-27";1.10613714551188;1.04125795102862;1.17101633999513;1.06371638743356;1.1485579035902
"2021-10-28";1.10248710979585;1.04463491521361;1.16033930437808;1.06466208834726;1.14031213124443
"2021-10-29";1.08227913725697;1.02944617152934;1.1351121029846;1.04773623600762;1.11682203850632
"2021-10-30";1.05894278028083;1.01316538587818;1.10472017468348;1.02901308134335;1.0888724792183
"2021-10-31";1.0526285930143;1.01278850888503;1.09246867714358;1.0265820673937;1.07867511863491
"2021-11-01";1.03501743947696;0.997685811036541;1.07234906791739;1.01061397117435;1.05942090777958
"2021-11-02";1.06753070846662;1.03173550564177;1.10332591129147;1.04413448400523;1.090926932928
"2021-11-03";1.10047121378097;1.06324416085492;1.13769826670701;1.07613744216279;1.12480498539914
"2021-11-04";1.1155206840021;1.07272731309002;1.15831405491419;1.08754282517085;1.14349854283336
"2021-11-05";1.12987420966424;1.0793358310265;1.18041258830198;1.09683116512372;1.16291725420476
"2021-11-06";1.13459595237983;1.0775410479442;1.19165085681546;1.09729076860326;1.1719011361564
"2021-11-07";1.13325380885792;1.07194888480601;1.19455873290983;1.09316945404252;1.17333816367332
"2021-11-08";1.14977268395173;1.08591637742368;1.21362899047979;1.1080201104942;1.19152525740927
"2021-11-09";1.12605157016;1.05810330256571;1.19399983775429;1.08162367794394;1.17047946237606
"2021-11-10";1.09131339436767;1.02906369607963;1.15356309265572;1.05061185313625;1.1320149355991
"2021-11-11";1.05980955358895;1.0084328149694;1.11118629220851;1.02621805867919;1.09340104849872
"2021-11-12";1.05397701374436;1.01238518863718;1.09556883885155;1.0267848876606;1.08116913982813
"2021-11-13";1.03609414139006;1.00025940264303;1.07192888013708;1.01266696814912;1.05952131463099
"2021-11-14";1.02033088441159;0.989064919758197;1.05159684906498;0.999892261861264;1.04076950696191
"2021-11-15";1.01419596135935;0.985112613122098;1.04327930959659;0.995186587298279;1.03320533542041
"2021-11-16";0.993677055669432;0.965789518489334;1.02156459284953;0.975451296507519;1.01190281483134
"2021-11-17";0.991044698654468;0.962644035339565;1.01944536196937;0.972483800234803;1.00960559707413
"2021-11-18";0.989406877896224;0.962090520285793;1.01672323550665;0.971552460236941;1.00726129555551
"2021-11-19";0.980102308042605;0.953204297446157;1.00700031863905;0.962521832076641;0.997682784008568
"2021-11-20";0.988183131475966;0.960686784918447;1.01567947803348;0.970210693654914;1.00615556929702
"2021-11-21";0.990121182979015;0.964285608666217;1.01595675729181;0.973234835956991;1.00700753000104
"2021-11-22";0.98706418653203;0.962233813120074;1.01189455994398;0.970836239465156;1.0032921335989
"2021-11-23";0.984857293272005;0.959243800236453;1.01047078630756;0.968119986429507;1.0015946001145
"2021-11-24";0.972073163288579;0.946106461496193;0.998039865080965;0.955106138974756;0.989040187602402
"2021-11-25";0.964333441634182;0.937485083837009;0.991181799431355;0.946787544352003;0.981879338916361
"2021-11-26";0.947556208557794;0.920026369674767;0.975086047440821;0.929562080458792;0.965550336656796
"2021-11-27";0.936368871819158;0.905853420217798;0.966884323420518;0.916420289134462;0.956317454503854
"2021-11-28";0.922008153978471;0.888258555104578;0.955757752852364;0.899943835425647;0.944072472531295
"2021-11-29";0.895437894498026;0.858181106990666;0.932694682005387;0.871079507905072;0.919796281090981
"2021-11-30";0.87969941259406;0.834966640595885;0.924432184592235;0.850452370666024;0.908946454522096
"2021-12-01";0.882588234054337;0.831584095923571;0.933592372185103;0.849239704174711;0.915936763933963
"2021-12-02";0.871493391907579;0.819705106554867;0.923281677260291;0.837631944396359;0.905354839418799
"2021-12-03";0.872097893461401;0.817515548598316;0.926680238324486;0.836409275868061;0.907786511054741
"2021-12-04";0.872811582488163;0.817271889223168;0.928351275753158;0.836497144753653;0.909126020222674
"2021-12-05";0.873823143541412;0.818838009440935;0.928808277641889;0.837871115627289;0.909775171455534
"2021-12-06";0.870745220014307;0.816113128120372;0.925377311908242;0.835024394097922;0.906466045930693
"2021-12-07";0.867830661408652;0.81284898126699;0.922812341550314;0.831881529861587;0.903779792955717
"2021-12-08";0.835314290259992;0.781515060539337;0.889113519980646;0.800138512849227;0.870490067670757
"2021-12-09";0.849611881314943;0.787476267762381;0.911747494867505;0.808984964799221;0.890238797830664
"2021-12-10";0.858906433968421;0.797146568214732;0.920666299722111;0.818524919254734;0.899287948682109
"2021-12-11";0.867339297915712;0.807619996866036;0.927058598965388;0.828291973931966;0.906386621899459
"2021-12-12";0.877903153851372;0.820771844918354;0.935034462784391;0.840547908391486;0.915258399311259
"2021-12-13";0.872118547318064;0.817667596153393;0.926569498482735;0.836516984802758;0.907720109833369
"2021-12-14";0.870514187343387;0.816428668510961;0.924599706175814;0.83515175950835;0.905876615178424
"2021-12-15";0.895437908083489;0.840129831433434;0.950745984733544;0.859275959876998;0.93159985628998
"2021-12-16";0.889712517424505;0.839093668358262;0.940331366490748;0.856617626929476;0.922807407919534
"2021-12-17";0.883888777231924;0.834515852369425;0.933261702094422;0.85160869120071;0.916168863263137
"2021-12-18";0.888769034045302;0.839296252487047;0.938241815603558;0.856422901673921;0.921115166416683
"2021-12-19";0.908649451608098;0.858851354623965;0.958447548592231;0.876090814915426;0.941208088300769
"2021-12-20";0.911469566442556;0.864770766782711;0.9581683661024;0.880938546856663;0.942000586028448
"2021-12-21";0.926734391499473;0.880840756221501;0.972628026777445;0.896730955998975;0.956737826999971
"2021-12-22";0.941253539182802;0.897512679810163;0.98499439855544;0.912659022601672;0.969848055763931
"2021-12-23";0.961643328536509;0.920686541922793;1.00260011515022;0.934869505565696;0.988417151507321
"2021-12-24";0.973936355915927;0.935122910088619;1.01274980174324;0.948565970655843;0.999306741176011
"2021-12-25";0.988910868857769;0.951369727255062;1.02645201046048;0.964373466967479;1.01344827074806
"2021-12-26";1.01335731052908;0.976318432152731;1.05039618890542;0.989148396090065;1.03756622496809
"2021-12-27";1.07900160224202;1.03948989630068;1.11851330818335;1.05317478841432;1.10482841606971
"2021-12-28";1.11836548319913;1.06619944529803;1.17053152110024;1.08425963746867;1.15247132892959
"2021-12-29";1.13653801782999;1.06856598743494;1.20451004822504;1.09209587311807;1.18098016254191
"2021-12-30";1.15736543681328;1.07864177189708;1.23608910172947;1.10589255795781;1.20883831566874
"2021-12-31";1.18050142421213;1.0922744425154;1.26872840590886;1.1228142337822;1.23818861464205
"2022-01-01";1.2283258371547;1.12856297735736;1.32808869695203;1.16309538460714;1.29355628970225
"2022-01-02";1.30738529780295;1.18575645433982;1.42901414126608;1.22785698109136;1.38691361451454
"2022-01-03";1.44988782251209;1.28427485345585;1.61550079156833;1.34159957610106;1.55817606892312
"2022-01-04";1.54952952524552;1.31371510918753;1.78534394130351;1.39533887189237;1.70372017859868
"2022-01-05";1.62567207898039;1.32258724700977;1.92875691095102;1.42749561309426;1.82384854486653
"2022-01-06";1.64729054583778;1.29531941862721;1.99926167304835;1.41714902356223;1.87743206811333
"2022-01-07";1.68716035358952;1.3033522741302;2.07096843304884;1.43620176428055;1.93811894289849
"2022-01-08";1.6532083256323;1.25848824878763;2.04792840247697;1.39511476131949;1.91130188994512
"2022-01-09";1.60110178145271;1.22365835282433;1.97854521008109;1.35430480727871;1.84789875562672
"2022-01-10";1.66452222201054;1.29271438439797;2.03633005962311;1.42141016118112;1.90763428283996
"2022-01-11";1.68509010437196;1.29989601449216;2.07028419425176;1.43322524304523;1.93695496569868
"2022-01-12";1.68976182246625;1.29444455408164;2.08507909085087;1.43127776632639;1.94824587860612
"2022-01-13";1.67057180833933;1.27538526023626;2.06575835644239;1.41217322317034;1.92897039350831
"2022-01-14";1.632706883066;1.2508782864926;2.01453547963941;1.3830425907269;1.88237117540511
"2022-01-15";1.58619495149819;1.22844546954554;1.94394443345085;1.35227514570098;1.82011475729541
"2022-01-16";1.54248969818798;1.21372935272809;1.87125004364786;1.32752486881194;1.75745452756402
"2022-01-17";1.55332155235159;1.24336732803322;1.86327577666997;1.35065338637001;1.75598971833317
"2022-01-18";1.54720910683647;1.2446648739006;1.84975333977235;1.3493860723744;1.74503214129854
"2022-01-19";1.51724646725098;1.22474829949494;1.80974463500702;1.32599220142071;1.70850073308125
"2022-01-20";1.51350359365834;1.23189442651187;1.79511276080482;1.329369262891;1.69763792442568
"2022-01-21";1.50600615135995;1.23104444012811;1.78096786259179;1.32621835896555;1.68579394375436
"2022-01-22";1.48154491017415;1.21523012578117;1.74785969456714;1.30741103810814;1.65567878224017
"2022-01-23";1.44545230275841;1.19399763595051;1.69690696956632;1.28103493873859;1.60986966677824
"2022-01-24";1.47606987158785;1.23306081265991;1.71907893051579;1.31717479555078;1.63496494762491
"2022-01-25";1.48597735311594;1.23841000477737;1.7335447014545;1.32410177178844;1.64785293444343
"2022-01-26";1.47967764488066;1.22885390205447;1.73050138770686;1.3156728209451;1.64368246881623
"2022-01-27";1.45003883256951;1.20401769440998;1.69605997072903;1.28917426190121;1.61090340323781
"2022-01-28";1.42069318136574;1.18754756083607;1.65383880189541;1.26824745911569;1.5731389036158
"2022-01-29";1.36420953952047;1.15139771169026;1.57702136735068;1.22505936917397;1.50335970986697
"2022-01-30";1.30681949797055;1.1220925585072;1.4915464374339;1.18603304897097;1.42760594697013
"2022-01-31";1.28964539079008;1.13029000996756;1.44900077161261;1.1854485120476;1.39384226953256
"2022-02-01";1.27112506561898;1.12824596700169;1.41400416423627;1.17770144962896;1.364548681609
"2022-02-02";1.23896708871532;1.1103333578866;1.36760081954405;1.15485801777001;1.32307615966064
"2022-02-03";1.20108319115048;1.08859802561142;1.31356835668954;1.12753309936283;1.27463328293813
"2022-02-04";1.16408577267949;1.06891631776963;1.25925522758934;1.10185781608381;1.22631372927516
"2022-02-05";1.13479210248426;1.05607113184409;1.21351307312444;1.08331923085942;1.18626497410911
"2022-02-06";1.11041064395418;1.04551216988999;1.17530911801837;1.06797581858932;1.15284546931904
"2022-02-07";1.08689695813809;1.03342040875592;1.14037350752025;1.05193053093998;1.1218633853362
"2022-02-08";1.06033789866787;1.01673290350566;1.10394289383009;1.03182613949203;1.08884965784372
"2022-02-09";1.03809645778039;1.00298643713769;1.0732064784231;1.01513926788631;1.06105364767448
"2022-02-10";1.02044972606953;0.991283197893226;1.04961625424584;1.00137878983978;1.03952066229928
"2022-02-11";1.00058105782216;0.975068777888507;1.02609333775581;0.983899511843238;1.01726260380107
"2022-02-12";0.987135967755869;0.96264363019682;1.01162830531492;0.971121317371469;1.00315061814027
"2022-02-13";0.977373253647022;0.952388156668015;1.00235835062603;0.961036412639902;0.993710094654142
"2022-02-14";0.960617326072473;0.935145635631116;0.98608901651383;0.94396232972345;0.977272322421495
"2022-02-15";0.942836324198438;0.914873023835713;0.970799624561162;0.924552151755842;0.961120496641034
"2022-02-16";0.931901408896872;0.899837072128759;0.963965745664984;0.910935689198508;0.952867128595236
"2022-02-17";0.920634861660635;0.885461331590185;0.955808391731084;0.897636140276618;0.943633583044652
"2022-02-18";0.914817715478453;0.876488828716776;0.95314660224013;0.889755813116823;0.939879617840083
"2022-02-19";0.910123950989045;0.870023122107053;0.950224779871036;0.88390343749889;0.936344464479199
"2022-02-20";0.909670666906194;0.868414700377941;0.950926633434447;0.88269484770086;0.936646486111527
"2022-02-21";0.895272140078678;0.854762458122679;0.935781822034678;0.868784295383931;0.921759984773426
"2022-02-22";0.883411622866945;0.840381543935807;0.926441701798083;0.855275779468156;0.911547466265735
"2022-02-23";0.870712251035521;0.824649647157352;0.916774854913689;0.840593544390243;0.900830957680798
"2022-02-24";0.864617711579091;0.814677717942397;0.914557705215785;0.831963715181356;0.897271707976826
"2022-02-25";0.862809552924249;0.810200929031626;0.915418176816871;0.82841063497179;0.897208470876708
"2022-02-26";0.865179101169395;0.811339513513209;0.919018688825581;0.829975297416436;0.900382904922354
"2022-02-27";0.867927180417589;0.814562025282629;0.921292335552549;0.833033587768275;0.902820773066902
"2022-02-28";0.858668394266862;0.807092135041714;0.91024465349201;0.824944503337233;0.892392285196491
"2022-03-01";0.850247425599748;0.797807939467568;0.902686911731929;0.815959100847463;0.884535750352034
"2022-03-02";0.847971443540827;0.793431157576136;0.902511729505519;0.812309478976604;0.88363340810505
"2022-03-03";0.848288471121031;0.792608085847137;0.903968856394926;0.811881033033315;0.884695909208747
"2022-03-04";0.84626474767898;0.790553739221266;0.901975756136695;0.809837286947726;0.882692208410235
"2022-03-05";0.854837733881473;0.798218466558564;0.911457001204383;0.817816395315921;0.891859072447026
"2022-03-06";0.861483602342176;0.806585011344942;0.916382193339409;0.825587352079953;0.897379852604399
"2022-03-07";0.849865984846459;0.798184464506177;0.901547505186741;0.816073269008789;0.883658700684129
"2022-03-08";0.844307311731199;0.791611201040752;0.897003422421646;0.809851190442779;0.878763433019618
"2022-03-09";0.848683459770139;0.794096769238177;0.903270150302101;0.812991155367173;0.884375764173106
"2022-03-10";0.85208643978469;0.797705000495592;0.906467879073787;0.816528346927522;0.887644532641858
"2022-03-11";0.855165261591464;0.801592550301369;0.90873797288156;0.820135970377412;0.890194552805517
"2022-03-12";0.860266699227188;0.807592259585888;0.912941138868488;0.825824756998832;0.894708641455544
"2022-03-13";0.870998355773874;0.819401965061491;0.922594746486256;0.837261315647729;0.904735395900018
"2022-03-14";0.866880104852997;0.818569145453359;0.915191064252636;0.835291306622381;0.898468903083614
"2022-03-15";0.857967587249219;0.810747585624753;0.905187588873684;0.827092127111885;0.888843047386553
"2022-03-16";0.843934246135412;0.796062145239161;0.891806347031663;0.81263239288838;0.875236099382444
"2022-03-17";0.82679405383226;0.776348520870301;0.87723958679422;0.793809521175389;0.859778586489132
"2022-03-18";0.808349900605738;0.753825622407409;0.862874178804067;0.772698412324487;0.844001388886989
"2022-03-19";0.792111330459603;0.732355669478153;0.851866991441052;0.753039220239479;0.831183440679726
"2022-03-20";0.777813142457606;0.712863531120568;0.842762753794645;0.735344887132747;0.820281397782466
"2022-03-21";0.74094718671627;0.673399388729249;0.808494984703291;0.696780072599075;0.785114300833465
"2022-03-22";0.719178717672374;0.643279112028694;0.795078323316054;0.669550648917329;0.768806786427419
"2022-03-23";0.705119558148587;0.621939581531819;0.788299534765355;0.650731107138412;0.759508009158762
"2022-03-24";0.700254266289837;0.611190934552143;0.78931759802753;0.642018894966194;0.758489637613479
"2022-03-25";0.700512886360032;0.607990245966525;0.79303552675354;0.640015595057225;0.761010177662839
"2022-03-26";0.71026187438527;0.615427615698199;0.805096133072342;0.648253097743193;0.772270651027347
"2022-03-27";0.723075982219534;0.628646985879535;0.817504978559533;0.661332192746349;0.784819771692718
"2022-03-28";0.710238291616697;0.62122420091947;0.799252382313925;0.652035125424506;0.768441457808889
"2022-03-29";0.708075596223554;0.618624662194096;0.797526530253011;0.649586796153266;0.766564396293842
"2022-03-30";0.708975622118202;0.619027286898248;0.798923957338156;0.650161596157206;0.767789648079198
"2022-03-31";0.712349607084111;0.6222885107087;0.802410703459522;0.65346185282939;0.771237361338831
"2022-04-01";0.70981721627624;0.621137669599728;0.798496762952751;0.65183280290465;0.767801629647829
"2022-04-02";0.717877048854854;0.628280889718929;0.80747320799078;0.6592932989798;0.776460798729909
"2022-04-03";0.728385768028271;0.639292810166081;0.817478725890462;0.670131043957807;0.786640492098736
"2022-04-04";0.719912135821604;0.634700187360619;0.805124084282588;0.664195065309062;0.775629206334145
"2022-04-05";0.721825970752009;0.636242941774213;0.807408999729804;0.665866268660147;0.77778567284387
"2022-04-06";0.716749391264792;0.632219294418882;0.801279488110702;0.661478170083954;0.77202061244563
"2022-04-07";0.723594770122913;0.637766399694574;0.809423140551252;0.667474650000811;0.779714890245015
"2022-04-08";0.735133227096906;0.64899635559471;0.821270098599102;0.678811394811753;0.791455059382059
"2022-04-09";0.752505256579112;0.666972685047992;0.838037828110232;0.696578554303563;0.808431958854662
"2022-04-10";0.765972566476268;0.683124957398628;0.848820175553908;0.71180147125802;0.820143661694516
"2022-04-11";0.756648397455485;0.678607443852497;0.834689351058473;0.705620264088334;0.807676530822636
"2022-04-12";0.752546794140298;0.675558226168072;0.829535362112524;0.702206827375576;0.802886760905021
"2022-04-13";0.74790824174383;0.671457748620226;0.824358734867433;0.697920097392961;0.797896386094699
"2022-04-14";0.719467196378227;0.645138025193963;0.79379636756249;0.670866148741135;0.768068244015319
"2022-04-15";0.666343166968825;0.592846779937999;0.73983955399965;0.618286609458375;0.714399724479275
