Region,Codigo region,Comuna,Codigo comuna,Poblacion,202007,202008,202009,202010,202011,202012,202013,202014,202015,202016,202017,202018,202019,202020,202021,202022,202023,202024,202025,202026,202027,202028,202029,202030,202031,202032,202033,202034,202035,202036,202037,202038,202039,202040,202041,202042,202043,202044,202045,202046,202047,202048,202049,202050
Arica y Parinacota,15,Arica,15101,247552.0,0,0.0,0.0,2.0,1.0,2.0,22.0,70.0,66.0,53.0,69.0,51.0,45.0,88.0,148.0,189.0,261.0,259.0,286.0,339.0,411.0,619.0,738.0,724.0,568.0,570.0,443.0,413.0,402.0,344.0,326.0,293.0,414.0,393.0,322.0,302.0,257.0,203.0,203.0,144.0,106.0,92.0,90.0,29.0
Arica y Parinacota,15,Camarones,15102,1233.0,0,0.0,0.0,0.0,0.0,0.0,0.0,0.0,0.0,0.0,0.0,0.0,0.0,0.0,0.0,0.0,0.0,0.0,0.0,0.0,1.0,12.0,2.0,4.0,5.0,0.0,1.0,0.0,1.0,1.0,0.0,0.0,0.0,1.0,0.0,0.0,0.0,0.0,0.0,0.0,0.0,0.0,0.0,0.0
Arica y Parinacota,15,General Lagos,15202,810.0,0,0.0,0.0,0.0,0.0,0.0,0.0,0.0,0.0,0.0,0.0,0.0,0.0,0.0,0.0,0.0,0.0,0.0,0.0,0.0,0.0,0.0,1.0,1.0,15.0,36.0,7.0,2.0,0.0,2.0,0.0,0.0,0.0,0.0,0.0,0.0,0.0,0.0,0.0,0.0,0.0,0.0,0.0,0.0
Arica y Parinacota,15,Putre,15201,2515.0,0,0.0,0.0,0.0,0.0,0.0,0.0,0.0,0.0,0.0,0.0,0.0,0.0,0.0,0.0,0.0,1.0,9.0,0.0,0.0,6.0,9.0,8.0,0.0,9.0,2.0,1.0,1.0,6.0,4.0,2.0,3.0,3.0,3.0,0.0,1.0,1.0,0.0,0.0,0.0,1.0,0.0,0.0,0.0
Arica y Parinacota,15,Desconocido Arica y Parinacota,,,0,0.0,0.0,0.0,0.0,0.0,0.0,0.0,0.0,0.0,0.0,0.0,0.0,0.0,0.0,0.0,0.0,0.0,0.0,0.0,0.0,0.0,0.0,0.0,0.0,0.0,0.0,0.0,0.0,0.0,0.0,0.0,0.0,0.0,0.0,0.0,0.0,0.0,0.0,0.0,0.0,0.0,0.0,0.0
Arica y Parinacota,15,Total,,252110.0,0.0,0.0,0.0,2.0,1.0,2.0,22.0,70.0,66.0,53.0,69.0,51.0,45.0,88.0,148.0,189.0,262.0,268.0,286.0,339.0,418.0,640.0,749.0,729.0,597.0,608.0,452.0,416.0,409.0,351.0,328.0,296.0,417.0,397.0,322.0,303.0,258.0,203.0,203.0,144.0,107.0,92.0,90.0,29.0
,,,,,,,,,,,,,,,,,,,,,,,,,,,,,,,,,,,,,,,,,,,,,,,,
Tarapaca,01,Alto Hospicio,01107,129999.0,0,0.0,0.0,0.0,0.0,3.0,5.0,6.0,14.0,24.0,39.0,112.0,139.0,270.0,317.0,309.0,245.0,193.0,145.0,151.0,110.0,92.0,107.0,113.0,145.0,125.0,172.0,104.0,109.0,79.0,70.0,43.0,49.0,44.0,60.0,56.0,70.0,51.0,75.0,55.0,53.0,57.0,64.0,8.0
Tarapaca,01,Camina,01402,1375.0,0,0.0,0.0,0.0,0.0,0.0,0.0,0.0,0.0,0.0,0.0,0.0,0.0,0.0,3.0,7.0,3.0,2.0,5.0,6.0,3.0,6.0,0.0,2.0,1.0,2.0,4.0,0.0,0.0,0.0,0.0,0.0,1.0,2.0,1.0,2.0,0.0,0.0,3.0,6.0,4.0,3.0,0.0,0.0
Tarapaca,01,Colchane,01403,1583.0,0,0.0,0.0,0.0,0.0,0.0,0.0,0.0,0.0,0.0,0.0,0.0,0.0,0.0,2.0,1.0,9.0,17.0,15.0,15.0,8.0,8.0,3.0,11.0,1.0,1.0,1.0,1.0,1.0,0.0,0.0,0.0,0.0,0.0,0.0,0.0,0.0,3.0,1.0,0.0,1.0,3.0,3.0,0.0
Tarapaca,01,Huara,01404,3000.0,0,0.0,0.0,0.0,0.0,0.0,0.0,0.0,0.0,0.0,2.0,8.0,2.0,10.0,7.0,8.0,7.0,4.0,6.0,10.0,12.0,8.0,15.0,8.0,3.0,6.0,6.0,3.0,6.0,0.0,2.0,0.0,2.0,1.0,1.0,1.0,2.0,2.0,10.0,10.0,1.0,0.0,4.0,0.0
Tarapaca,01,Iquique,01101,223463.0,0,0.0,0.0,0.0,0.0,9.0,7.0,15.0,11.0,20.0,42.0,102.0,256.0,401.0,501.0,456.0,445.0,445.0,409.0,339.0,329.0,284.0,277.0,334.0,261.0,249.0,207.0,174.0,147.0,139.0,133.0,89.0,97.0,118.0,80.0,101.0,146.0,128.0,141.0,113.0,127.0,153.0,135.0,32.0
Tarapaca,01,Pica,01405,5958.0,0,0.0,0.0,0.0,0.0,0.0,1.0,7.0,14.0,10.0,0.0,1.0,4.0,1.0,7.0,8.0,10.0,10.0,10.0,14.0,43.0,37.0,24.0,24.0,19.0,25.0,29.0,17.0,18.0,5.0,5.0,3.0,4.0,4.0,2.0,1.0,2.0,4.0,10.0,4.0,1.0,1.0,2.0,0.0
Tarapaca,01,Pozo Almonte,01401,17395.0,0,0.0,0.0,0.0,0.0,0.0,1.0,2.0,0.0,0.0,0.0,3.0,5.0,15.0,38.0,58.0,92.0,92.0,58.0,33.0,75.0,55.0,48.0,43.0,128.0,57.0,43.0,47.0,39.0,23.0,14.0,5.0,9.0,13.0,6.0,13.0,8.0,14.0,26.0,31.0,3.0,8.0,19.0,3.0
Tarapaca,01,Desconocido Tarapaca,,,0,0.0,0.0,0.0,0.0,0.0,0.0,0.0,0.0,0.0,0.0,0.0,0.0,0.0,0.0,0.0,0.0,0.0,0.0,0.0,0.0,0.0,0.0,0.0,0.0,0.0,0.0,0.0,0.0,0.0,0.0,0.0,0.0,0.0,0.0,0.0,0.0,0.0,1.0,0.0,0.0,0.0,0.0,0.0
Tarapaca,01,Total,,382773.0,0.0,0.0,0.0,0.0,0.0,12.0,14.0,30.0,39.0,54.0,83.0,226.0,406.0,697.0,875.0,847.0,811.0,763.0,648.0,568.0,580.0,490.0,474.0,535.0,558.0,465.0,462.0,346.0,320.0,246.0,224.0,140.0,162.0,182.0,150.0,174.0,228.0,202.0,267.0,219.0,190.0,225.0,227.0,43.0
,,,,,,,,,,,,,,,,,,,,,,,,,,,,,,,,,,,,,,,,,,,,,,,,
Antofagasta,02,Antofagasta,02101,425725.0,0,0.0,0.0,1.0,2.0,27.0,32.0,40.0,56.0,109.0,160.0,213.0,310.0,311.0,301.0,343.0,469.0,581.0,675.0,765.0,870.0,711.0,566.0,562.0,632.0,546.0,459.0,383.0,384.0,307.0,258.0,208.0,226.0,248.0,248.0,215.0,198.0,181.0,147.0,120.0,105.0,117.0,111.0,33.0
Antofagasta,02,Calama,02201,190336.0,0,0.0,1.0,0.0,2.0,3.0,3.0,8.0,16.0,16.0,39.0,51.0,89.0,231.0,279.0,445.0,777.0,933.0,847.0,691.0,634.0,448.0,347.0,264.0,190.0,182.0,154.0,113.0,136.0,115.0,71.0,61.0,89.0,67.0,36.0,23.0,42.0,23.0,24.0,37.0,42.0,25.0,20.0,0.0
Antofagasta,02,Maria Elena,02302,6814.0,0,0.0,1.0,0.0,0.0,0.0,0.0,0.0,5.0,9.0,16.0,44.0,44.0,30.0,13.0,12.0,10.0,7.0,38.0,29.0,27.0,7.0,14.0,8.0,12.0,7.0,1.0,2.0,3.0,4.0,3.0,0.0,1.0,0.0,0.0,5.0,3.0,1.0,1.0,0.0,0.0,0.0,1.0,1.0
Antofagasta,02,Mejillones,02102,14776.0,0,0.0,0.0,0.0,0.0,0.0,1.0,8.0,15.0,17.0,30.0,76.0,46.0,51.0,19.0,19.0,10.0,18.0,38.0,50.0,25.0,16.0,10.0,22.0,24.0,9.0,21.0,16.0,13.0,8.0,19.0,16.0,7.0,7.0,15.0,10.0,14.0,11.0,5.0,9.0,6.0,15.0,19.0,5.0
Antofagasta,02,Ollague,02202,287.0,0,0.0,0.0,0.0,0.0,0.0,0.0,0.0,0.0,0.0,0.0,0.0,0.0,0.0,0.0,0.0,0.0,2.0,6.0,1.0,2.0,5.0,5.0,0.0,3.0,0.0,0.0,0.0,0.0,0.0,0.0,0.0,0.0,0.0,0.0,0.0,0.0,0.0,0.0,0.0,0.0,0.0,0.0,0.0
Antofagasta,02,San Pedro de Atacama,02203,10434.0,0,0.0,0.0,0.0,0.0,2.0,1.0,1.0,0.0,0.0,1.0,0.0,0.0,1.0,4.0,4.0,15.0,18.0,29.0,35.0,35.0,35.0,45.0,19.0,20.0,19.0,17.0,13.0,8.0,9.0,4.0,2.0,14.0,7.0,2.0,3.0,4.0,0.0,0.0,1.0,0.0,0.0,2.0,0.0
Antofagasta,02,Sierra Gorda,02103,1746.0,0,0.0,0.0,0.0,0.0,0.0,0.0,0.0,0.0,0.0,0.0,3.0,5.0,5.0,3.0,12.0,6.0,8.0,3.0,4.0,2.0,5.0,6.0,6.0,4.0,5.0,0.0,1.0,0.0,1.0,1.0,2.0,2.0,2.0,6.0,2.0,0.0,0.0,0.0,0.0,0.0,0.0,0.0,0.0
Antofagasta,02,Taltal,02104,13657.0,0,0.0,0.0,0.0,0.0,0.0,0.0,2.0,3.0,2.0,1.0,1.0,3.0,12.0,6.0,9.0,6.0,9.0,9.0,6.0,10.0,18.0,14.0,2.0,10.0,10.0,15.0,9.0,2.0,4.0,2.0,5.0,7.0,2.0,13.0,2.0,3.0,0.0,4.0,9.0,0.0,0.0,3.0,0.0
Antofagasta,02,Tocopilla,02301,28079.0,0,0.0,0.0,0.0,0.0,2.0,0.0,4.0,5.0,0.0,1.0,2.0,6.0,8.0,8.0,3.0,6.0,14.0,37.0,57.0,32.0,16.0,19.0,7.0,8.0,9.0,9.0,19.0,14.0,2.0,2.0,3.0,4.0,4.0,3.0,4.0,10.0,6.0,3.0,2.0,4.0,0.0,9.0,0.0
Antofagasta,02,Desconocido Antofagasta,,,0,0.0,0.0,0.0,0.0,0.0,0.0,0.0,0.0,0.0,0.0,0.0,0.0,0.0,0.0,0.0,0.0,0.0,0.0,0.0,0.0,0.0,0.0,0.0,0.0,0.0,0.0,0.0,0.0,0.0,0.0,0.0,0.0,0.0,0.0,0.0,0.0,0.0,0.0,0.0,0.0,0.0,0.0,0.0
Antofagasta,02,Total,,691854.0,0.0,0.0,2.0,1.0,4.0,34.0,37.0,63.0,100.0,153.0,248.0,390.0,503.0,649.0,633.0,847.0,1299.0,1590.0,1682.0,1638.0,1637.0,1261.0,1026.0,890.0,903.0,787.0,676.0,556.0,560.0,450.0,360.0,297.0,350.0,337.0,323.0,264.0,274.0,222.0,184.0,178.0,157.0,157.0,165.0,39.0
,,,,,,,,,,,,,,,,,,,,,,,,,,,,,,,,,,,,,,,,,,,,,,,,
Atacama,03,Alto del Carmen,03302,5729.0,0,0.0,0.0,0.0,0.0,0.0,0.0,0.0,0.0,0.0,0.0,0.0,0.0,0.0,0.0,1.0,3.0,1.0,1.0,0.0,1.0,2.0,1.0,0.0,0.0,6.0,14.0,4.0,1.0,0.0,2.0,1.0,3.0,1.0,0.0,0.0,0.0,0.0,0.0,0.0,0.0,2.0,2.0,0.0
Atacama,03,Caldera,03102,19426.0,0,0.0,0.0,0.0,0.0,0.0,0.0,0.0,0.0,0.0,0.0,2.0,2.0,1.0,1.0,3.0,2.0,7.0,5.0,14.0,7.0,6.0,19.0,20.0,24.0,57.0,31.0,43.0,23.0,3.0,14.0,13.0,3.0,3.0,6.0,3.0,4.0,8.0,1.0,0.0,5.0,0.0,1.0,4.0
Atacama,03,Chanaral,03201,13164.0,0,0.0,0.0,0.0,0.0,0.0,0.0,0.0,0.0,0.0,0.0,0.0,0.0,0.0,1.0,0.0,2.0,6.0,11.0,2.0,4.0,9.0,6.0,12.0,11.0,10.0,19.0,13.0,21.0,35.0,17.0,7.0,2.0,1.0,0.0,0.0,1.0,1.0,0.0,4.0,0.0,1.0,0.0,0.0
Atacama,03,Copiapo,03101,171766.0,0,0.0,0.0,0.0,1.0,0.0,3.0,1.0,4.0,0.0,12.0,28.0,27.0,14.0,26.0,57.0,113.0,116.0,146.0,153.0,173.0,196.0,301.0,510.0,653.0,632.0,387.0,258.0,148.0,123.0,152.0,89.0,57.0,82.0,71.0,87.0,91.0,26.0,12.0,20.0,13.0,24.0,21.0,3.0
Atacama,03,Diego de Almagro,03202,14358.0,0,0.0,0.0,0.0,0.0,0.0,1.0,0.0,0.0,0.0,0.0,1.0,1.0,4.0,3.0,7.0,3.0,9.0,4.0,2.0,10.0,6.0,1.0,5.0,1.0,11.0,44.0,20.0,40.0,7.0,12.0,12.0,25.0,27.0,29.0,21.0,19.0,11.0,1.0,5.0,5.0,0.0,3.0,0.0
Atacama,03,Freirina,03303,7681.0,0,0.0,0.0,0.0,0.0,0.0,0.0,0.0,0.0,1.0,0.0,0.0,0.0,0.0,0.0,0.0,2.0,1.0,5.0,3.0,10.0,23.0,6.0,4.0,7.0,20.0,24.0,15.0,10.0,6.0,6.0,8.0,22.0,10.0,8.0,1.0,1.0,0.0,0.0,1.0,1.0,2.0,0.0,0.0
Atacama,03,Huasco,03304,11264.0,0,0.0,0.0,0.0,0.0,0.0,0.0,0.0,0.0,0.0,0.0,1.0,0.0,0.0,0.0,2.0,6.0,3.0,4.0,6.0,3.0,0.0,1.0,9.0,9.0,3.0,10.0,16.0,8.0,22.0,15.0,28.0,20.0,12.0,9.0,11.0,7.0,16.0,6.0,10.0,25.0,19.0,5.0,0.0
Atacama,03,Tierra Amarilla,03103,14312.0,0,0.0,0.0,0.0,0.0,0.0,0.0,2.0,3.0,0.0,2.0,5.0,10.0,2.0,0.0,1.0,10.0,15.0,11.0,5.0,14.0,22.0,23.0,40.0,49.0,49.0,34.0,18.0,22.0,5.0,5.0,2.0,7.0,18.0,25.0,12.0,6.0,1.0,2.0,5.0,5.0,7.0,1.0,0.0
Atacama,03,Vallenar,03301,57009.0,0,0.0,0.0,0.0,0.0,0.0,0.0,0.0,1.0,8.0,10.0,10.0,13.0,3.0,7.0,16.0,27.0,54.0,66.0,55.0,72.0,59.0,33.0,34.0,39.0,37.0,63.0,64.0,85.0,134.0,95.0,136.0,128.0,67.0,48.0,34.0,24.0,16.0,16.0,33.0,24.0,31.0,27.0,6.0
Atacama,03,Desconocido Atacama,,,0,0.0,0.0,0.0,0.0,0.0,0.0,0.0,0.0,0.0,0.0,0.0,0.0,0.0,0.0,0.0,0.0,0.0,0.0,0.0,0.0,0.0,0.0,0.0,0.0,0.0,0.0,0.0,0.0,0.0,0.0,0.0,0.0,0.0,0.0,0.0,0.0,0.0,0.0,0.0,0.0,0.0,0.0,0.0
Atacama,03,Total,,314709.0,0.0,0.0,0.0,0.0,1.0,0.0,4.0,3.0,8.0,9.0,24.0,47.0,53.0,24.0,38.0,87.0,168.0,212.0,253.0,240.0,294.0,323.0,391.0,634.0,793.0,825.0,626.0,451.0,358.0,335.0,318.0,296.0,267.0,221.0,196.0,169.0,153.0,79.0,38.0,78.0,78.0,86.0,60.0,13.0
,,,,,,,,,,,,,,,,,,,,,,,,,,,,,,,,,,,,,,,,,,,,,,,,
Coquimbo,04,Andacollo,04103,11791.0,0,0.0,0.0,0.0,0.0,0.0,0.0,0.0,0.0,0.0,0.0,2.0,7.0,3.0,3.0,6.0,6.0,0.0,5.0,7.0,3.0,3.0,3.0,2.0,5.0,5.0,10.0,16.0,15.0,24.0,19.0,14.0,12.0,11.0,6.0,2.0,2.0,0.0,0.0,1.0,1.0,0.0,0.0,0.0
Coquimbo,04,Canela,04202,9546.0,0,0.0,0.0,0.0,0.0,0.0,0.0,0.0,0.0,0.0,0.0,1.0,0.0,2.0,0.0,1.0,2.0,0.0,1.0,6.0,5.0,0.0,4.0,3.0,2.0,10.0,19.0,11.0,7.0,4.0,4.0,7.0,8.0,1.0,2.0,3.0,1.0,0.0,0.0,0.0,0.0,0.0,1.0,0.0
Coquimbo,04,Combarbala,04302,13884.0,0,0.0,0.0,0.0,0.0,0.0,0.0,0.0,0.0,0.0,0.0,2.0,3.0,4.0,3.0,5.0,3.0,2.0,7.0,0.0,1.0,3.0,0.0,1.0,3.0,5.0,6.0,6.0,7.0,1.0,4.0,2.0,4.0,1.0,2.0,5.0,2.0,0.0,0.0,2.0,2.0,19.0,2.0,0.0
Coquimbo,04,Coquimbo,04102,256735.0,0,0.0,0.0,0.0,4.0,13.0,3.0,2.0,1.0,6.0,7.0,16.0,79.0,83.0,62.0,136.0,132.0,149.0,166.0,231.0,228.0,322.0,354.0,345.0,319.0,316.0,310.0,316.0,262.0,190.0,158.0,85.0,98.0,78.0,69.0,37.0,38.0,22.0,20.0,23.0,32.0,41.0,36.0,5.0
Coquimbo,04,Illapel,04201,32801.0,0,0.0,0.0,0.0,0.0,0.0,4.0,7.0,7.0,1.0,0.0,1.0,0.0,1.0,5.0,19.0,14.0,17.0,20.0,40.0,43.0,63.0,9.0,22.0,48.0,20.0,26.0,18.0,11.0,20.0,16.0,8.0,29.0,16.0,6.0,6.0,4.0,2.0,1.0,0.0,1.0,4.0,1.0,0.0
Coquimbo,04,La Higuera,04104,4450.0,0,0.0,0.0,0.0,0.0,0.0,0.0,0.0,0.0,0.0,0.0,0.0,0.0,0.0,0.0,1.0,2.0,0.0,0.0,0.0,6.0,9.0,27.0,9.0,17.0,18.0,3.0,4.0,1.0,1.0,3.0,0.0,1.0,0.0,0.0,0.0,0.0,0.0,0.0,0.0,0.0,0.0,0.0,0.0
Coquimbo,04,La Serena,04101,249656.0,0,0.0,0.0,1.0,0.0,3.0,7.0,4.0,2.0,3.0,6.0,14.0,51.0,47.0,66.0,96.0,110.0,125.0,180.0,156.0,190.0,238.0,266.0,324.0,294.0,223.0,129.0,195.0,155.0,160.0,90.0,51.0,55.0,66.0,48.0,36.0,36.0,29.0,23.0,12.0,38.0,25.0,43.0,8.0
Coquimbo,04,Los Vilos,04203,23374.0,0,0.0,0.0,0.0,0.0,1.0,0.0,0.0,0.0,0.0,0.0,0.0,1.0,0.0,3.0,4.0,6.0,6.0,12.0,25.0,10.0,12.0,17.0,19.0,18.0,25.0,29.0,25.0,15.0,27.0,20.0,13.0,16.0,7.0,8.0,2.0,3.0,3.0,1.0,0.0,0.0,5.0,5.0,1.0
Coquimbo,04,Monte Patria,04303,32527.0,0,0.0,0.0,0.0,0.0,0.0,0.0,0.0,0.0,0.0,0.0,1.0,6.0,18.0,25.0,25.0,23.0,39.0,20.0,25.0,23.0,11.0,13.0,9.0,21.0,21.0,45.0,37.0,33.0,21.0,13.0,13.0,16.0,7.0,6.0,4.0,11.0,2.0,3.0,6.0,5.0,7.0,9.0,1.0
Coquimbo,04,Ovalle,04301,121269.0,0,0.0,0.0,0.0,2.0,2.0,4.0,2.0,0.0,5.0,1.0,13.0,26.0,44.0,55.0,105.0,153.0,148.0,106.0,84.0,56.0,57.0,54.0,74.0,91.0,153.0,165.0,183.0,135.0,104.0,91.0,60.0,63.0,25.0,21.0,24.0,7.0,14.0,14.0,34.0,47.0,69.0,86.0,17.0
Coquimbo,04,Paiguano,04105,4675.0,0,0.0,0.0,0.0,0.0,0.0,0.0,0.0,0.0,0.0,0.0,0.0,0.0,0.0,2.0,2.0,1.0,0.0,0.0,0.0,0.0,1.0,0.0,2.0,1.0,0.0,3.0,3.0,1.0,2.0,4.0,7.0,4.0,1.0,0.0,1.0,0.0,0.0,0.0,1.0,0.0,0.0,0.0,0.0
Coquimbo,04,Punitaqui,04304,12165.0,0,0.0,0.0,0.0,0.0,0.0,0.0,0.0,0.0,1.0,1.0,3.0,7.0,0.0,4.0,14.0,2.0,7.0,5.0,7.0,5.0,13.0,15.0,5.0,4.0,11.0,18.0,15.0,19.0,13.0,13.0,4.0,8.0,2.0,2.0,6.0,2.0,1.0,5.0,7.0,5.0,10.0,8.0,0.0
Coquimbo,04,Rio Hurtado,04305,4372.0,0,0.0,0.0,0.0,0.0,1.0,0.0,0.0,0.0,0.0,0.0,1.0,0.0,0.0,2.0,5.0,6.0,1.0,0.0,0.0,4.0,1.0,3.0,3.0,2.0,5.0,5.0,1.0,1.0,1.0,4.0,0.0,0.0,0.0,0.0,1.0,0.0,0.0,0.0,0.0,1.0,2.0,0.0,0.0
Coquimbo,04,Salamanca,04204,29110.0,0,0.0,0.0,1.0,0.0,1.0,2.0,1.0,2.0,1.0,0.0,3.0,2.0,2.0,5.0,14.0,13.0,3.0,2.0,3.0,7.0,11.0,18.0,39.0,23.0,7.0,13.0,11.0,12.0,14.0,10.0,7.0,13.0,1.0,6.0,3.0,6.0,3.0,2.0,1.0,2.0,2.0,3.0,1.0
Coquimbo,04,Vicuna,04106,29741.0,0,0.0,0.0,0.0,0.0,0.0,0.0,0.0,0.0,0.0,1.0,3.0,5.0,3.0,4.0,4.0,3.0,2.0,1.0,7.0,9.0,27.0,30.0,16.0,10.0,14.0,15.0,16.0,20.0,19.0,21.0,10.0,4.0,4.0,2.0,2.0,0.0,1.0,6.0,6.0,3.0,1.0,1.0,0.0
Coquimbo,04,Desconocido Coquimbo,,,0,0.0,0.0,0.0,0.0,0.0,0.0,0.0,0.0,0.0,0.0,0.0,0.0,0.0,0.0,0.0,0.0,0.0,0.0,0.0,1.0,0.0,0.0,0.0,0.0,0.0,0.0,0.0,0.0,0.0,0.0,0.0,0.0,0.0,0.0,0.0,0.0,0.0,0.0,0.0,0.0,4.0,0.0,0.0
Coquimbo,04,Total,,836096.0,0.0,0.0,0.0,2.0,6.0,21.0,20.0,16.0,12.0,17.0,16.0,60.0,187.0,207.0,239.0,437.0,476.0,499.0,525.0,591.0,591.0,771.0,813.0,873.0,858.0,833.0,796.0,857.0,694.0,601.0,470.0,281.0,331.0,220.0,178.0,132.0,112.0,77.0,75.0,93.0,137.0,189.0,195.0,33.0
,,,,,,,,,,,,,,,,,,,,,,,,,,,,,,,,,,,,,,,,,,,,,,,,
Valparaiso,05,Algarrobo,05602,15174.0,0,0.0,0.0,0.0,1.0,4.0,4.0,0.0,0.0,0.0,2.0,4.0,6.0,13.0,9.0,7.0,17.0,16.0,4.0,5.0,2.0,3.0,2.0,0.0,0.0,4.0,1.0,12.0,10.0,8.0,1.0,4.0,4.0,10.0,2.0,5.0,13.0,11.0,3.0,0.0,4.0,15.0,7.0,0.0
Valparaiso,05,Cabildo,05402,20663.0,0,0.0,0.0,0.0,0.0,0.0,0.0,0.0,0.0,0.0,5.0,4.0,3.0,7.0,7.0,12.0,15.0,33.0,33.0,32.0,23.0,24.0,10.0,6.0,1.0,7.0,14.0,16.0,20.0,18.0,11.0,5.0,3.0,3.0,4.0,4.0,2.0,9.0,1.0,3.0,5.0,5.0,3.0,1.0
Valparaiso,05,Calera,05502,53591.0,0,0.0,0.0,0.0,0.0,1.0,6.0,3.0,4.0,7.0,2.0,2.0,7.0,18.0,21.0,20.0,45.0,53.0,66.0,76.0,91.0,80.0,97.0,78.0,71.0,103.0,55.0,49.0,62.0,51.0,27.0,21.0,14.0,12.0,18.0,10.0,12.0,8.0,11.0,9.0,7.0,8.0,5.0,0.0
Valparaiso,05,Calle Larga,05302,16482.0,0,0.0,0.0,0.0,0.0,0.0,1.0,1.0,3.0,1.0,0.0,4.0,3.0,8.0,28.0,26.0,27.0,23.0,19.0,19.0,14.0,6.0,5.0,8.0,4.0,4.0,5.0,0.0,3.0,4.0,4.0,6.0,11.0,12.0,7.0,2.0,3.0,8.0,6.0,4.0,1.0,7.0,5.0,2.0
Valparaiso,05,Cartagena,05603,25357.0,0,0.0,0.0,0.0,0.0,0.0,0.0,2.0,0.0,1.0,5.0,5.0,12.0,7.0,16.0,12.0,13.0,19.0,18.0,14.0,16.0,9.0,15.0,9.0,7.0,3.0,7.0,8.0,2.0,11.0,10.0,13.0,16.0,7.0,4.0,1.0,7.0,4.0,3.0,2.0,4.0,5.0,10.0,0.0
Valparaiso,05,Casablanca,05102,29170.0,0,0.0,0.0,0.0,0.0,2.0,0.0,1.0,1.0,0.0,0.0,0.0,9.0,9.0,8.0,14.0,18.0,11.0,10.0,14.0,13.0,12.0,17.0,23.0,30.0,35.0,25.0,8.0,15.0,11.0,20.0,9.0,13.0,4.0,5.0,5.0,4.0,4.0,4.0,9.0,4.0,7.0,14.0,0.0
Valparaiso,05,Catemu,05702,15213.0,0,0.0,0.0,0.0,0.0,0.0,0.0,0.0,0.0,0.0,0.0,1.0,1.0,7.0,3.0,14.0,14.0,12.0,4.0,11.0,6.0,10.0,7.0,10.0,21.0,29.0,15.0,27.0,36.0,18.0,12.0,6.0,14.0,14.0,13.0,15.0,8.0,4.0,5.0,0.0,0.0,1.0,2.0,0.0
Valparaiso,05,Concon,05103,45889.0,0,0.0,0.0,0.0,0.0,4.0,4.0,3.0,1.0,0.0,10.0,6.0,9.0,16.0,18.0,23.0,34.0,39.0,40.0,48.0,47.0,37.0,22.0,9.0,17.0,19.0,13.0,26.0,17.0,18.0,18.0,6.0,15.0,15.0,9.0,7.0,14.0,14.0,23.0,18.0,17.0,17.0,24.0,8.0
Valparaiso,05,El Quisco,05604,17742.0,0,0.0,0.0,0.0,0.0,1.0,0.0,4.0,2.0,4.0,0.0,5.0,10.0,16.0,15.0,15.0,18.0,10.0,7.0,11.0,19.0,8.0,8.0,5.0,5.0,9.0,11.0,1.0,10.0,31.0,18.0,6.0,5.0,4.0,7.0,4.0,2.0,2.0,2.0,5.0,3.0,1.0,0.0,1.0
Valparaiso,05,El Tabo,05605,14338.0,0,0.0,0.0,0.0,0.0,0.0,5.0,0.0,2.0,2.0,3.0,4.0,7.0,6.0,16.0,22.0,13.0,14.0,10.0,18.0,9.0,6.0,8.0,15.0,15.0,5.0,5.0,1.0,4.0,7.0,6.0,4.0,4.0,3.0,1.0,1.0,6.0,2.0,0.0,0.0,5.0,1.0,2.0,0.0
Valparaiso,05,Hijuelas,05503,19099.0,0,0.0,0.0,0.0,0.0,0.0,0.0,0.0,1.0,0.0,0.0,0.0,0.0,7.0,10.0,14.0,11.0,9.0,15.0,22.0,19.0,29.0,23.0,20.0,27.0,26.0,18.0,15.0,17.0,12.0,14.0,7.0,1.0,11.0,7.0,0.0,1.0,0.0,1.0,0.0,1.0,3.0,5.0,1.0
Valparaiso,05,Isla de Pascua,05201,8277.0,0,0.0,0.0,0.0,0.0,2.0,1.0,2.0,0.0,0.0,0.0,0.0,0.0,0.0,0.0,0.0,0.0,0.0,0.0,0.0,0.0,0.0,0.0,0.0,0.0,0.0,0.0,0.0,0.0,0.0,4.0,0.0,0.0,0.0,0.0,0.0,0.0,0.0,0.0,0.0,0.0,0.0,0.0,1.0
Valparaiso,05,Juan Fernandez,05104,1033.0,0,0.0,0.0,0.0,0.0,0.0,0.0,0.0,0.0,0.0,0.0,0.0,0.0,0.0,0.0,0.0,0.0,0.0,0.0,0.0,0.0,0.0,0.0,0.0,0.0,0.0,0.0,0.0,0.0,0.0,0.0,1.0,0.0,0.0,0.0,0.0,0.0,0.0,0.0,0.0,0.0,0.0,0.0,0.0
Valparaiso,05,La Cruz,05504,25321.0,0,0.0,0.0,1.0,0.0,1.0,2.0,3.0,1.0,0.0,1.0,8.0,7.0,4.0,5.0,11.0,15.0,9.0,9.0,22.0,12.0,19.0,23.0,32.0,21.0,11.0,15.0,15.0,8.0,20.0,14.0,6.0,8.0,8.0,4.0,3.0,7.0,9.0,5.0,4.0,5.0,2.0,2.0,0.0
Valparaiso,05,La Ligua,05401,37739.0,0,0.0,0.0,0.0,0.0,1.0,0.0,1.0,0.0,0.0,0.0,1.0,2.0,9.0,17.0,28.0,26.0,34.0,23.0,29.0,32.0,30.0,31.0,35.0,26.0,28.0,41.0,57.0,44.0,23.0,18.0,10.0,16.0,27.0,15.0,9.0,6.0,5.0,4.0,9.0,10.0,10.0,7.0,1.0
Valparaiso,05,Limache,05802,49931.0,0,0.0,0.0,0.0,0.0,2.0,0.0,5.0,9.0,7.0,1.0,7.0,23.0,33.0,24.0,33.0,56.0,60.0,68.0,54.0,45.0,42.0,41.0,27.0,42.0,57.0,43.0,49.0,40.0,23.0,25.0,12.0,10.0,14.0,11.0,13.0,13.0,7.0,7.0,8.0,11.0,12.0,11.0,0.0
Valparaiso,05,Llaillay,05703,26533.0,0,0.0,0.0,0.0,0.0,1.0,1.0,0.0,0.0,0.0,1.0,2.0,5.0,29.0,23.0,21.0,28.0,17.0,22.0,16.0,17.0,24.0,11.0,12.0,19.0,10.0,4.0,15.0,15.0,18.0,15.0,13.0,5.0,22.0,21.0,18.0,13.0,9.0,10.0,5.0,1.0,6.0,11.0,1.0
Valparaiso,05,Los Andes,05301,68093.0,0,0.0,0.0,0.0,0.0,2.0,2.0,0.0,3.0,0.0,2.0,9.0,20.0,56.0,81.0,83.0,118.0,94.0,87.0,77.0,71.0,54.0,62.0,48.0,22.0,25.0,8.0,19.0,30.0,36.0,34.0,27.0,35.0,50.0,14.0,23.0,12.0,8.0,17.0,11.0,4.0,3.0,11.0,3.0
Valparaiso,05,Nogales,05506,23490.0,0,0.0,0.0,0.0,0.0,0.0,0.0,0.0,0.0,0.0,0.0,2.0,4.0,6.0,6.0,7.0,8.0,15.0,15.0,12.0,19.0,18.0,34.0,31.0,22.0,31.0,32.0,53.0,31.0,16.0,32.0,9.0,6.0,9.0,9.0,5.0,9.0,8.0,0.0,0.0,4.0,3.0,3.0,0.0
Valparaiso,05,Olmue,05803,19266.0,0,0.0,0.0,0.0,0.0,0.0,0.0,1.0,1.0,1.0,0.0,0.0,2.0,5.0,11.0,6.0,12.0,15.0,13.0,6.0,15.0,12.0,17.0,14.0,18.0,26.0,35.0,24.0,10.0,13.0,2.0,3.0,5.0,8.0,7.0,8.0,3.0,4.0,1.0,1.0,3.0,2.0,3.0,0.0
Valparaiso,05,Panquehue,05704,7633.0,0,0.0,0.0,0.0,0.0,0.0,0.0,0.0,0.0,0.0,0.0,0.0,3.0,5.0,6.0,3.0,8.0,5.0,9.0,7.0,6.0,14.0,22.0,12.0,0.0,2.0,3.0,2.0,3.0,2.0,0.0,0.0,0.0,1.0,3.0,2.0,0.0,0.0,0.0,1.0,2.0,0.0,1.0,0.0
Valparaiso,05,Papudo,05403,6201.0,0,0.0,0.0,0.0,0.0,0.0,0.0,1.0,0.0,1.0,0.0,0.0,0.0,6.0,4.0,12.0,11.0,10.0,8.0,3.0,4.0,3.0,2.0,6.0,4.0,2.0,6.0,4.0,3.0,4.0,15.0,13.0,5.0,11.0,4.0,2.0,3.0,0.0,1.0,0.0,2.0,0.0,0.0,0.0
Valparaiso,05,Petorca,05404,10558.0,0,0.0,0.0,0.0,0.0,1.0,4.0,1.0,0.0,0.0,0.0,0.0,0.0,4.0,4.0,9.0,4.0,5.0,8.0,10.0,3.0,3.0,8.0,5.0,6.0,5.0,12.0,11.0,16.0,3.0,7.0,6.0,1.0,0.0,3.0,4.0,2.0,0.0,0.0,0.0,4.0,3.0,3.0,0.0
Valparaiso,05,Puchuncavi,05105,20071.0,0,0.0,0.0,0.0,0.0,0.0,0.0,0.0,0.0,0.0,0.0,0.0,4.0,11.0,5.0,8.0,25.0,19.0,19.0,12.0,8.0,8.0,3.0,7.0,5.0,8.0,7.0,6.0,8.0,5.0,3.0,1.0,4.0,4.0,4.0,1.0,1.0,3.0,1.0,1.0,2.0,6.0,1.0,0.0
Valparaiso,05,Putaendo,05705,17645.0,0,0.0,0.0,0.0,0.0,1.0,0.0,0.0,1.0,3.0,2.0,2.0,7.0,7.0,7.0,14.0,26.0,25.0,24.0,20.0,21.0,16.0,6.0,15.0,10.0,7.0,8.0,3.0,5.0,8.0,16.0,5.0,9.0,11.0,2.0,5.0,0.0,2.0,5.0,9.0,4.0,0.0,1.0,0.0
Valparaiso,05,Quillota,05501,97572.0,0,0.0,0.0,1.0,0.0,3.0,7.0,3.0,8.0,1.0,5.0,3.0,17.0,18.0,38.0,56.0,135.0,118.0,136.0,134.0,132.0,78.0,80.0,83.0,71.0,74.0,119.0,101.0,79.0,51.0,35.0,18.0,25.0,20.0,22.0,13.0,21.0,12.0,20.0,22.0,9.0,18.0,29.0,6.0
Valparaiso,05,Quilpue,05801,167085.0,0,0.0,0.0,1.0,3.0,4.0,9.0,6.0,4.0,4.0,13.0,19.0,45.0,75.0,76.0,76.0,102.0,95.0,132.0,124.0,127.0,72.0,64.0,62.0,58.0,105.0,69.0,88.0,105.0,152.0,112.0,84.0,84.0,94.0,79.0,62.0,72.0,72.0,47.0,62.0,58.0,62.0,63.0,14.0
Valparaiso,05,Quintero,05107,36135.0,0,0.0,0.0,0.0,0.0,2.0,1.0,1.0,0.0,6.0,2.0,3.0,22.0,23.0,28.0,40.0,47.0,32.0,30.0,30.0,13.0,19.0,18.0,10.0,5.0,6.0,7.0,5.0,14.0,7.0,9.0,6.0,9.0,5.0,10.0,8.0,10.0,7.0,11.0,10.0,5.0,10.0,6.0,0.0
Valparaiso,05,Rinconada,05303,11263.0,0,0.0,0.0,0.0,0.0,0.0,0.0,3.0,0.0,0.0,0.0,0.0,2.0,14.0,17.0,15.0,17.0,19.0,12.0,7.0,6.0,11.0,11.0,4.0,0.0,0.0,1.0,0.0,1.0,1.0,1.0,0.0,3.0,2.0,5.0,2.0,5.0,2.0,1.0,0.0,0.0,1.0,3.0,0.0
Valparaiso,05,San Antonio,05601,96761.0,0,0.0,0.0,0.0,0.0,0.0,6.0,14.0,11.0,22.0,36.0,69.0,57.0,98.0,94.0,132.0,142.0,117.0,87.0,87.0,77.0,54.0,71.0,61.0,50.0,46.0,90.0,57.0,92.0,57.0,34.0,34.0,59.0,30.0,8.0,3.0,16.0,22.0,6.0,2.0,1.0,1.0,7.0,1.0
Valparaiso,05,San Esteban,05304,20643.0,0,0.0,0.0,0.0,0.0,0.0,0.0,0.0,0.0,1.0,2.0,2.0,7.0,4.0,11.0,16.0,24.0,14.0,12.0,18.0,17.0,17.0,14.0,7.0,8.0,3.0,5.0,3.0,7.0,2.0,7.0,8.0,15.0,12.0,7.0,11.0,4.0,1.0,2.0,5.0,4.0,4.0,2.0,1.0
Valparaiso,05,San Felipe,05701,83494.0,0,0.0,0.0,0.0,0.0,3.0,2.0,2.0,0.0,0.0,2.0,6.0,17.0,59.0,70.0,101.0,135.0,129.0,74.0,79.0,40.0,35.0,24.0,20.0,47.0,58.0,19.0,15.0,20.0,34.0,43.0,36.0,60.0,30.0,32.0,40.0,14.0,13.0,31.0,22.0,14.0,16.0,14.0,2.0
Valparaiso,05,Santa Maria,05706,16367.0,0,0.0,0.0,0.0,0.0,0.0,1.0,1.0,0.0,0.0,4.0,15.0,2.0,5.0,8.0,12.0,16.0,23.0,17.0,14.0,14.0,14.0,13.0,7.0,21.0,7.0,8.0,15.0,3.0,3.0,12.0,13.0,8.0,11.0,9.0,3.0,1.0,1.0,8.0,2.0,3.0,3.0,6.0,0.0
Valparaiso,05,Santo Domingo,05606,11934.0,0,0.0,0.0,0.0,2.0,1.0,1.0,4.0,5.0,4.0,4.0,5.0,4.0,12.0,7.0,9.0,29.0,17.0,10.0,9.0,6.0,5.0,1.0,1.0,3.0,0.0,6.0,3.0,15.0,6.0,9.0,1.0,0.0,0.0,3.0,10.0,6.0,0.0,0.0,1.0,0.0,0.0,0.0,0.0
Valparaiso,05,Valparaiso,05101,315732.0,0,0.0,0.0,1.0,2.0,11.0,14.0,13.0,19.0,18.0,26.0,81.0,116.0,143.0,222.0,277.0,349.0,329.0,304.0,233.0,198.0,225.0,236.0,215.0,200.0,195.0,236.0,253.0,234.0,272.0,223.0,148.0,146.0,138.0,121.0,102.0,89.0,127.0,150.0,112.0,141.0,149.0,133.0,18.0
Valparaiso,05,Villa Alemana,05804,139310.0,0,0.0,0.0,0.0,1.0,7.0,4.0,3.0,0.0,1.0,5.0,32.0,42.0,52.0,68.0,102.0,98.0,90.0,125.0,82.0,101.0,64.0,63.0,66.0,61.0,66.0,63.0,69.0,84.0,84.0,102.0,63.0,47.0,60.0,68.0,83.0,52.0,35.0,39.0,38.0,45.0,44.0,19.0,2.0
Valparaiso,05,Vina del Mar,05109,361371.0,0,0.0,1.0,0.0,5.0,24.0,28.0,21.0,14.0,21.0,25.0,78.0,138.0,195.0,231.0,271.0,305.0,278.0,302.0,266.0,244.0,178.0,183.0,160.0,174.0,211.0,229.0,247.0,243.0,240.0,205.0,132.0,145.0,136.0,113.0,100.0,70.0,79.0,89.0,86.0,91.0,117.0,130.0,25.0
Valparaiso,05,Zapallar,05405,7994.0,0,0.0,0.0,0.0,0.0,0.0,0.0,0.0,0.0,0.0,0.0,0.0,1.0,1.0,0.0,1.0,2.0,2.0,15.0,8.0,10.0,7.0,7.0,4.0,5.0,10.0,3.0,5.0,10.0,8.0,6.0,4.0,2.0,0.0,5.0,1.0,1.0,0.0,0.0,2.0,2.0,4.0,2.0,0.0
Valparaiso,05,Desconocido Valparaiso,,,0,0.0,0.0,0.0,0.0,0.0,1.0,0.0,0.0,0.0,0.0,0.0,0.0,0.0,0.0,0.0,0.0,0.0,0.0,0.0,0.0,0.0,0.0,0.0,0.0,0.0,0.0,0.0,0.0,0.0,0.0,0.0,0.0,0.0,0.0,0.0,0.0,0.0,0.0,0.0,0.0,0.0,0.0,0.0
Valparaiso,05,Total,,1960170.0,0.0,0.0,1.0,4.0,14.0,78.0,104.0,99.0,90.0,105.0,158.0,379.0,614.0,988.0,1214.0,1522.0,1963.0,1810.0,1787.0,1629.0,1497.0,1246.0,1259.0,1127.0,1096.0,1237.0,1238.0,1282.0,1316.0,1277.0,1124.0,740.0,807.0,798.0,656.0,585.0,502.0,492.0,514.0,463.0,476.0,546.0,545.0,88.0
,,,,,,,,,,,,,,,,,,,,,,,,,,,,,,,,,,,,,,,,,,,,,,,,
Metropolitana,13,Alhue,13502,7405.0,0,0.0,0.0,0.0,0.0,0.0,1.0,0.0,0.0,0.0,0.0,0.0,5.0,1.0,5.0,9.0,14.0,17.0,9.0,14.0,27.0,25.0,16.0,21.0,13.0,31.0,16.0,28.0,15.0,22.0,12.0,3.0,9.0,4.0,3.0,2.0,11.0,6.0,2.0,0.0,1.0,5.0,1.0,0.0
Metropolitana,13,Buin,13402,109641.0,0,0.0,0.0,0.0,0.0,5.0,16.0,10.0,12.0,17.0,21.0,63.0,140.0,186.0,224.0,204.0,209.0,196.0,172.0,132.0,130.0,83.0,103.0,70.0,71.0,77.0,40.0,54.0,44.0,72.0,32.0,56.0,61.0,48.0,37.0,27.0,42.0,39.0,21.0,25.0,38.0,17.0,41.0,5.0
Metropolitana,13,Calera de Tango,13403,28525.0,0,0.0,0.0,0.0,0.0,4.0,4.0,1.0,1.0,5.0,2.0,9.0,22.0,29.0,35.0,56.0,62.0,47.0,44.0,50.0,26.0,23.0,15.0,14.0,10.0,10.0,12.0,7.0,20.0,11.0,3.0,9.0,6.0,7.0,3.0,3.0,7.0,3.0,13.0,0.0,2.0,6.0,4.0,3.0
Metropolitana,13,Cerrillos,13102,88956.0,0,0.0,1.0,2.0,1.0,4.0,11.0,13.0,22.0,22.0,65.0,223.0,210.0,275.0,319.0,236.0,263.0,270.0,216.0,154.0,109.0,77.0,89.0,95.0,62.0,40.0,32.0,28.0,34.0,36.0,42.0,27.0,26.0,20.0,35.0,23.0,17.0,24.0,19.0,19.0,8.0,19.0,21.0,3.0
Metropolitana,13,Cerro Navia,13103,142465.0,0,0.0,0.0,1.0,10.0,15.0,15.0,13.0,38.0,49.0,111.0,279.0,594.0,698.0,721.0,730.0,687.0,548.0,461.0,258.0,229.0,170.0,131.0,109.0,174.0,107.0,109.0,91.0,83.0,70.0,47.0,47.0,39.0,30.0,40.0,23.0,17.0,33.0,51.0,53.0,53.0,57.0,36.0,4.0
Metropolitana,13,Colina,13301,180353.0,0,0.0,1.0,3.0,7.0,27.0,16.0,22.0,17.0,25.0,36.0,133.0,364.0,544.0,606.0,578.0,541.0,359.0,288.0,227.0,150.0,114.0,65.0,53.0,49.0,50.0,50.0,63.0,57.0,53.0,56.0,40.0,38.0,36.0,33.0,30.0,32.0,16.0,17.0,23.0,42.0,24.0,30.0,4.0
Metropolitana,13,Conchali,13104,139195.0,0,0.0,0.0,1.0,1.0,17.0,13.0,19.0,39.0,71.0,132.0,384.0,625.0,702.0,662.0,589.0,528.0,438.0,338.0,243.0,210.0,158.0,83.0,107.0,87.0,63.0,70.0,76.0,50.0,61.0,70.0,48.0,67.0,34.0,30.0,42.0,52.0,35.0,34.0,36.0,31.0,33.0,41.0,9.0
Metropolitana,13,Curacavi,13503,36430.0,0,0.0,0.0,0.0,1.0,2.0,5.0,5.0,4.0,1.0,3.0,19.0,39.0,68.0,95.0,132.0,95.0,79.0,51.0,41.0,38.0,37.0,37.0,28.0,26.0,19.0,32.0,19.0,51.0,18.0,25.0,9.0,11.0,3.0,8.0,4.0,5.0,20.0,13.0,14.0,10.0,20.0,35.0,6.0
Metropolitana,13,El Bosque,13105,172000.0,0,0.0,0.0,0.0,1.0,15.0,21.0,28.0,46.0,50.0,91.0,230.0,413.0,568.0,537.0,677.0,684.0,593.0,459.0,405.0,322.0,220.0,200.0,141.0,104.0,71.0,62.0,73.0,91.0,75.0,61.0,49.0,49.0,59.0,39.0,56.0,54.0,44.0,53.0,47.0,52.0,53.0,48.0,6.0
Metropolitana,13,El Monte,13602,40014.0,0,0.0,0.0,0.0,1.0,1.0,1.0,7.0,4.0,3.0,7.0,18.0,40.0,75.0,141.0,101.0,123.0,123.0,140.0,89.0,86.0,67.0,32.0,44.0,41.0,39.0,11.0,10.0,11.0,15.0,12.0,22.0,34.0,12.0,22.0,19.0,8.0,9.0,5.0,7.0,4.0,15.0,3.0,1.0
Metropolitana,13,Estacion Central,13106,206792.0,0,0.0,0.0,1.0,3.0,11.0,28.0,34.0,42.0,81.0,171.0,375.0,581.0,662.0,672.0,683.0,593.0,457.0,368.0,279.0,194.0,190.0,123.0,98.0,77.0,68.0,58.0,76.0,83.0,53.0,41.0,37.0,36.0,52.0,43.0,50.0,44.0,47.0,52.0,45.0,36.0,55.0,59.0,12.0
Metropolitana,13,Huechuraba,13107,112528.0,0,0.0,1.0,0.0,5.0,21.0,10.0,19.0,18.0,33.0,57.0,211.0,373.0,502.0,443.0,394.0,346.0,268.0,256.0,164.0,134.0,110.0,91.0,87.0,77.0,68.0,62.0,35.0,53.0,51.0,43.0,33.0,31.0,30.0,22.0,31.0,36.0,36.0,46.0,26.0,32.0,32.0,26.0,4.0
Metropolitana,13,Independencia,13108,142065.0,0,0.0,0.0,0.0,4.0,15.0,9.0,27.0,48.0,144.0,303.0,563.0,785.0,789.0,771.0,700.0,505.0,353.0,298.0,196.0,181.0,151.0,103.0,80.0,102.0,74.0,80.0,87.0,95.0,57.0,54.0,36.0,54.0,46.0,73.0,50.0,30.0,21.0,25.0,24.0,24.0,33.0,40.0,2.0
Metropolitana,13,Isla de Maipo,13603,40171.0,0,0.0,0.0,0.0,0.0,2.0,1.0,6.0,2.0,0.0,4.0,11.0,25.0,36.0,70.0,88.0,84.0,75.0,68.0,68.0,57.0,100.0,108.0,64.0,68.0,61.0,36.0,46.0,41.0,11.0,18.0,12.0,19.0,18.0,15.0,28.0,46.0,25.0,14.0,7.0,8.0,9.0,10.0,1.0
Metropolitana,13,La Cisterna,13109,100434.0,0,0.0,0.0,0.0,2.0,11.0,11.0,16.0,18.0,26.0,61.0,128.0,246.0,331.0,307.0,384.0,337.0,256.0,239.0,153.0,97.0,104.0,51.0,62.0,47.0,41.0,40.0,38.0,31.0,40.0,27.0,29.0,23.0,21.0,36.0,35.0,26.0,43.0,28.0,27.0,37.0,32.0,39.0,3.0
Metropolitana,13,La Florida,13110,402433.0,0,0.0,1.0,3.0,12.0,29.0,59.0,65.0,80.0,110.0,224.0,605.0,1072.0,1555.0,1725.0,1495.0,1433.0,1011.0,865.0,616.0,408.0,309.0,264.0,233.0,174.0,147.0,138.0,119.0,159.0,168.0,147.0,141.0,118.0,86.0,101.0,104.0,92.0,91.0,92.0,91.0,109.0,122.0,126.0,18.0
Metropolitana,13,La Granja,13111,122557.0,0,0.0,0.0,0.0,1.0,6.0,15.0,32.0,21.0,19.0,76.0,276.0,630.0,923.0,1015.0,713.0,640.0,488.0,344.0,242.0,223.0,140.0,98.0,101.0,60.0,70.0,52.0,37.0,46.0,54.0,50.0,55.0,58.0,46.0,49.0,50.0,26.0,29.0,27.0,49.0,46.0,27.0,22.0,3.0
Metropolitana,13,La Pintana,13112,189335.0,0,0.0,1.0,1.0,4.0,11.0,18.0,34.0,49.0,95.0,165.0,385.0,859.0,1018.0,1261.0,1298.0,1065.0,703.0,593.0,409.0,272.0,183.0,197.0,155.0,159.0,161.0,116.0,114.0,116.0,98.0,56.0,54.0,76.0,49.0,66.0,46.0,57.0,59.0,63.0,54.0,54.0,70.0,45.0,4.0
Metropolitana,13,La Reina,13113,100252.0,0,0.0,0.0,0.0,12.0,17.0,13.0,19.0,8.0,12.0,40.0,75.0,127.0,223.0,302.0,231.0,182.0,141.0,138.0,99.0,93.0,62.0,47.0,36.0,40.0,27.0,35.0,36.0,25.0,25.0,27.0,21.0,30.0,36.0,27.0,22.0,22.0,19.0,16.0,23.0,12.0,16.0,17.0,6.0
Metropolitana,13,Lampa,13302,126898.0,0,0.0,0.0,0.0,0.0,9.0,14.0,16.0,13.0,20.0,53.0,137.0,288.0,352.0,398.0,353.0,375.0,307.0,200.0,156.0,137.0,134.0,98.0,59.0,62.0,75.0,43.0,54.0,39.0,50.0,34.0,20.0,28.0,30.0,29.0,19.0,9.0,36.0,30.0,35.0,12.0,21.0,18.0,1.0
Metropolitana,13,Las Condes,13114,330759.0,0,1.0,0.0,18.0,58.0,126.0,70.0,43.0,36.0,30.0,72.0,247.0,520.0,713.0,768.0,662.0,526.0,455.0,353.0,293.0,211.0,131.0,134.0,125.0,108.0,76.0,85.0,83.0,70.0,81.0,100.0,73.0,101.0,108.0,95.0,96.0,84.0,55.0,74.0,61.0,94.0,98.0,96.0,32.0
Metropolitana,13,Lo Barnechea,13115,124076.0,0,0.0,0.0,2.0,15.0,53.0,30.0,20.0,37.0,39.0,66.0,152.0,279.0,401.0,424.0,391.0,405.0,297.0,170.0,123.0,103.0,48.0,62.0,55.0,54.0,47.0,57.0,67.0,59.0,47.0,22.0,18.0,36.0,38.0,55.0,30.0,29.0,38.0,46.0,23.0,37.0,31.0,25.0,10.0
Metropolitana,13,Lo Espejo,13116,103865.0,0,0.0,1.0,0.0,1.0,5.0,9.0,23.0,30.0,21.0,79.0,185.0,369.0,446.0,391.0,475.0,468.0,343.0,320.0,232.0,162.0,122.0,127.0,107.0,68.0,64.0,51.0,63.0,62.0,63.0,67.0,32.0,39.0,41.0,25.0,31.0,22.0,18.0,28.0,33.0,37.0,31.0,36.0,1.0
Metropolitana,13,Lo Prado,13117,104403.0,0,0.0,0.0,0.0,3.0,6.0,21.0,14.0,23.0,31.0,105.0,193.0,362.0,480.0,518.0,591.0,465.0,423.0,302.0,200.0,163.0,175.0,155.0,73.0,95.0,89.0,75.0,76.0,103.0,71.0,34.0,24.0,26.0,46.0,31.0,23.0,43.0,30.0,27.0,26.0,23.0,20.0,38.0,4.0
Metropolitana,13,Macul,13118,134635.0,0,0.0,0.0,2.0,3.0,16.0,23.0,19.0,15.0,23.0,77.0,198.0,444.0,535.0,627.0,476.0,470.0,312.0,279.0,176.0,145.0,132.0,92.0,110.0,80.0,58.0,70.0,49.0,60.0,40.0,48.0,40.0,41.0,36.0,42.0,14.0,36.0,39.0,28.0,33.0,39.0,34.0,53.0,4.0
Metropolitana,13,Maipu,13119,578605.0,0,0.0,0.0,0.0,13.0,51.0,73.0,86.0,95.0,118.0,154.0,433.0,940.0,1365.0,1565.0,1490.0,1478.0,1246.0,1014.0,783.0,557.0,450.0,346.0,318.0,266.0,227.0,166.0,179.0,176.0,216.0,186.0,202.0,163.0,138.0,162.0,155.0,142.0,93.0,138.0,115.0,117.0,133.0,112.0,21.0
Metropolitana,13,Maria Pinto,13504,14926.0,0,0.0,0.0,0.0,0.0,0.0,0.0,0.0,1.0,0.0,2.0,2.0,17.0,24.0,37.0,36.0,20.0,16.0,16.0,31.0,13.0,16.0,22.0,9.0,7.0,5.0,12.0,2.0,3.0,2.0,1.0,2.0,1.0,2.0,0.0,1.0,0.0,1.0,0.0,3.0,3.0,1.0,6.0,1.0
Metropolitana,13,Melipilla,13501,141612.0,0,0.0,0.0,1.0,1.0,5.0,5.0,5.0,9.0,23.0,38.0,87.0,103.0,204.0,329.0,474.0,429.0,359.0,406.0,306.0,225.0,172.0,125.0,78.0,60.0,61.0,83.0,58.0,50.0,125.0,76.0,39.0,70.0,38.0,34.0,38.0,22.0,22.0,31.0,22.0,37.0,52.0,42.0,8.0
Metropolitana,13,Nunoa,13120,250192.0,0,0.0,1.0,1.0,27.0,52.0,43.0,44.0,46.0,66.0,73.0,154.0,374.0,533.0,761.0,616.0,575.0,475.0,344.0,273.0,190.0,167.0,83.0,90.0,100.0,80.0,70.0,64.0,67.0,85.0,74.0,43.0,65.0,57.0,55.0,57.0,46.0,51.0,62.0,35.0,56.0,67.0,75.0,23.0
Metropolitana,13,Padre Hurtado,13604,74188.0,0,0.0,0.0,1.0,0.0,5.0,10.0,6.0,13.0,9.0,16.0,60.0,103.0,168.0,247.0,211.0,241.0,192.0,169.0,154.0,114.0,97.0,51.0,68.0,38.0,34.0,31.0,32.0,30.0,24.0,28.0,18.0,28.0,37.0,39.0,29.0,38.0,35.0,15.0,9.0,14.0,8.0,17.0,3.0
Metropolitana,13,Paine,13404,82766.0,0,0.0,0.0,1.0,0.0,2.0,0.0,4.0,6.0,3.0,5.0,29.0,83.0,80.0,111.0,99.0,159.0,150.0,135.0,113.0,115.0,84.0,60.0,46.0,25.0,59.0,41.0,43.0,69.0,75.0,59.0,63.0,48.0,26.0,18.0,21.0,21.0,20.0,14.0,17.0,10.0,15.0,21.0,3.0
Metropolitana,13,Pedro Aguirre Cerda,13121,107803.0,0,0.0,0.0,0.0,3.0,5.0,16.0,24.0,45.0,33.0,77.0,172.0,374.0,421.0,357.0,429.0,454.0,331.0,266.0,189.0,154.0,131.0,101.0,90.0,81.0,54.0,36.0,33.0,43.0,63.0,28.0,22.0,50.0,19.0,28.0,33.0,22.0,24.0,28.0,34.0,35.0,40.0,21.0,7.0
Metropolitana,13,Penaflor,13605,101058.0,0,0.0,1.0,1.0,5.0,3.0,9.0,6.0,8.0,15.0,28.0,59.0,116.0,207.0,307.0,284.0,280.0,248.0,236.0,137.0,102.0,165.0,68.0,66.0,61.0,54.0,63.0,75.0,51.0,23.0,33.0,34.0,34.0,36.0,38.0,16.0,17.0,21.0,23.0,16.0,23.0,26.0,18.0,9.0
Metropolitana,13,Penalolen,13122,266798.0,0,0.0,1.0,3.0,9.0,28.0,37.0,39.0,51.0,70.0,120.0,407.0,976.0,1325.0,1583.0,1402.0,1052.0,804.0,639.0,433.0,366.0,289.0,205.0,205.0,174.0,118.0,114.0,128.0,117.0,96.0,79.0,51.0,106.0,66.0,67.0,51.0,57.0,49.0,72.0,65.0,62.0,54.0,58.0,19.0
Metropolitana,13,Pirque,13202,30433.0,0,0.0,0.0,1.0,3.0,1.0,3.0,1.0,5.0,5.0,17.0,38.0,60.0,82.0,158.0,104.0,66.0,71.0,38.0,50.0,50.0,22.0,22.0,16.0,25.0,22.0,15.0,12.0,9.0,22.0,11.0,7.0,7.0,7.0,9.0,5.0,3.0,4.0,5.0,1.0,3.0,2.0,9.0,0.0
Metropolitana,13,Providencia,13123,157749.0,0,0.0,0.0,3.0,30.0,62.0,24.0,24.0,30.0,39.0,40.0,101.0,293.0,336.0,406.0,402.0,247.0,200.0,176.0,163.0,132.0,107.0,61.0,62.0,62.0,53.0,31.0,32.0,25.0,34.0,24.0,33.0,52.0,36.0,27.0,41.0,37.0,38.0,34.0,34.0,33.0,28.0,65.0,13.0
Metropolitana,13,Pudahuel,13124,253139.0,0,0.0,1.0,1.0,2.0,20.0,25.0,37.0,43.0,48.0,145.0,355.0,686.0,1019.0,1292.0,1205.0,1128.0,726.0,620.0,447.0,326.0,298.0,262.0,181.0,157.0,128.0,135.0,189.0,150.0,106.0,96.0,68.0,78.0,74.0,69.0,68.0,51.0,46.0,50.0,62.0,76.0,87.0,66.0,18.0
Metropolitana,13,Puente Alto,13201,645909.0,0,0.0,2.0,4.0,11.0,64.0,106.0,183.0,209.0,333.0,386.0,861.0,1625.0,2245.0,2577.0,2398.0,2340.0,1910.0,1529.0,1214.0,870.0,616.0,526.0,363.0,431.0,356.0,427.0,310.0,397.0,387.0,277.0,219.0,255.0,244.0,229.0,217.0,172.0,176.0,140.0,179.0,187.0,210.0,218.0,43.0
Metropolitana,13,Quilicura,13125,254694.0,0,0.0,0.0,3.0,3.0,19.0,28.0,44.0,45.0,141.0,324.0,554.0,822.0,948.0,899.0,1003.0,961.0,750.0,537.0,336.0,276.0,196.0,165.0,148.0,127.0,115.0,100.0,113.0,96.0,82.0,70.0,65.0,78.0,51.0,48.0,61.0,55.0,34.0,44.0,40.0,29.0,41.0,38.0,2.0
Metropolitana,13,Quinta Normal,13126,136368.0,0,0.0,1.0,2.0,6.0,14.0,27.0,40.0,50.0,51.0,100.0,273.0,465.0,579.0,713.0,747.0,603.0,467.0,343.0,251.0,212.0,204.0,104.0,126.0,141.0,127.0,102.0,90.0,95.0,92.0,54.0,29.0,35.0,49.0,40.0,51.0,31.0,49.0,33.0,46.0,41.0,41.0,39.0,7.0
Metropolitana,13,Recoleta,13127,190075.0,0,0.0,0.0,0.0,6.0,14.0,16.0,38.0,44.0,113.0,288.0,727.0,1180.0,1125.0,976.0,816.0,684.0,494.0,440.0,246.0,210.0,155.0,94.0,116.0,84.0,109.0,79.0,92.0,68.0,89.0,55.0,53.0,48.0,50.0,34.0,55.0,63.0,32.0,40.0,30.0,44.0,38.0,47.0,7.0
Metropolitana,13,Renca,13128,160847.0,0,0.0,0.0,0.0,5.0,7.0,11.0,9.0,36.0,68.0,111.0,305.0,623.0,728.0,848.0,760.0,806.0,733.0,831.0,575.0,467.0,402.0,305.0,303.0,235.0,257.0,191.0,158.0,143.0,186.0,183.0,182.0,154.0,68.0,44.0,49.0,40.0,37.0,45.0,51.0,43.0,43.0,70.0,16.0
Metropolitana,13,San Bernardo,13401,334836.0,0,0.0,0.0,1.0,6.0,21.0,38.0,68.0,81.0,128.0,169.0,358.0,717.0,921.0,1064.0,1194.0,1144.0,1026.0,871.0,642.0,452.0,339.0,237.0,227.0,186.0,154.0,127.0,131.0,134.0,110.0,103.0,90.0,97.0,113.0,74.0,82.0,97.0,81.0,57.0,72.0,77.0,91.0,76.0,6.0
Metropolitana,13,San Joaquin,13129,103485.0,0,0.0,0.0,0.0,1.0,16.0,22.0,15.0,35.0,43.0,86.0,235.0,511.0,636.0,404.0,386.0,383.0,326.0,242.0,218.0,153.0,153.0,153.0,80.0,76.0,57.0,52.0,46.0,62.0,39.0,31.0,26.0,25.0,24.0,22.0,30.0,23.0,35.0,21.0,33.0,37.0,24.0,32.0,4.0
Metropolitana,13,San Jose de Maipo,13203,18644.0,0,0.0,0.0,0.0,1.0,1.0,1.0,2.0,2.0,1.0,4.0,22.0,49.0,58.0,92.0,62.0,69.0,55.0,35.0,37.0,25.0,24.0,16.0,40.0,26.0,7.0,6.0,4.0,5.0,14.0,13.0,11.0,5.0,5.0,15.0,4.0,6.0,1.0,0.0,2.0,3.0,3.0,4.0,1.0
Metropolitana,13,San Miguel,13130,133059.0,0,0.0,0.0,1.0,3.0,27.0,23.0,27.0,46.0,51.0,78.0,212.0,454.0,517.0,617.0,519.0,512.0,365.0,351.0,216.0,180.0,141.0,123.0,63.0,114.0,73.0,72.0,102.0,52.0,62.0,35.0,42.0,40.0,36.0,64.0,34.0,42.0,43.0,41.0,39.0,40.0,48.0,54.0,8.0
Metropolitana,13,San Pedro,13505,11953.0,0,0.0,0.0,0.0,0.0,0.0,0.0,0.0,0.0,2.0,11.0,7.0,8.0,15.0,16.0,16.0,23.0,8.0,23.0,20.0,17.0,12.0,6.0,2.0,8.0,5.0,13.0,2.0,1.0,3.0,0.0,3.0,1.0,1.0,0.0,1.0,20.0,9.0,5.0,3.0,1.0,1.0,2.0,0.0
Metropolitana,13,San Ramon,13131,86510.0,0,0.0,0.0,0.0,1.0,2.0,11.0,11.0,13.0,42.0,91.0,250.0,461.0,555.0,526.0,429.0,466.0,327.0,218.0,159.0,145.0,129.0,97.0,75.0,56.0,49.0,45.0,41.0,34.0,35.0,36.0,39.0,27.0,25.0,33.0,44.0,35.0,26.0,34.0,40.0,34.0,27.0,23.0,5.0
Metropolitana,13,Santiago,13101,503147.0,0,0.0,1.0,3.0,31.0,98.0,98.0,148.0,165.0,176.0,389.0,968.0,1753.0,1750.0,1862.0,1529.0,1278.0,1009.0,841.0,577.0,460.0,399.0,226.0,187.0,154.0,157.0,132.0,136.0,193.0,170.0,139.0,130.0,143.0,115.0,131.0,136.0,114.0,119.0,88.0,113.0,104.0,138.0,193.0,35.0
Metropolitana,13,Talagante,13601,81838.0,0,0.0,0.0,0.0,0.0,4.0,8.0,7.0,3.0,10.0,11.0,42.0,59.0,98.0,125.0,157.0,187.0,213.0,206.0,185.0,126.0,82.0,52.0,67.0,25.0,31.0,39.0,25.0,17.0,25.0,12.0,13.0,21.0,30.0,23.0,22.0,19.0,23.0,26.0,15.0,16.0,12.0,24.0,1.0
Metropolitana,13,Tiltil,13303,21477.0,0,0.0,0.0,0.0,0.0,2.0,1.0,2.0,1.0,2.0,4.0,10.0,33.0,43.0,58.0,50.0,53.0,36.0,34.0,32.0,26.0,11.0,11.0,11.0,11.0,10.0,5.0,15.0,3.0,5.0,2.0,1.0,4.0,1.0,1.0,7.0,7.0,5.0,8.0,6.0,5.0,4.0,9.0,5.0
Metropolitana,13,Vitacura,13132,96774.0,0,0.0,0.0,6.0,32.0,50.0,29.0,14.0,6.0,5.0,15.0,55.0,164.0,220.0,184.0,141.0,128.0,93.0,89.0,67.0,46.0,36.0,33.0,27.0,39.0,23.0,23.0,26.0,15.0,15.0,22.0,16.0,15.0,31.0,18.0,15.0,21.0,22.0,24.0,15.0,23.0,33.0,46.0,6.0
Metropolitana,13,Desconocido Metropolitana,,,0,0.0,0.0,0.0,1.0,3.0,0.0,0.0,0.0,1.0,1.0,1.0,2.0,1.0,2.0,4.0,2.0,0.0,2.0,3.0,1.0,1.0,1.0,0.0,0.0,0.0,0.0,1.0,0.0,0.0,1.0,0.0,0.0,2.0,0.0,6.0,4.0,4.0,12.0,11.0,15.0,5.0,11.0,0.0
Metropolitana,13,Total,,8125072.0,0.0,1.0,14.0,67.0,345.0,1004.0,1098.0,1389.0,1711.0,2523.0,4804.0,11876.0,22463.0,28315.0,31153.0,29209.0,26868.0,21189.0,17622.0,12876.0,9917.0,7963.0,6076.0,5191.0,4677.0,4058.0,3642.0,3568.0,3603.0,3527.0,2856.0,2436.0,2706.0,2317.0,2281.0,2187.0,2052.0,1915.0,1914.0,1889.0,2009.0,2152.0,2306.0,417.0
,,,,,,,,,,,,,,,,,,,,,,,,,,,,,,,,,,,,,,,,,,,,,,,,
Del Libertador General Bernardo O’Higgins,06,Chepica,06302,15925.0,0,0.0,0.0,0.0,0.0,0.0,0.0,0.0,0.0,0.0,0.0,0.0,1.0,6.0,0.0,5.0,6.0,22.0,18.0,20.0,16.0,28.0,17.0,13.0,3.0,4.0,12.0,19.0,16.0,12.0,5.0,16.0,9.0,9.0,7.0,5.0,3.0,2.0,2.0,2.0,3.0,5.0,3.0,0.0
Del Libertador General Bernardo O’Higgins,06,Chimbarongo,06303,37696.0,0,0.0,0.0,0.0,0.0,2.0,1.0,0.0,0.0,0.0,0.0,1.0,5.0,13.0,9.0,6.0,11.0,16.0,18.0,28.0,20.0,14.0,16.0,15.0,16.0,6.0,6.0,12.0,13.0,19.0,2.0,10.0,10.0,17.0,12.0,18.0,17.0,21.0,4.0,6.0,2.0,1.0,6.0,0.0
Del Libertador General Bernardo O’Higgins,06,Codegua,06102,14096.0,0,0.0,0.0,0.0,0.0,1.0,0.0,0.0,0.0,0.0,0.0,0.0,1.0,3.0,10.0,10.0,9.0,13.0,16.0,24.0,14.0,16.0,17.0,13.0,6.0,8.0,12.0,14.0,7.0,13.0,6.0,10.0,7.0,9.0,7.0,13.0,5.0,3.0,7.0,0.0,5.0,3.0,6.0,0.0
Del Libertador General Bernardo O’Higgins,06,Coinco,06103,7831.0,0,0.0,0.0,0.0,0.0,0.0,0.0,0.0,0.0,0.0,1.0,0.0,4.0,10.0,8.0,3.0,4.0,5.0,11.0,8.0,12.0,11.0,11.0,5.0,10.0,5.0,1.0,5.0,7.0,6.0,3.0,2.0,1.0,0.0,8.0,1.0,1.0,0.0,5.0,1.0,3.0,1.0,6.0,2.0
Del Libertador General Bernardo O’Higgins,06,Coltauco,06104,21263.0,0,0.0,0.0,0.0,0.0,0.0,0.0,0.0,0.0,0.0,0.0,0.0,15.0,9.0,13.0,2.0,4.0,6.0,15.0,20.0,12.0,21.0,31.0,44.0,28.0,35.0,30.0,45.0,27.0,26.0,12.0,9.0,5.0,12.0,9.0,17.0,11.0,6.0,6.0,10.0,13.0,25.0,41.0,5.0
Del Libertador General Bernardo O’Higgins,06,Donihue,06105,22700.0,0,0.0,0.0,0.0,0.0,0.0,1.0,0.0,0.0,1.0,0.0,5.0,9.0,15.0,12.0,10.0,18.0,26.0,51.0,46.0,38.0,32.0,34.0,22.0,24.0,14.0,15.0,14.0,16.0,27.0,11.0,14.0,10.0,23.0,19.0,21.0,9.0,9.0,18.0,24.0,11.0,15.0,34.0,6.0
Del Libertador General Bernardo O’Higgins,06,Graneros,06106,36504.0,0,0.0,0.0,0.0,0.0,1.0,0.0,0.0,0.0,0.0,3.0,7.0,13.0,20.0,23.0,19.0,24.0,44.0,58.0,57.0,54.0,39.0,29.0,11.0,15.0,33.0,36.0,18.0,17.0,29.0,18.0,25.0,26.0,34.0,25.0,9.0,8.0,7.0,12.0,10.0,14.0,12.0,1.0,4.0
Del Libertador General Bernardo O’Higgins,06,La Estrella,06202,3114.0,0,0.0,0.0,0.0,0.0,0.0,0.0,0.0,0.0,0.0,0.0,0.0,0.0,0.0,0.0,1.0,4.0,6.0,2.0,5.0,4.0,0.0,3.0,1.0,2.0,1.0,0.0,1.0,1.0,0.0,0.0,2.0,2.0,0.0,0.0,0.0,0.0,0.0,1.0,1.0,2.0,2.0,1.0,0.0
Del Libertador General Bernardo O’Higgins,06,Las Cabras,06107,26749.0,0,0.0,0.0,0.0,0.0,0.0,0.0,0.0,1.0,2.0,4.0,3.0,2.0,4.0,3.0,5.0,7.0,14.0,22.0,34.0,25.0,25.0,16.0,14.0,21.0,26.0,25.0,28.0,29.0,19.0,20.0,17.0,8.0,14.0,19.0,19.0,19.0,8.0,6.0,3.0,7.0,2.0,4.0,0.0
Del Libertador General Bernardo O’Higgins,06,Litueche,06203,6765.0,0,0.0,0.0,0.0,0.0,0.0,0.0,0.0,0.0,1.0,5.0,2.0,2.0,2.0,0.0,1.0,6.0,14.0,7.0,6.0,4.0,1.0,2.0,6.0,2.0,4.0,4.0,0.0,0.0,0.0,1.0,0.0,4.0,1.0,0.0,0.0,1.0,2.0,0.0,0.0,0.0,0.0,0.0,0.0
Del Libertador General Bernardo O’Higgins,06,Lolol,06304,7289.0,0,0.0,0.0,0.0,0.0,0.0,0.0,0.0,0.0,0.0,0.0,0.0,1.0,2.0,0.0,9.0,2.0,3.0,4.0,3.0,0.0,0.0,0.0,0.0,4.0,6.0,1.0,6.0,1.0,3.0,1.0,0.0,0.0,0.0,5.0,10.0,2.0,8.0,2.0,1.0,1.0,1.0,0.0,1.0
Del Libertador General Bernardo O’Higgins,06,Machali,06108,59913.0,0,0.0,0.0,0.0,1.0,4.0,1.0,0.0,4.0,0.0,5.0,4.0,9.0,18.0,21.0,32.0,53.0,99.0,201.0,178.0,115.0,60.0,57.0,35.0,36.0,22.0,23.0,23.0,53.0,37.0,20.0,23.0,17.0,24.0,29.0,16.0,16.0,10.0,32.0,11.0,9.0,16.0,14.0,1.0
Del Libertador General Bernardo O’Higgins,06,Malloa,06109,14163.0,0,0.0,0.0,0.0,0.0,0.0,0.0,0.0,0.0,0.0,0.0,0.0,1.0,3.0,2.0,4.0,3.0,7.0,10.0,8.0,8.0,13.0,21.0,18.0,9.0,3.0,9.0,9.0,4.0,6.0,13.0,9.0,7.0,16.0,7.0,17.0,15.0,14.0,8.0,5.0,5.0,8.0,11.0,0.0
Del Libertador General Bernardo O’Higgins,06,Marchihue,06204,7632.0,0,0.0,0.0,0.0,0.0,0.0,0.0,0.0,0.0,0.0,0.0,0.0,0.0,0.0,1.0,3.0,0.0,5.0,0.0,1.0,4.0,1.0,5.0,2.0,2.0,1.0,0.0,0.0,9.0,4.0,2.0,0.0,1.0,0.0,1.0,0.0,1.0,5.0,5.0,3.0,9.0,13.0,4.0,2.0
Del Libertador General Bernardo O’Higgins,06,Mostazal,06110,27462.0,0,0.0,0.0,0.0,0.0,0.0,0.0,0.0,0.0,0.0,0.0,3.0,4.0,6.0,15.0,21.0,24.0,16.0,21.0,28.0,19.0,13.0,14.0,13.0,14.0,9.0,15.0,11.0,11.0,12.0,10.0,7.0,13.0,7.0,11.0,18.0,19.0,6.0,9.0,3.0,7.0,4.0,3.0,0.0
Del Libertador General Bernardo O’Higgins,06,Nancagua,06305,19141.0,0,0.0,0.0,0.0,0.0,0.0,0.0,0.0,0.0,0.0,0.0,1.0,1.0,11.0,5.0,9.0,7.0,12.0,1.0,7.0,6.0,4.0,4.0,3.0,3.0,14.0,4.0,10.0,14.0,18.0,8.0,9.0,7.0,7.0,10.0,6.0,7.0,5.0,2.0,2.0,1.0,3.0,1.0,0.0
Del Libertador General Bernardo O’Higgins,06,Navidad,06205,6904.0,0,0.0,0.0,0.0,0.0,0.0,0.0,0.0,0.0,0.0,3.0,0.0,6.0,2.0,6.0,1.0,10.0,10.0,5.0,6.0,7.0,3.0,3.0,2.0,2.0,0.0,0.0,0.0,0.0,0.0,0.0,0.0,1.0,1.0,3.0,0.0,3.0,0.0,0.0,0.0,1.0,1.0,0.0,0.0
Del Libertador General Bernardo O’Higgins,06,Olivar,06111,14624.0,0,0.0,0.0,0.0,0.0,0.0,1.0,2.0,3.0,1.0,0.0,0.0,7.0,4.0,12.0,5.0,12.0,13.0,26.0,32.0,29.0,15.0,9.0,13.0,11.0,14.0,12.0,15.0,5.0,7.0,8.0,12.0,19.0,9.0,9.0,8.0,1.0,1.0,3.0,4.0,4.0,1.0,6.0,0.0
Del Libertador General Bernardo O’Higgins,06,Palmilla,06306,13299.0,0,0.0,0.0,0.0,0.0,0.0,0.0,0.0,0.0,0.0,1.0,0.0,0.0,2.0,3.0,1.0,5.0,4.0,4.0,3.0,1.0,7.0,2.0,3.0,11.0,2.0,9.0,16.0,14.0,12.0,7.0,4.0,2.0,2.0,8.0,3.0,6.0,3.0,6.0,9.0,5.0,1.0,1.0,0.0
Del Libertador General Bernardo O’Higgins,06,Paredones,06206,6349.0,0,0.0,0.0,0.0,0.0,0.0,0.0,0.0,0.0,0.0,0.0,0.0,0.0,2.0,2.0,1.0,1.0,1.0,1.0,0.0,3.0,1.0,4.0,2.0,2.0,0.0,1.0,2.0,1.0,0.0,1.0,1.0,1.0,3.0,0.0,0.0,5.0,7.0,3.0,1.0,1.0,0.0,0.0,0.0
Del Libertador General Bernardo O’Higgins,06,Peralillo,06307,11848.0,0,0.0,0.0,0.0,0.0,0.0,0.0,0.0,0.0,0.0,0.0,0.0,0.0,2.0,7.0,7.0,11.0,4.0,0.0,5.0,1.0,2.0,2.0,2.0,3.0,1.0,3.0,0.0,4.0,10.0,2.0,10.0,5.0,2.0,3.0,3.0,3.0,1.0,0.0,1.0,1.0,1.0,0.0,0.0
Del Libertador General Bernardo O’Higgins,06,Peumo,06112,14952.0,0,0.0,0.0,0.0,0.0,0.0,1.0,0.0,0.0,0.0,0.0,2.0,3.0,2.0,2.0,2.0,1.0,1.0,4.0,6.0,2.0,14.0,21.0,8.0,18.0,17.0,17.0,22.0,27.0,25.0,36.0,14.0,17.0,15.0,17.0,14.0,12.0,3.0,4.0,4.0,6.0,7.0,2.0,0.0
Del Libertador General Bernardo O’Higgins,06,Pichidegua,06113,20743.0,0,0.0,0.0,0.0,0.0,0.0,0.0,0.0,0.0,0.0,0.0,1.0,3.0,8.0,3.0,2.0,3.0,7.0,10.0,12.0,16.0,14.0,17.0,22.0,46.0,33.0,21.0,17.0,30.0,44.0,38.0,21.0,23.0,14.0,20.0,21.0,15.0,4.0,4.0,9.0,8.0,5.0,2.0,0.0
Del Libertador General Bernardo O’Higgins,06,Pichilemu,06201,17882.0,0,0.0,0.0,0.0,0.0,0.0,0.0,0.0,0.0,0.0,0.0,2.0,1.0,4.0,7.0,4.0,2.0,6.0,5.0,4.0,0.0,12.0,4.0,1.0,0.0,1.0,0.0,3.0,4.0,2.0,4.0,8.0,4.0,4.0,1.0,4.0,3.0,8.0,18.0,12.0,3.0,5.0,1.0,0.0
Del Libertador General Bernardo O’Higgins,06,Placilla,06308,9164.0,0,0.0,0.0,0.0,0.0,0.0,1.0,0.0,0.0,0.0,0.0,0.0,1.0,4.0,2.0,6.0,4.0,2.0,1.0,5.0,9.0,5.0,6.0,3.0,0.0,7.0,2.0,1.0,3.0,20.0,8.0,4.0,3.0,6.0,5.0,2.0,2.0,3.0,1.0,1.0,1.0,1.0,2.0,1.0
Del Libertador General Bernardo O’Higgins,06,Pumanque,06309,3531.0,0,0.0,0.0,0.0,0.0,0.0,0.0,0.0,0.0,0.0,0.0,0.0,0.0,0.0,0.0,2.0,0.0,1.0,1.0,0.0,0.0,0.0,0.0,0.0,0.0,1.0,0.0,0.0,1.0,2.0,1.0,0.0,0.0,0.0,1.0,0.0,1.0,3.0,3.0,4.0,1.0,2.0,0.0,0.0
Del Libertador General Bernardo O’Higgins,06,Quinta de Tilcoco,06114,13877.0,0,0.0,0.0,0.0,0.0,1.0,0.0,0.0,0.0,0.0,0.0,0.0,0.0,1.0,1.0,4.0,2.0,10.0,16.0,18.0,12.0,11.0,16.0,11.0,13.0,5.0,3.0,1.0,4.0,6.0,10.0,7.0,1.0,5.0,5.0,9.0,4.0,1.0,2.0,0.0,0.0,1.0,2.0,1.0
Del Libertador General Bernardo O’Higgins,06,Rancagua,06101,265211.0,0,0.0,0.0,0.0,0.0,8.0,4.0,6.0,4.0,8.0,12.0,25.0,85.0,165.0,222.0,258.0,387.0,592.0,954.0,790.0,609.0,433.0,271.0,162.0,193.0,205.0,209.0,196.0,259.0,200.0,209.0,182.0,166.0,154.0,127.0,132.0,101.0,62.0,90.0,63.0,89.0,85.0,91.0,28.0
Del Libertador General Bernardo O’Higgins,06,Rengo,06115,63710.0,0,0.0,0.0,0.0,0.0,1.0,2.0,0.0,0.0,4.0,5.0,3.0,7.0,20.0,30.0,22.0,43.0,59.0,76.0,81.0,108.0,151.0,116.0,83.0,56.0,63.0,24.0,25.0,13.0,16.0,12.0,15.0,17.0,25.0,45.0,30.0,22.0,9.0,7.0,12.0,6.0,14.0,15.0,2.0
Del Libertador General Bernardo O’Higgins,06,Requinoa,06116,30371.0,0,0.0,0.0,0.0,0.0,2.0,0.0,0.0,0.0,0.0,2.0,1.0,4.0,5.0,13.0,20.0,14.0,33.0,53.0,43.0,42.0,33.0,27.0,20.0,23.0,9.0,8.0,17.0,18.0,7.0,4.0,7.0,10.0,19.0,6.0,12.0,6.0,4.0,9.0,9.0,9.0,4.0,11.0,1.0
Del Libertador General Bernardo O’Higgins,06,San Fernando,06301,78642.0,0,0.0,0.0,0.0,0.0,2.0,1.0,1.0,0.0,2.0,0.0,2.0,6.0,8.0,23.0,15.0,19.0,22.0,44.0,43.0,41.0,44.0,55.0,49.0,66.0,62.0,43.0,56.0,97.0,85.0,64.0,81.0,76.0,71.0,48.0,49.0,43.0,25.0,31.0,28.0,35.0,28.0,26.0,5.0
Del Libertador General Bernardo O’Higgins,06,San Vicente,06117,50617.0,0,0.0,0.0,0.0,0.0,0.0,3.0,1.0,0.0,0.0,3.0,3.0,16.0,26.0,16.0,12.0,22.0,34.0,34.0,31.0,25.0,35.0,45.0,34.0,62.0,62.0,29.0,27.0,36.0,40.0,41.0,42.0,38.0,35.0,59.0,52.0,25.0,15.0,15.0,5.0,7.0,8.0,5.0,4.0
Del Libertador General Bernardo O’Higgins,06,Santa Cruz,06310,41096.0,0,0.0,0.0,0.0,0.0,0.0,1.0,0.0,0.0,1.0,1.0,0.0,4.0,5.0,9.0,7.0,18.0,13.0,13.0,19.0,18.0,21.0,11.0,20.0,46.0,40.0,31.0,50.0,63.0,83.0,50.0,20.0,13.0,14.0,11.0,15.0,8.0,15.0,9.0,21.0,13.0,9.0,12.0,2.0
Del Libertador General Bernardo O’Higgins,06,Desconocido O’Higgins,,,0,0.0,0.0,0.0,0.0,0.0,0.0,0.0,0.0,0.0,0.0,0.0,0.0,0.0,0.0,0.0,0.0,0.0,0.0,0.0,0.0,0.0,0.0,0.0,0.0,0.0,0.0,0.0,0.0,0.0,0.0,0.0,0.0,0.0,0.0,0.0,0.0,0.0,0.0,0.0,0.0,0.0,0.0,0.0
Del Libertador General Bernardo O’Higgins,06,Total,,991063.0,0.0,0.0,0.0,0.0,1.0,22.0,17.0,10.0,12.0,20.0,45.0,65.0,211.0,382.0,480.0,509.0,736.0,1120.0,1702.0,1571.0,1274.0,1079.0,886.0,650.0,747.0,713.0,605.0,663.0,804.0,790.0,627.0,581.0,523.0,552.0,537.0,524.0,394.0,270.0,324.0,265.0,282.0,284.0,311.0,65.0
,,,,,,,,,,,,,,,,,,,,,,,,,,,,,,,,,,,,,,,,,,,,,,,,
Maule,07,Cauquenes,07201,44143.0,0,0.0,0.0,0.0,0.0,0.0,2.0,3.0,1.0,6.0,2.0,1.0,4.0,13.0,14.0,52.0,47.0,42.0,45.0,39.0,25.0,42.0,19.0,13.0,6.0,5.0,6.0,7.0,3.0,10.0,15.0,8.0,11.0,3.0,14.0,15.0,16.0,9.0,9.0,2.0,5.0,7.0,17.0,1.0
Maule,07,Chanco,07202,9331.0,0,0.0,0.0,0.0,0.0,0.0,1.0,0.0,0.0,1.0,1.0,0.0,1.0,0.0,1.0,0.0,8.0,6.0,9.0,0.0,0.0,8.0,4.0,2.0,0.0,3.0,4.0,7.0,3.0,9.0,9.0,6.0,4.0,15.0,5.0,7.0,5.0,14.0,1.0,1.0,2.0,4.0,7.0,0.0
Maule,07,Colbun,07402,22565.0,0,0.0,0.0,0.0,0.0,0.0,3.0,3.0,0.0,0.0,0.0,1.0,4.0,9.0,12.0,15.0,10.0,21.0,19.0,7.0,16.0,13.0,15.0,21.0,7.0,29.0,22.0,17.0,12.0,9.0,9.0,12.0,19.0,25.0,8.0,22.0,18.0,18.0,6.0,3.0,6.0,5.0,4.0,0.0
Maule,07,Constitucion,07102,50348.0,0,0.0,0.0,0.0,0.0,0.0,3.0,3.0,5.0,7.0,4.0,1.0,2.0,3.0,5.0,6.0,20.0,20.0,37.0,51.0,32.0,35.0,51.0,42.0,19.0,31.0,21.0,13.0,15.0,23.0,14.0,3.0,4.0,4.0,12.0,16.0,11.0,9.0,4.0,20.0,41.0,35.0,17.0,7.0
Maule,07,Curepto,07103,9426.0,0,0.0,0.0,0.0,0.0,0.0,0.0,2.0,2.0,4.0,0.0,1.0,1.0,2.0,0.0,1.0,1.0,3.0,9.0,6.0,1.0,2.0,4.0,3.0,5.0,18.0,23.0,9.0,17.0,3.0,5.0,3.0,7.0,5.0,4.0,7.0,2.0,1.0,0.0,1.0,2.0,4.0,7.0,3.0
Maule,07,Curico,07301,163626.0,0,0.0,0.0,1.0,2.0,3.0,6.0,3.0,12.0,10.0,9.0,11.0,19.0,43.0,148.0,195.0,280.0,263.0,239.0,217.0,165.0,157.0,135.0,147.0,94.0,73.0,68.0,48.0,66.0,83.0,100.0,96.0,126.0,113.0,129.0,140.0,89.0,87.0,99.0,70.0,49.0,60.0,142.0,37.0
Maule,07,Empedrado,07104,4206.0,0,0.0,0.0,0.0,0.0,0.0,0.0,0.0,0.0,0.0,0.0,0.0,0.0,0.0,0.0,0.0,2.0,6.0,13.0,4.0,1.0,2.0,1.0,1.0,1.0,1.0,0.0,3.0,3.0,3.0,1.0,0.0,0.0,0.0,0.0,2.0,1.0,0.0,0.0,3.0,2.0,3.0,10.0,2.0
Maule,07,Hualane,07302,10222.0,0,0.0,0.0,0.0,0.0,0.0,0.0,0.0,0.0,1.0,0.0,0.0,0.0,3.0,15.0,29.0,29.0,20.0,11.0,1.0,1.0,0.0,2.0,0.0,0.0,0.0,1.0,1.0,2.0,2.0,0.0,6.0,7.0,2.0,2.0,1.0,0.0,0.0,0.0,1.0,1.0,2.0,1.0,0.0
Maule,07,Licanten,07303,6989.0,0,0.0,0.0,0.0,0.0,0.0,0.0,1.0,0.0,1.0,0.0,0.0,0.0,0.0,0.0,2.0,5.0,4.0,5.0,1.0,0.0,1.0,1.0,1.0,2.0,2.0,0.0,0.0,2.0,26.0,67.0,26.0,5.0,1.0,2.0,0.0,0.0,0.0,3.0,0.0,0.0,0.0,0.0,0.0
Maule,07,Linares,07401,101073.0,0,0.0,1.0,0.0,0.0,2.0,5.0,5.0,4.0,6.0,3.0,4.0,12.0,17.0,18.0,28.0,41.0,80.0,79.0,56.0,68.0,79.0,63.0,67.0,70.0,64.0,84.0,127.0,75.0,93.0,52.0,40.0,32.0,19.0,27.0,19.0,34.0,28.0,32.0,46.0,50.0,40.0,22.0,9.0
Maule,07,Longavi,07403,32810.0,0,0.0,0.0,0.0,0.0,1.0,0.0,1.0,1.0,1.0,0.0,2.0,5.0,12.0,11.0,22.0,26.0,46.0,27.0,13.0,14.0,18.0,6.0,10.0,12.0,25.0,13.0,24.0,37.0,60.0,40.0,41.0,32.0,28.0,20.0,11.0,3.0,3.0,4.0,3.0,10.0,3.0,2.0,0.0
Maule,07,Maule,07105,60000.0,0,0.0,0.0,0.0,0.0,1.0,1.0,2.0,6.0,11.0,3.0,0.0,3.0,13.0,13.0,28.0,29.0,32.0,42.0,29.0,49.0,41.0,61.0,50.0,25.0,48.0,47.0,34.0,29.0,57.0,58.0,56.0,65.0,52.0,56.0,40.0,32.0,34.0,18.0,60.0,45.0,30.0,22.0,4.0
Maule,07,Molina,07304,49800.0,0,0.0,0.0,0.0,0.0,1.0,2.0,0.0,1.0,3.0,0.0,0.0,2.0,4.0,9.0,21.0,23.0,21.0,44.0,46.0,19.0,25.0,16.0,23.0,24.0,35.0,23.0,27.0,53.0,113.0,60.0,43.0,77.0,37.0,24.0,25.0,19.0,19.0,10.0,3.0,8.0,7.0,9.0,4.0
Maule,07,Parral,07404,44544.0,0,0.0,0.0,0.0,0.0,1.0,3.0,2.0,2.0,1.0,0.0,0.0,6.0,5.0,41.0,55.0,22.0,18.0,17.0,9.0,17.0,15.0,11.0,11.0,10.0,12.0,7.0,12.0,19.0,41.0,45.0,65.0,32.0,24.0,36.0,18.0,23.0,29.0,63.0,60.0,51.0,40.0,29.0,7.0
Maule,07,Pelarco,07106,9083.0,0,0.0,0.0,0.0,0.0,0.0,0.0,0.0,3.0,2.0,0.0,2.0,4.0,5.0,4.0,5.0,6.0,3.0,3.0,3.0,3.0,14.0,23.0,33.0,16.0,4.0,1.0,5.0,4.0,1.0,5.0,1.0,2.0,3.0,0.0,0.0,3.0,3.0,1.0,1.0,5.0,5.0,3.0,0.0
Maule,07,Pelluhue,07203,8092.0,0,0.0,0.0,0.0,0.0,1.0,0.0,0.0,1.0,0.0,0.0,0.0,1.0,6.0,1.0,9.0,12.0,16.0,10.0,0.0,3.0,1.0,2.0,5.0,3.0,3.0,2.0,17.0,5.0,0.0,3.0,2.0,5.0,7.0,2.0,4.0,3.0,3.0,1.0,2.0,0.0,1.0,0.0,0.0
Maule,07,Pencahue,07107,8601.0,0,0.0,0.0,0.0,0.0,0.0,0.0,0.0,0.0,3.0,0.0,0.0,0.0,0.0,8.0,4.0,2.0,6.0,3.0,6.0,8.0,7.0,3.0,2.0,1.0,0.0,8.0,6.0,21.0,16.0,10.0,9.0,4.0,7.0,1.0,2.0,0.0,0.0,2.0,1.0,8.0,2.0,3.0,0.0
Maule,07,Rauco,07305,11248.0,0,0.0,0.0,0.0,0.0,0.0,1.0,1.0,0.0,1.0,0.0,0.0,1.0,1.0,7.0,6.0,8.0,15.0,5.0,10.0,8.0,17.0,18.0,9.0,5.0,3.0,5.0,2.0,2.0,0.0,7.0,13.0,9.0,7.0,15.0,12.0,8.0,12.0,11.0,6.0,3.0,11.0,2.0,0.0
Maule,07,Retiro,07405,21071.0,0,0.0,0.0,0.0,0.0,0.0,0.0,0.0,1.0,0.0,0.0,1.0,0.0,1.0,17.0,42.0,12.0,11.0,9.0,12.0,8.0,3.0,2.0,8.0,12.0,10.0,6.0,4.0,19.0,30.0,15.0,24.0,22.0,23.0,12.0,7.0,9.0,10.0,9.0,8.0,8.0,0.0,3.0,0.0
Maule,07,Rio Claro,07108,14753.0,0,0.0,0.0,0.0,0.0,2.0,0.0,1.0,1.0,3.0,2.0,0.0,2.0,2.0,2.0,8.0,3.0,4.0,13.0,13.0,18.0,2.0,4.0,14.0,9.0,13.0,2.0,3.0,11.0,13.0,15.0,17.0,15.0,7.0,6.0,2.0,4.0,3.0,5.0,17.0,4.0,5.0,6.0,1.0
Maule,07,Romeral,07306,16170.0,0,0.0,0.0,0.0,0.0,1.0,2.0,0.0,0.0,10.0,0.0,0.0,0.0,5.0,13.0,20.0,24.0,37.0,58.0,34.0,13.0,7.0,18.0,16.0,21.0,14.0,10.0,3.0,1.0,1.0,4.0,24.0,14.0,3.0,2.0,8.0,9.0,4.0,1.0,1.0,0.0,3.0,30.0,2.0
Maule,07,Sagrada Familia,07307,19469.0,0,0.0,0.0,0.0,0.0,0.0,0.0,1.0,0.0,1.0,0.0,0.0,1.0,0.0,3.0,7.0,18.0,8.0,10.0,10.0,11.0,9.0,7.0,5.0,9.0,14.0,5.0,6.0,5.0,9.0,28.0,3.0,3.0,2.0,6.0,1.0,1.0,3.0,10.0,4.0,9.0,4.0,5.0,2.0
Maule,07,San Clemente,07109,46292.0,0,0.0,0.0,0.0,0.0,0.0,0.0,1.0,2.0,6.0,1.0,7.0,7.0,13.0,18.0,21.0,39.0,43.0,57.0,84.0,75.0,57.0,46.0,24.0,25.0,54.0,21.0,33.0,40.0,108.0,67.0,68.0,40.0,15.0,18.0,8.0,10.0,17.0,10.0,5.0,14.0,29.0,20.0,11.0
Maule,07,San Javier,07406,49451.0,0,0.0,0.0,0.0,0.0,0.0,2.0,6.0,5.0,7.0,4.0,3.0,7.0,8.0,9.0,20.0,44.0,33.0,39.0,27.0,40.0,48.0,47.0,71.0,37.0,18.0,15.0,10.0,26.0,40.0,53.0,28.0,38.0,28.0,36.0,36.0,62.0,51.0,34.0,32.0,37.0,53.0,55.0,8.0
Maule,07,San Rafael,07110,9959.0,0,0.0,0.0,0.0,0.0,0.0,1.0,0.0,1.0,1.0,0.0,0.0,5.0,10.0,28.0,7.0,15.0,8.0,10.0,11.0,11.0,5.0,3.0,3.0,3.0,11.0,17.0,18.0,12.0,6.0,8.0,16.0,10.0,10.0,3.0,8.0,5.0,15.0,6.0,17.0,8.0,8.0,1.0,1.0
Maule,07,Talca,07101,236724.0,0,0.0,0.0,3.0,9.0,13.0,19.0,11.0,15.0,73.0,17.0,13.0,21.0,50.0,75.0,80.0,151.0,182.0,234.0,198.0,174.0,118.0,119.0,101.0,108.0,152.0,140.0,143.0,164.0,234.0,303.0,304.0,278.0,257.0,251.0,212.0,159.0,174.0,130.0,111.0,90.0,85.0,79.0,25.0
Maule,07,Teno,07308,30850.0,0,0.0,0.0,0.0,0.0,0.0,0.0,0.0,1.0,1.0,1.0,3.0,1.0,3.0,4.0,7.0,12.0,32.0,31.0,29.0,32.0,23.0,28.0,40.0,26.0,24.0,18.0,23.0,23.0,30.0,20.0,22.0,51.0,16.0,13.0,7.0,6.0,4.0,16.0,22.0,21.0,36.0,19.0,1.0
Maule,07,Vichuquen,07309,4381.0,0,0.0,0.0,0.0,0.0,0.0,0.0,0.0,0.0,0.0,0.0,0.0,0.0,0.0,0.0,0.0,0.0,0.0,0.0,0.0,1.0,1.0,4.0,0.0,0.0,0.0,0.0,0.0,0.0,0.0,0.0,3.0,4.0,3.0,1.0,1.0,0.0,0.0,0.0,0.0,0.0,0.0,1.0,0.0
Maule,07,Villa Alegre,07407,17512.0,0,0.0,0.0,0.0,0.0,0.0,0.0,0.0,1.0,1.0,0.0,0.0,1.0,2.0,0.0,10.0,15.0,9.0,11.0,13.0,18.0,9.0,30.0,11.0,5.0,4.0,8.0,15.0,10.0,1.0,6.0,4.0,8.0,15.0,8.0,10.0,3.0,6.0,10.0,5.0,2.0,8.0,11.0,0.0
Maule,07,Yerbas Buenas,07408,19200.0,0,0.0,0.0,0.0,0.0,0.0,0.0,0.0,1.0,0.0,2.0,0.0,4.0,9.0,12.0,23.0,12.0,15.0,8.0,6.0,3.0,7.0,13.0,5.0,16.0,14.0,9.0,13.0,7.0,16.0,20.0,9.0,9.0,5.0,14.0,6.0,6.0,4.0,5.0,21.0,12.0,5.0,4.0,1.0
Maule,07,Desconocido Maule,,,0,0.0,0.0,0.0,0.0,0.0,0.0,0.0,0.0,0.0,0.0,0.0,0.0,0.0,0.0,0.0,0.0,0.0,0.0,0.0,0.0,0.0,0.0,0.0,0.0,0.0,0.0,0.0,0.0,0.0,0.0,0.0,0.0,0.0,0.0,0.0,0.0,0.0,0.0,0.0,0.0,0.0,0.0,0.0
Maule,07,Total,,1131939.0,0.0,0.0,1.0,4.0,11.0,26.0,51.0,46.0,66.0,161.0,49.0,50.0,114.0,239.0,488.0,723.0,916.0,1004.0,1097.0,935.0,834.0,766.0,756.0,738.0,571.0,684.0,586.0,630.0,686.0,1037.0,1039.0,952.0,933.0,736.0,727.0,647.0,541.0,560.0,500.0,526.0,493.0,495.0,531.0,126.0
,,,,,,,,,,,,,,,,,,,,,,,,,,,,,,,,,,,,,,,,,,,,,,,,
Nuble,16,Bulnes,16102,22607.0,0,0.0,0.0,0.0,0.0,9.0,27.0,10.0,7.0,7.0,8.0,9.0,24.0,45.0,26.0,18.0,17.0,10.0,7.0,7.0,20.0,24.0,19.0,35.0,33.0,39.0,36.0,27.0,32.0,39.0,21.0,22.0,9.0,12.0,22.0,19.0,20.0,10.0,10.0,11.0,5.0,11.0,10.0,2.0
Nuble,16,Chillan,16101,198624.0,0,0.0,0.0,1.0,28.0,119.0,117.0,75.0,33.0,25.0,17.0,17.0,20.0,64.0,58.0,65.0,96.0,102.0,129.0,95.0,108.0,121.0,87.0,65.0,75.0,84.0,91.0,192.0,207.0,231.0,213.0,122.0,95.0,85.0,121.0,134.0,119.0,143.0,117.0,174.0,186.0,217.0,186.0,66.0
Nuble,16,Chillan Viejo,16103,33827.0,0,0.0,0.0,0.0,5.0,7.0,19.0,7.0,14.0,3.0,1.0,0.0,4.0,15.0,22.0,11.0,26.0,20.0,22.0,15.0,17.0,25.0,18.0,5.0,10.0,12.0,13.0,23.0,32.0,16.0,29.0,11.0,24.0,12.0,9.0,15.0,4.0,9.0,14.0,24.0,23.0,20.0,23.0,4.0
Nuble,16,Cobquecura,16202,5275.0,0,0.0,0.0,0.0,0.0,0.0,0.0,0.0,0.0,0.0,0.0,0.0,0.0,0.0,0.0,0.0,0.0,0.0,0.0,0.0,0.0,2.0,0.0,1.0,0.0,7.0,8.0,1.0,0.0,5.0,7.0,5.0,1.0,1.0,0.0,1.0,6.0,1.0,0.0,1.0,0.0,0.0,0.0,0.0
Nuble,16,Coelemu,16203,16845.0,0,0.0,0.0,0.0,0.0,0.0,2.0,2.0,0.0,0.0,0.0,0.0,0.0,2.0,6.0,10.0,6.0,9.0,11.0,0.0,1.0,6.0,1.0,5.0,3.0,5.0,5.0,0.0,4.0,12.0,22.0,11.0,15.0,13.0,14.0,4.0,5.0,8.0,8.0,6.0,3.0,3.0,1.0,2.0
Nuble,16,Coihueco,16302,28375.0,0,0.0,0.0,0.0,0.0,2.0,3.0,4.0,6.0,12.0,12.0,3.0,1.0,8.0,1.0,1.0,5.0,11.0,16.0,11.0,30.0,36.0,21.0,12.0,10.0,8.0,10.0,26.0,16.0,20.0,49.0,47.0,61.0,51.0,25.0,6.0,12.0,20.0,21.0,16.0,23.0,11.0,9.0,3.0
Nuble,16,El Carmen,16104,12334.0,0,0.0,0.0,0.0,0.0,2.0,0.0,1.0,0.0,0.0,0.0,0.0,1.0,3.0,7.0,14.0,3.0,4.0,7.0,7.0,7.0,16.0,3.0,5.0,6.0,0.0,1.0,13.0,21.0,19.0,9.0,3.0,4.0,0.0,2.0,11.0,10.0,11.0,1.0,1.0,5.0,11.0,22.0,0.0
Nuble,16,Ninhue,16204,5414.0,0,0.0,0.0,0.0,0.0,0.0,0.0,2.0,0.0,2.0,0.0,0.0,0.0,1.0,3.0,2.0,2.0,4.0,3.0,5.0,4.0,2.0,1.0,4.0,2.0,1.0,0.0,0.0,0.0,4.0,2.0,3.0,0.0,1.0,1.0,1.0,0.0,1.0,3.0,3.0,4.0,2.0,3.0,1.0
Nuble,16,Niquen,16303,11567.0,0,0.0,0.0,0.0,0.0,1.0,0.0,1.0,2.0,0.0,0.0,1.0,0.0,5.0,3.0,11.0,16.0,11.0,3.0,4.0,1.0,3.0,6.0,6.0,3.0,4.0,29.0,14.0,3.0,5.0,8.0,3.0,0.0,4.0,2.0,1.0,0.0,0.0,2.0,16.0,1.0,1.0,0.0,0.0
Nuble,16,Pemuco,16105,8639.0,0,0.0,0.0,0.0,0.0,1.0,0.0,4.0,1.0,0.0,0.0,0.0,3.0,1.0,2.0,5.0,5.0,20.0,14.0,3.0,6.0,7.0,3.0,1.0,1.0,1.0,0.0,7.0,11.0,8.0,11.0,6.0,1.0,0.0,1.0,1.0,4.0,2.0,4.0,2.0,3.0,2.0,7.0,2.0
Nuble,16,Pinto,16106,11880.0,0,0.0,0.0,0.0,0.0,2.0,3.0,5.0,1.0,1.0,0.0,0.0,0.0,3.0,0.0,2.0,0.0,3.0,7.0,6.0,3.0,11.0,4.0,3.0,3.0,2.0,2.0,4.0,4.0,4.0,8.0,10.0,11.0,10.0,3.0,2.0,2.0,1.0,4.0,0.0,5.0,2.0,3.0,1.0
Nuble,16,Portezuelo,16205,4940.0,0,0.0,0.0,0.0,0.0,0.0,0.0,0.0,0.0,0.0,0.0,0.0,1.0,4.0,2.0,0.0,0.0,0.0,0.0,0.0,1.0,5.0,4.0,0.0,0.0,1.0,0.0,2.0,5.0,2.0,5.0,2.0,1.0,3.0,3.0,2.0,0.0,1.0,0.0,3.0,0.0,1.0,1.0,0.0
Nuble,16,Quillon,16107,18777.0,0,0.0,0.0,0.0,0.0,8.0,8.0,8.0,1.0,0.0,2.0,2.0,2.0,9.0,6.0,13.0,25.0,20.0,15.0,6.0,14.0,25.0,4.0,6.0,4.0,5.0,4.0,13.0,27.0,22.0,11.0,15.0,8.0,12.0,3.0,3.0,14.0,26.0,22.0,21.0,29.0,14.0,10.0,1.0
Nuble,16,Quirihue,16201,12192.0,0,0.0,0.0,0.0,0.0,0.0,1.0,2.0,0.0,1.0,0.0,1.0,7.0,4.0,1.0,4.0,1.0,1.0,3.0,1.0,5.0,1.0,1.0,8.0,6.0,9.0,9.0,8.0,5.0,7.0,6.0,4.0,5.0,12.0,7.0,7.0,24.0,20.0,15.0,14.0,0.0,2.0,1.0,1.0
Nuble,16,Ranquil,16206,6261.0,0,0.0,0.0,0.0,0.0,1.0,3.0,6.0,0.0,0.0,0.0,0.0,1.0,0.0,0.0,0.0,1.0,1.0,2.0,2.0,0.0,5.0,6.0,5.0,1.0,1.0,0.0,5.0,3.0,3.0,8.0,0.0,6.0,9.0,7.0,4.0,4.0,7.0,6.0,5.0,2.0,2.0,0.0,0.0
Nuble,16,San Carlos,16301,56252.0,0,0.0,0.0,0.0,2.0,5.0,10.0,9.0,2.0,3.0,3.0,3.0,7.0,7.0,13.0,29.0,48.0,29.0,28.0,30.0,40.0,26.0,28.0,16.0,4.0,15.0,11.0,24.0,30.0,12.0,29.0,14.0,11.0,6.0,17.0,11.0,13.0,10.0,20.0,4.0,20.0,18.0,11.0,3.0
Nuble,16,San Fabian,16304,4654.0,0,0.0,0.0,0.0,0.0,3.0,3.0,1.0,0.0,1.0,0.0,0.0,0.0,0.0,1.0,0.0,0.0,0.0,0.0,0.0,0.0,2.0,1.0,1.0,1.0,1.0,0.0,0.0,2.0,3.0,6.0,2.0,8.0,0.0,3.0,0.0,0.0,0.0,0.0,0.0,0.0,2.0,1.0,0.0
Nuble,16,San Ignacio,16108,16624.0,0,0.0,0.0,0.0,0.0,2.0,3.0,1.0,0.0,1.0,3.0,3.0,1.0,2.0,6.0,8.0,8.0,35.0,20.0,4.0,2.0,7.0,17.0,5.0,4.0,2.0,0.0,4.0,6.0,3.0,15.0,2.0,3.0,3.0,1.0,1.0,2.0,3.0,2.0,9.0,10.0,15.0,14.0,0.0
Nuble,16,San Nicolas,16305,12172.0,0,0.0,0.0,0.0,0.0,2.0,6.0,5.0,4.0,0.0,0.0,0.0,2.0,3.0,9.0,8.0,10.0,5.0,3.0,8.0,13.0,17.0,7.0,6.0,12.0,7.0,2.0,6.0,11.0,15.0,15.0,12.0,8.0,1.0,2.0,2.0,2.0,2.0,9.0,11.0,12.0,11.0,9.0,2.0
Nuble,16,Treguaco,16207,5696.0,0,0.0,0.0,0.0,0.0,0.0,0.0,0.0,0.0,0.0,0.0,0.0,0.0,1.0,0.0,0.0,1.0,0.0,0.0,0.0,0.0,1.0,1.0,2.0,0.0,5.0,1.0,6.0,12.0,17.0,5.0,1.0,5.0,6.0,2.0,2.0,0.0,2.0,8.0,1.0,0.0,0.0,1.0,0.0
Nuble,16,Yungay,16109,18596.0,0,0.0,0.0,0.0,0.0,3.0,16.0,21.0,3.0,4.0,6.0,2.0,2.0,2.0,0.0,6.0,2.0,5.0,5.0,8.0,3.0,3.0,5.0,15.0,1.0,8.0,4.0,4.0,1.0,5.0,12.0,13.0,4.0,5.0,0.0,2.0,1.0,7.0,8.0,7.0,18.0,8.0,16.0,3.0
Nuble,16,Desconocido Nuble,,,0,0.0,0.0,0.0,0.0,0.0,0.0,0.0,0.0,0.0,0.0,0.0,0.0,0.0,0.0,0.0,0.0,0.0,0.0,0.0,0.0,0.0,0.0,0.0,0.0,0.0,0.0,0.0,0.0,0.0,0.0,0.0,0.0,0.0,0.0,0.0,0.0,0.0,0.0,0.0,0.0,0.0,0.0,0.0
Nuble,16,Total,,511551.0,0.0,0.0,0.0,1.0,35.0,167.0,221.0,164.0,74.0,60.0,52.0,41.0,76.0,179.0,166.0,207.0,272.0,290.0,295.0,212.0,275.0,345.0,237.0,206.0,179.0,217.0,226.0,379.0,432.0,452.0,491.0,308.0,280.0,246.0,245.0,229.0,242.0,284.0,274.0,329.0,349.0,353.0,328.0,91.0
,,,,,,,,,,,,,,,,,,,,,,,,,,,,,,,,,,,,,,,,,,,,,,,,
Biobio,08,Alto Biobio,08314,6775.0,0,0.0,0.0,0.0,0.0,0.0,0.0,0.0,0.0,0.0,0.0,0.0,0.0,7.0,43.0,49.0,27.0,11.0,10.0,2.0,7.0,11.0,2.0,1.0,2.0,2.0,1.0,0.0,1.0,2.0,1.0,2.0,0.0,2.0,0.0,1.0,0.0,1.0,0.0,0.0,0.0,0.0,6.0,4.0
Biobio,08,Antuco,08302,4306.0,0,0.0,0.0,0.0,0.0,0.0,0.0,0.0,0.0,0.0,0.0,0.0,2.0,2.0,2.0,13.0,2.0,5.0,11.0,4.0,5.0,5.0,1.0,7.0,0.0,1.0,1.0,0.0,3.0,7.0,3.0,0.0,3.0,4.0,1.0,1.0,0.0,1.0,2.0,1.0,0.0,0.0,4.0,1.0
Biobio,08,Arauco,08202,38679.0,0,0.0,0.0,0.0,1.0,2.0,2.0,1.0,0.0,0.0,0.0,5.0,4.0,14.0,17.0,23.0,14.0,23.0,48.0,45.0,18.0,14.0,32.0,43.0,45.0,33.0,44.0,55.0,32.0,19.0,37.0,33.0,28.0,31.0,56.0,90.0,60.0,54.0,52.0,47.0,46.0,62.0,97.0,18.0
Biobio,08,Cabrero,08303,30725.0,0,0.0,0.0,0.0,0.0,1.0,0.0,4.0,3.0,7.0,1.0,3.0,4.0,2.0,3.0,3.0,8.0,24.0,35.0,14.0,11.0,9.0,11.0,2.0,12.0,6.0,11.0,15.0,17.0,27.0,9.0,9.0,10.0,35.0,54.0,31.0,61.0,45.0,29.0,13.0,15.0,49.0,20.0,16.0
Biobio,08,Canete,08203,37003.0,0,0.0,0.0,0.0,0.0,0.0,0.0,0.0,0.0,0.0,0.0,0.0,0.0,1.0,9.0,4.0,7.0,1.0,6.0,5.0,2.0,12.0,34.0,35.0,15.0,25.0,33.0,35.0,18.0,19.0,14.0,11.0,42.0,48.0,89.0,84.0,43.0,51.0,52.0,67.0,66.0,67.0,67.0,12.0
Biobio,08,Chiguayante,08103,91180.0,0,0.0,0.0,0.0,6.0,5.0,9.0,16.0,11.0,9.0,11.0,8.0,6.0,9.0,9.0,26.0,30.0,54.0,38.0,37.0,45.0,68.0,61.0,72.0,56.0,80.0,81.0,107.0,139.0,131.0,68.0,61.0,90.0,72.0,64.0,83.0,64.0,80.0,101.0,102.0,146.0,118.0,155.0,22.0
Biobio,08,Concepcion,08101,238092.0,0,0.0,1.0,1.0,7.0,28.0,28.0,23.0,22.0,18.0,14.0,19.0,21.0,21.0,86.0,84.0,108.0,221.0,224.0,153.0,127.0,126.0,157.0,148.0,159.0,216.0,255.0,371.0,353.0,307.0,223.0,165.0,196.0,147.0,146.0,167.0,166.0,182.0,228.0,278.0,268.0,320.0,294.0,60.0
Biobio,08,Contulmo,08204,6330.0,0,0.0,0.0,0.0,0.0,0.0,0.0,0.0,0.0,0.0,0.0,0.0,0.0,0.0,1.0,1.0,0.0,0.0,5.0,10.0,1.0,0.0,2.0,1.0,0.0,2.0,1.0,4.0,2.0,2.0,2.0,4.0,1.0,2.0,6.0,3.0,3.0,0.0,3.0,9.0,4.0,3.0,2.0,1.0
Biobio,08,Coronel,08102,125829.0,0,0.0,0.0,0.0,1.0,6.0,6.0,5.0,1.0,0.0,5.0,2.0,13.0,14.0,50.0,109.0,77.0,116.0,169.0,125.0,111.0,84.0,111.0,118.0,114.0,114.0,102.0,94.0,145.0,149.0,153.0,172.0,244.0,137.0,108.0,120.0,131.0,126.0,96.0,131.0,130.0,125.0,146.0,39.0
Biobio,08,Curanilahue,08205,33892.0,0,0.0,0.0,0.0,0.0,1.0,0.0,0.0,0.0,0.0,0.0,1.0,3.0,0.0,2.0,4.0,11.0,8.0,16.0,16.0,25.0,42.0,37.0,22.0,9.0,18.0,5.0,22.0,54.0,79.0,107.0,114.0,84.0,48.0,34.0,49.0,14.0,13.0,14.0,38.0,72.0,59.0,58.0,13.0
Biobio,08,Florida,08104,11841.0,0,0.0,0.0,0.0,0.0,0.0,2.0,1.0,0.0,0.0,0.0,0.0,2.0,0.0,1.0,0.0,0.0,7.0,4.0,9.0,0.0,4.0,6.0,16.0,3.0,4.0,11.0,11.0,10.0,15.0,13.0,8.0,17.0,17.0,4.0,7.0,3.0,2.0,10.0,5.0,13.0,12.0,11.0,3.0
Biobio,08,Hualpen,08112,97273.0,0,0.0,0.0,0.0,3.0,23.0,33.0,26.0,17.0,8.0,2.0,6.0,11.0,9.0,17.0,31.0,22.0,63.0,74.0,81.0,56.0,63.0,72.0,74.0,63.0,89.0,128.0,140.0,150.0,133.0,89.0,51.0,77.0,57.0,56.0,71.0,57.0,74.0,98.0,162.0,144.0,117.0,116.0,26.0
Biobio,08,Hualqui,08105,26201.0,0,0.0,0.0,0.0,1.0,1.0,2.0,3.0,5.0,9.0,0.0,1.0,2.0,5.0,12.0,7.0,8.0,11.0,30.0,24.0,10.0,15.0,24.0,13.0,25.0,51.0,33.0,30.0,51.0,42.0,25.0,21.0,16.0,8.0,20.0,18.0,21.0,15.0,16.0,21.0,21.0,20.0,17.0,8.0
Biobio,08,Laja,08304,23873.0,0,0.0,0.0,1.0,1.0,0.0,3.0,1.0,1.0,1.0,5.0,1.0,17.0,20.0,8.0,7.0,5.0,11.0,15.0,18.0,16.0,16.0,15.0,15.0,6.0,3.0,8.0,2.0,2.0,6.0,12.0,5.0,10.0,23.0,41.0,36.0,21.0,24.0,16.0,4.0,2.0,21.0,17.0,3.0
Biobio,08,Lebu,08201,27100.0,0,0.0,0.0,0.0,0.0,0.0,0.0,0.0,0.0,0.0,0.0,1.0,1.0,0.0,0.0,6.0,1.0,5.0,6.0,3.0,0.0,1.0,7.0,4.0,1.0,8.0,7.0,9.0,11.0,23.0,51.0,57.0,52.0,18.0,28.0,33.0,33.0,14.0,14.0,18.0,19.0,35.0,18.0,5.0
Biobio,08,Los Alamos,08206,22524.0,0,0.0,0.0,0.0,0.0,0.0,0.0,0.0,1.0,0.0,0.0,0.0,0.0,1.0,0.0,1.0,2.0,3.0,28.0,21.0,14.0,9.0,16.0,15.0,6.0,17.0,14.0,10.0,24.0,34.0,30.0,14.0,38.0,33.0,27.0,35.0,15.0,7.0,7.0,18.0,9.0,8.0,7.0,1.0
Biobio,08,Los Angeles,08301,218515.0,0,0.0,0.0,0.0,3.0,6.0,9.0,6.0,5.0,4.0,0.0,4.0,32.0,64.0,89.0,77.0,86.0,88.0,136.0,163.0,113.0,94.0,103.0,80.0,68.0,40.0,51.0,71.0,85.0,82.0,54.0,61.0,77.0,78.0,114.0,163.0,209.0,205.0,258.0,237.0,204.0,278.0,309.0,67.0
Biobio,08,Lota,08106,45750.0,0,0.0,0.0,0.0,0.0,1.0,0.0,1.0,0.0,0.0,0.0,1.0,16.0,11.0,14.0,21.0,22.0,43.0,64.0,52.0,35.0,27.0,31.0,38.0,50.0,25.0,35.0,47.0,36.0,47.0,66.0,66.0,55.0,73.0,113.0,63.0,52.0,64.0,54.0,50.0,44.0,72.0,89.0,21.0
Biobio,08,Mulchen,08305,31041.0,0,0.0,0.0,0.0,0.0,1.0,4.0,0.0,0.0,0.0,0.0,2.0,3.0,1.0,1.0,11.0,3.0,3.0,12.0,25.0,27.0,26.0,8.0,2.0,6.0,7.0,16.0,41.0,63.0,30.0,27.0,14.0,14.0,11.0,23.0,39.0,23.0,24.0,9.0,20.0,17.0,15.0,17.0,3.0
Biobio,08,Nacimiento,08306,27944.0,0,0.0,0.0,0.0,0.0,2.0,3.0,3.0,2.0,0.0,1.0,3.0,8.0,4.0,8.0,7.0,6.0,19.0,29.0,28.0,18.0,16.0,5.0,4.0,4.0,8.0,8.0,28.0,27.0,20.0,25.0,7.0,12.0,7.0,21.0,19.0,23.0,21.0,30.0,19.0,28.0,41.0,24.0,8.0
Biobio,08,Negrete,08307,10429.0,0,0.0,0.0,0.0,0.0,0.0,0.0,2.0,0.0,0.0,0.0,0.0,7.0,12.0,10.0,9.0,12.0,20.0,16.0,17.0,6.0,11.0,3.0,5.0,4.0,7.0,12.0,23.0,9.0,8.0,6.0,0.0,4.0,14.0,8.0,10.0,4.0,5.0,4.0,19.0,10.0,17.0,16.0,2.0
Biobio,08,Penco,08107,49865.0,0,0.0,0.0,0.0,0.0,1.0,3.0,3.0,3.0,8.0,0.0,3.0,2.0,2.0,10.0,13.0,42.0,63.0,42.0,38.0,36.0,33.0,58.0,75.0,59.0,70.0,50.0,65.0,59.0,47.0,35.0,36.0,33.0,20.0,16.0,17.0,31.0,24.0,20.0,24.0,22.0,38.0,76.0,8.0
Biobio,08,Quilaco,08308,4179.0,0,0.0,0.0,0.0,0.0,0.0,0.0,0.0,0.0,0.0,0.0,0.0,0.0,0.0,0.0,2.0,3.0,1.0,1.0,3.0,0.0,2.0,3.0,3.0,4.0,4.0,0.0,1.0,0.0,7.0,1.0,2.0,1.0,1.0,11.0,12.0,1.0,0.0,0.0,0.0,0.0,1.0,2.0,0.0
Biobio,08,Quilleco,08309,10032.0,0,0.0,0.0,0.0,0.0,0.0,0.0,0.0,0.0,0.0,0.0,0.0,0.0,0.0,1.0,2.0,2.0,2.0,1.0,8.0,12.0,9.0,6.0,6.0,12.0,10.0,7.0,3.0,7.0,3.0,13.0,1.0,3.0,3.0,1.0,1.0,0.0,0.0,1.0,3.0,3.0,7.0,3.0,0.0
Biobio,08,San Pedro de la Paz,08108,145906.0,0,0.0,0.0,0.0,6.0,35.0,17.0,23.0,8.0,11.0,3.0,2.0,15.0,13.0,38.0,61.0,65.0,92.0,110.0,71.0,90.0,70.0,83.0,89.0,89.0,100.0,98.0,124.0,156.0,134.0,111.0,88.0,75.0,78.0,97.0,112.0,120.0,100.0,125.0,162.0,199.0,183.0,130.0,19.0
Biobio,08,San Rosendo,08310,3611.0,0,0.0,0.0,0.0,0.0,0.0,0.0,0.0,0.0,0.0,0.0,0.0,1.0,1.0,0.0,2.0,2.0,0.0,8.0,3.0,1.0,4.0,0.0,1.0,0.0,1.0,0.0,1.0,1.0,0.0,1.0,1.0,1.0,4.0,6.0,6.0,0.0,5.0,0.0,0.0,0.0,4.0,0.0,3.0
Biobio,08,Santa Barbara,08311,14592.0,0,0.0,0.0,0.0,0.0,0.0,2.0,1.0,0.0,0.0,0.0,0.0,4.0,9.0,7.0,19.0,7.0,8.0,23.0,9.0,14.0,14.0,7.0,20.0,9.0,9.0,14.0,10.0,8.0,7.0,0.0,3.0,3.0,2.0,6.0,9.0,11.0,7.0,8.0,1.0,1.0,2.0,3.0,2.0
Biobio,08,Santa Juana,08109,14779.0,0,0.0,0.0,0.0,0.0,0.0,0.0,1.0,0.0,0.0,1.0,0.0,0.0,1.0,0.0,3.0,12.0,15.0,14.0,6.0,1.0,5.0,11.0,2.0,3.0,6.0,4.0,14.0,23.0,24.0,11.0,5.0,4.0,11.0,5.0,7.0,7.0,7.0,13.0,11.0,15.0,8.0,7.0,1.0
Biobio,08,Talcahuano,08110,158345.0,0,0.0,0.0,0.0,1.0,16.0,16.0,18.0,14.0,14.0,20.0,17.0,18.0,18.0,43.0,67.0,43.0,99.0,126.0,109.0,98.0,117.0,186.0,187.0,130.0,143.0,151.0,196.0,216.0,136.0,106.0,93.0,86.0,74.0,55.0,74.0,72.0,106.0,164.0,195.0,173.0,197.0,164.0,37.0
Biobio,08,Tirua,08207,11019.0,0,0.0,0.0,0.0,0.0,1.0,2.0,1.0,0.0,0.0,0.0,0.0,0.0,1.0,0.0,1.0,2.0,1.0,8.0,7.0,0.0,0.0,0.0,1.0,4.0,4.0,1.0,2.0,0.0,5.0,4.0,1.0,1.0,3.0,3.0,15.0,8.0,6.0,3.0,1.0,4.0,20.0,27.0,8.0
Biobio,08,Tome,08111,58729.0,0,0.0,0.0,0.0,0.0,9.0,13.0,12.0,7.0,9.0,1.0,4.0,16.0,6.0,8.0,14.0,49.0,59.0,62.0,33.0,11.0,12.0,27.0,65.0,58.0,99.0,91.0,110.0,107.0,75.0,58.0,66.0,49.0,49.0,61.0,61.0,57.0,47.0,44.0,69.0,44.0,59.0,49.0,8.0
Biobio,08,Tucapel,08312,15205.0,0,0.0,0.0,0.0,0.0,0.0,0.0,1.0,0.0,0.0,0.0,0.0,1.0,4.0,6.0,11.0,21.0,12.0,28.0,28.0,14.0,7.0,7.0,4.0,5.0,7.0,3.0,5.0,4.0,3.0,6.0,4.0,5.0,8.0,18.0,16.0,3.0,6.0,7.0,0.0,0.0,7.0,6.0,0.0
Biobio,08,Yumbel,08313,22132.0,0,0.0,0.0,0.0,0.0,0.0,5.0,0.0,1.0,1.0,1.0,2.0,4.0,3.0,5.0,12.0,3.0,20.0,39.0,20.0,46.0,34.0,6.0,7.0,11.0,20.0,2.0,5.0,4.0,4.0,8.0,7.0,8.0,18.0,42.0,41.0,43.0,47.0,30.0,24.0,12.0,18.0,24.0,12.0
Biobio,08,Desconocido Biobio,,,0,0.0,0.0,0.0,0.0,0.0,0.0,0.0,0.0,0.0,0.0,0.0,0.0,0.0,0.0,0.0,0.0,0.0,0.0,0.0,0.0,0.0,0.0,0.0,0.0,0.0,0.0,0.0,0.0,0.0,0.0,0.0,0.0,0.0,0.0,0.0,0.0,0.0,0.0,0.0,0.0,0.0,0.0,0.0
Biobio,08,Total,,1663696.0,0.0,0.0,1.0,2.0,30.0,139.0,159.0,152.0,101.0,99.0,65.0,85.0,213.0,255.0,500.0,700.0,702.0,1108.0,1438.0,1187.0,970.0,960.0,1132.0,1175.0,1032.0,1229.0,1278.0,1651.0,1817.0,1627.0,1369.0,1182.0,1339.0,1136.0,1334.0,1494.0,1356.0,1363.0,1508.0,1749.0,1731.0,1983.0,1981.0,431.0
,,,,,,,,,,,,,,,,,,,,,,,,,,,,,,,,,,,,,,,,,,,,,,,,
La Araucania,09,Angol,09201,56058.0,0,0.0,0.0,1.0,1.0,3.0,10.0,11.0,15.0,35.0,27.0,11.0,10.0,8.0,25.0,19.0,57.0,59.0,42.0,30.0,36.0,26.0,25.0,29.0,24.0,31.0,18.0,21.0,29.0,38.0,42.0,36.0,36.0,46.0,52.0,41.0,21.0,56.0,85.0,67.0,46.0,120.0,104.0,18.0
La Araucania,09,Carahue,09102,25486.0,0,0.0,0.0,0.0,0.0,0.0,3.0,10.0,9.0,8.0,5.0,1.0,0.0,2.0,14.0,11.0,5.0,5.0,5.0,2.0,2.0,5.0,3.0,12.0,13.0,8.0,12.0,20.0,14.0,33.0,24.0,34.0,72.0,70.0,67.0,30.0,38.0,26.0,11.0,13.0,25.0,38.0,25.0,3.0
La Araucania,09,Cholchol,09121,12341.0,0,0.0,0.0,0.0,0.0,1.0,2.0,0.0,0.0,1.0,0.0,0.0,2.0,0.0,1.0,12.0,5.0,1.0,0.0,0.0,6.0,4.0,2.0,2.0,1.0,1.0,0.0,0.0,2.0,2.0,8.0,11.0,10.0,10.0,11.0,12.0,6.0,21.0,34.0,54.0,36.0,20.0,4.0,2.0
La Araucania,09,Collipulli,09202,26148.0,0,0.0,0.0,0.0,0.0,0.0,0.0,1.0,1.0,1.0,3.0,0.0,2.0,9.0,9.0,6.0,7.0,9.0,6.0,10.0,4.0,1.0,3.0,4.0,29.0,50.0,55.0,40.0,68.0,37.0,15.0,7.0,13.0,20.0,32.0,7.0,23.0,41.0,53.0,28.0,23.0,16.0,12.0,3.0
La Araucania,09,Cunco,09103,18055.0,0,0.0,0.0,0.0,0.0,0.0,3.0,2.0,0.0,1.0,0.0,0.0,1.0,5.0,18.0,0.0,11.0,8.0,3.0,5.0,4.0,12.0,8.0,6.0,5.0,10.0,17.0,7.0,3.0,1.0,7.0,7.0,18.0,4.0,23.0,15.0,21.0,20.0,17.0,6.0,12.0,12.0,8.0,2.0
La Araucania,09,Curacautin,09203,18178.0,0,0.0,0.0,0.0,0.0,2.0,0.0,2.0,0.0,0.0,2.0,0.0,1.0,0.0,0.0,2.0,4.0,9.0,0.0,1.0,1.0,4.0,2.0,4.0,0.0,1.0,5.0,3.0,0.0,0.0,0.0,3.0,2.0,1.0,1.0,3.0,5.0,27.0,27.0,7.0,9.0,7.0,8.0,0.0
La Araucania,09,Curarrehue,09104,7802.0,0,0.0,0.0,0.0,1.0,1.0,2.0,0.0,0.0,0.0,0.0,0.0,0.0,0.0,0.0,0.0,0.0,0.0,0.0,0.0,0.0,0.0,0.0,0.0,0.0,0.0,0.0,0.0,2.0,1.0,2.0,0.0,0.0,1.0,1.0,0.0,0.0,0.0,4.0,15.0,40.0,26.0,11.0,3.0
La Araucania,09,Ercilla,09204,8458.0,0,0.0,0.0,0.0,0.0,0.0,0.0,4.0,0.0,5.0,1.0,1.0,0.0,0.0,4.0,1.0,2.0,2.0,0.0,0.0,2.0,8.0,5.0,21.0,2.0,8.0,18.0,14.0,19.0,20.0,38.0,44.0,29.0,26.0,5.0,4.0,2.0,0.0,4.0,1.0,1.0,1.0,8.0,3.0
La Araucania,09,Freire,09105,25446.0,0,0.0,0.0,0.0,0.0,2.0,4.0,0.0,0.0,2.0,0.0,0.0,11.0,11.0,28.0,15.0,18.0,6.0,9.0,2.0,1.0,4.0,3.0,5.0,0.0,2.0,1.0,3.0,0.0,3.0,3.0,2.0,1.0,26.0,31.0,34.0,50.0,41.0,34.0,34.0,36.0,25.0,21.0,3.0
La Araucania,09,Galvarino,09106,12633.0,0,0.0,0.0,0.0,0.0,0.0,0.0,2.0,0.0,0.0,0.0,1.0,0.0,0.0,6.0,43.0,41.0,13.0,6.0,10.0,11.0,0.0,1.0,0.0,1.0,0.0,1.0,0.0,1.0,4.0,7.0,11.0,9.0,27.0,52.0,59.0,62.0,22.0,6.0,11.0,16.0,15.0,35.0,2.0
La Araucania,09,Gorbea,09107,15148.0,0,0.0,0.0,0.0,1.0,4.0,4.0,1.0,0.0,1.0,0.0,1.0,3.0,0.0,5.0,5.0,5.0,6.0,0.0,0.0,0.0,2.0,0.0,1.0,1.0,5.0,0.0,1.0,1.0,2.0,2.0,5.0,10.0,12.0,9.0,4.0,34.0,28.0,15.0,12.0,3.0,10.0,16.0,4.0
La Araucania,09,Lautaro,09108,40746.0,0,0.0,0.0,0.0,0.0,6.0,4.0,15.0,5.0,6.0,2.0,5.0,11.0,3.0,14.0,20.0,6.0,10.0,4.0,6.0,3.0,8.0,11.0,24.0,7.0,7.0,13.0,23.0,11.0,3.0,9.0,27.0,26.0,23.0,39.0,30.0,50.0,79.0,90.0,52.0,60.0,89.0,71.0,14.0
La Araucania,09,Loncoche,09109,24739.0,0,0.0,0.0,0.0,0.0,2.0,3.0,2.0,4.0,3.0,3.0,1.0,2.0,2.0,7.0,18.0,1.0,6.0,4.0,17.0,3.0,0.0,1.0,1.0,0.0,0.0,0.0,1.0,6.0,24.0,27.0,37.0,41.0,37.0,22.0,6.0,2.0,0.0,4.0,10.0,10.0,11.0,15.0,1.0
La Araucania,09,Lonquimay,09205,11049.0,0,0.0,0.0,0.0,0.0,0.0,0.0,0.0,0.0,0.0,2.0,13.0,12.0,26.0,12.0,1.0,0.0,0.0,3.0,0.0,0.0,0.0,0.0,0.0,0.0,1.0,1.0,1.0,2.0,20.0,21.0,31.0,8.0,4.0,13.0,2.0,1.0,3.0,3.0,3.0,5.0,0.0,8.0,4.0
La Araucania,09,Los Sauces,09206,7517.0,0,0.0,0.0,0.0,0.0,0.0,0.0,0.0,0.0,1.0,0.0,0.0,0.0,0.0,1.0,3.0,2.0,1.0,1.0,7.0,3.0,2.0,1.0,13.0,22.0,2.0,0.0,2.0,1.0,0.0,3.0,2.0,2.0,7.0,7.0,0.0,2.0,3.0,2.0,23.0,17.0,35.0,45.0,5.0
La Araucania,09,Lumaco,09207,10050.0,0,0.0,0.0,0.0,0.0,0.0,0.0,0.0,0.0,4.0,2.0,1.0,0.0,1.0,3.0,2.0,9.0,8.0,6.0,2.0,2.0,2.0,0.0,0.0,0.0,1.0,1.0,0.0,1.0,4.0,11.0,5.0,7.0,2.0,5.0,2.0,4.0,11.0,6.0,21.0,23.0,9.0,14.0,3.0
La Araucania,09,Melipeuco,09110,6265.0,0,0.0,0.0,0.0,0.0,0.0,0.0,0.0,0.0,0.0,0.0,0.0,0.0,0.0,5.0,2.0,1.0,0.0,0.0,0.0,1.0,2.0,0.0,0.0,2.0,0.0,1.0,4.0,5.0,12.0,1.0,1.0,0.0,2.0,2.0,1.0,4.0,22.0,7.0,2.0,1.0,0.0,1.0,0.0
La Araucania,09,Nueva Imperial,09111,33777.0,0,0.0,0.0,0.0,0.0,4.0,10.0,4.0,13.0,5.0,4.0,2.0,5.0,5.0,2.0,3.0,24.0,19.0,11.0,9.0,6.0,0.0,4.0,1.0,5.0,4.0,8.0,14.0,11.0,22.0,21.0,13.0,19.0,14.0,36.0,33.0,32.0,31.0,20.0,24.0,11.0,30.0,14.0,3.0
La Araucania,09,Padre Las Casas,09112,82110.0,0,0.0,0.0,0.0,0.0,12.0,27.0,24.0,17.0,15.0,11.0,0.0,5.0,24.0,16.0,13.0,4.0,7.0,2.0,3.0,16.0,4.0,14.0,10.0,4.0,10.0,15.0,10.0,15.0,54.0,37.0,24.0,39.0,56.0,69.0,99.0,102.0,126.0,105.0,90.0,99.0,107.0,86.0,17.0
La Araucania,09,Perquenco,09113,7223.0,0,0.0,0.0,0.0,0.0,1.0,1.0,0.0,0.0,3.0,0.0,0.0,1.0,0.0,0.0,2.0,7.0,3.0,8.0,12.0,3.0,2.0,1.0,0.0,0.0,5.0,11.0,9.0,19.0,4.0,10.0,1.0,3.0,5.0,27.0,9.0,13.0,19.0,12.0,15.0,13.0,15.0,19.0,3.0
La Araucania,09,Pitrufquen,09114,26096.0,0,0.0,0.0,0.0,0.0,4.0,9.0,4.0,0.0,1.0,0.0,0.0,0.0,6.0,15.0,19.0,10.0,1.0,8.0,9.0,5.0,1.0,0.0,3.0,4.0,2.0,2.0,9.0,13.0,2.0,4.0,4.0,11.0,27.0,14.0,12.0,31.0,32.0,7.0,9.0,6.0,10.0,16.0,0.0
La Araucania,09,Pucon,09115,29782.0,0,0.0,0.0,0.0,1.0,3.0,0.0,4.0,3.0,1.0,3.0,0.0,3.0,2.0,12.0,16.0,9.0,3.0,4.0,5.0,1.0,4.0,7.0,7.0,5.0,1.0,0.0,2.0,3.0,0.0,0.0,2.0,5.0,27.0,28.0,32.0,17.0,12.0,7.0,16.0,21.0,27.0,18.0,3.0
La Araucania,09,Puren,09208,12188.0,0,0.0,0.0,0.0,0.0,0.0,2.0,0.0,0.0,2.0,0.0,2.0,1.0,0.0,1.0,1.0,0.0,6.0,5.0,6.0,2.0,4.0,9.0,1.0,3.0,1.0,0.0,0.0,2.0,0.0,1.0,1.0,3.0,1.0,1.0,2.0,8.0,8.0,12.0,9.0,2.0,15.0,19.0,2.0
La Araucania,09,Renaico,09209,10833.0,0,0.0,0.0,0.0,0.0,0.0,0.0,1.0,3.0,3.0,0.0,4.0,3.0,5.0,4.0,2.0,2.0,5.0,11.0,4.0,4.0,1.0,2.0,6.0,0.0,0.0,0.0,3.0,6.0,11.0,9.0,16.0,14.0,22.0,27.0,23.0,0.0,1.0,2.0,5.0,5.0,17.0,20.0,3.0
La Araucania,09,Saavedra,09116,12793.0,0,0.0,0.0,0.0,1.0,1.0,0.0,1.0,5.0,8.0,17.0,13.0,18.0,10.0,9.0,4.0,5.0,3.0,0.0,0.0,2.0,1.0,0.0,0.0,0.0,0.0,0.0,0.0,6.0,5.0,1.0,5.0,25.0,26.0,29.0,18.0,18.0,9.0,12.0,9.0,9.0,13.0,13.0,1.0
La Araucania,09,Temuco,09101,302931.0,0,0.0,0.0,3.0,25.0,155.0,172.0,129.0,111.0,58.0,25.0,27.0,49.0,43.0,28.0,16.0,18.0,29.0,29.0,42.0,56.0,46.0,46.0,72.0,86.0,46.0,43.0,61.0,79.0,100.0,141.0,152.0,252.0,289.0,352.0,403.0,478.0,515.0,561.0,494.0,465.0,331.0,239.0,33.0
La Araucania,09,Teodoro Schmidt,09117,15786.0,0,0.0,0.0,0.0,0.0,1.0,2.0,0.0,1.0,1.0,0.0,0.0,0.0,1.0,3.0,1.0,2.0,9.0,6.0,3.0,1.0,0.0,0.0,0.0,0.0,1.0,1.0,7.0,15.0,27.0,38.0,32.0,32.0,32.0,11.0,5.0,2.0,7.0,16.0,7.0,12.0,7.0,1.0,0.0
La Araucania,09,Tolten,09118,10055.0,0,0.0,0.0,0.0,0.0,4.0,1.0,2.0,1.0,0.0,0.0,0.0,0.0,2.0,5.0,1.0,0.0,0.0,0.0,0.0,1.0,0.0,0.0,0.0,1.0,0.0,0.0,0.0,0.0,0.0,11.0,3.0,1.0,3.0,3.0,6.0,2.0,1.0,12.0,29.0,24.0,11.0,7.0,0.0
La Araucania,09,Traiguen,09210,19314.0,0,0.0,0.0,0.0,0.0,0.0,0.0,1.0,0.0,1.0,0.0,0.0,1.0,4.0,4.0,5.0,6.0,7.0,6.0,8.0,3.0,0.0,1.0,11.0,2.0,4.0,0.0,0.0,1.0,0.0,1.0,8.0,2.0,10.0,8.0,9.0,7.0,33.0,33.0,20.0,2.0,5.0,11.0,1.0
La Araucania,09,Victoria,09211,35467.0,0,0.0,0.0,0.0,1.0,2.0,9.0,2.0,1.0,31.0,20.0,11.0,2.0,4.0,20.0,14.0,22.0,20.0,2.0,4.0,4.0,5.0,14.0,14.0,12.0,4.0,17.0,12.0,10.0,10.0,12.0,12.0,18.0,25.0,17.0,31.0,26.0,16.0,34.0,23.0,16.0,26.0,28.0,6.0
La Araucania,09,Vilcun,09119,30766.0,0,0.0,0.0,0.0,0.0,6.0,11.0,15.0,7.0,4.0,3.0,5.0,6.0,7.0,21.0,9.0,7.0,4.0,5.0,2.0,7.0,5.0,6.0,19.0,8.0,14.0,23.0,7.0,5.0,7.0,5.0,4.0,19.0,20.0,28.0,24.0,42.0,35.0,34.0,17.0,22.0,17.0,17.0,6.0
La Araucania,09,Villarrica,09120,59103.0,0,0.0,0.0,0.0,0.0,2.0,10.0,6.0,1.0,1.0,0.0,0.0,1.0,2.0,4.0,7.0,7.0,23.0,19.0,15.0,3.0,0.0,4.0,1.0,2.0,3.0,3.0,8.0,14.0,32.0,34.0,29.0,61.0,109.0,98.0,78.0,87.0,83.0,35.0,34.0,34.0,51.0,46.0,7.0
La Araucania,09,Desconocido Araucania,,,0,0.0,0.0,0.0,0.0,0.0,0.0,0.0,0.0,0.0,0.0,0.0,0.0,0.0,0.0,0.0,0.0,0.0,0.0,0.0,0.0,0.0,0.0,0.0,0.0,0.0,0.0,0.0,0.0,0.0,0.0,0.0,0.0,0.0,0.0,0.0,0.0,0.0,0.0,0.0,0.0,0.0,0.0,0.0
La Araucania,09,Total,,1014343.0,0.0,0.0,0.0,4.0,31.0,216.0,289.0,243.0,197.0,202.0,130.0,99.0,150.0,182.0,296.0,273.0,297.0,282.0,205.0,214.0,193.0,153.0,173.0,267.0,239.0,222.0,266.0,282.0,364.0,478.0,545.0,569.0,788.0,984.0,1120.0,1034.0,1190.0,1328.0,1304.0,1160.0,1104.0,1116.0,960.0,155.0
,,,,,,,,,,,,,,,,,,,,,,,,,,,,,,,,,,,,,,,,,,,,,,,,
Los Rios,14,Corral,14102,5447.0,0,0.0,0.0,0.0,0.0,0.0,0.0,0.0,0.0,1.0,0.0,0.0,6.0,4.0,2.0,2.0,5.0,2.0,1.0,1.0,2.0,0.0,0.0,0.0,0.0,0.0,0.0,0.0,0.0,0.0,0.0,1.0,8.0,12.0,3.0,12.0,14.0,6.0,2.0,2.0,3.0,5.0,1.0,0.0
Los Rios,14,Futrono,14202,15261.0,0,0.0,0.0,0.0,0.0,1.0,3.0,1.0,0.0,0.0,0.0,0.0,1.0,5.0,19.0,8.0,15.0,5.0,1.0,1.0,1.0,0.0,0.0,0.0,0.0,0.0,1.0,0.0,0.0,1.0,3.0,1.0,6.0,4.0,8.0,6.0,19.0,38.0,30.0,24.0,36.0,27.0,6.0,0.0
Los Rios,14,La Union,14201,39538.0,0,0.0,0.0,0.0,1.0,5.0,8.0,4.0,6.0,9.0,4.0,2.0,1.0,2.0,2.0,6.0,9.0,10.0,8.0,6.0,2.0,4.0,8.0,2.0,4.0,1.0,0.0,1.0,4.0,3.0,9.0,11.0,14.0,18.0,34.0,46.0,75.0,95.0,76.0,62.0,58.0,38.0,55.0,11.0
Los Rios,14,Lago Ranco,14203,10292.0,0,0.0,0.0,0.0,0.0,1.0,1.0,0.0,0.0,0.0,0.0,0.0,0.0,0.0,0.0,0.0,0.0,0.0,1.0,4.0,1.0,0.0,0.0,0.0,0.0,1.0,0.0,0.0,0.0,0.0,9.0,1.0,4.0,1.0,4.0,31.0,49.0,36.0,17.0,15.0,10.0,4.0,11.0,1.0
Los Rios,14,Lanco,14103,17652.0,0,0.0,0.0,0.0,0.0,0.0,1.0,2.0,1.0,2.0,0.0,3.0,2.0,0.0,0.0,1.0,3.0,11.0,3.0,1.0,0.0,1.0,0.0,0.0,2.0,0.0,6.0,7.0,8.0,18.0,28.0,6.0,11.0,22.0,15.0,13.0,16.0,12.0,15.0,38.0,26.0,20.0,26.0,4.0
Los Rios,14,Los Lagos,14104,20518.0,0,0.0,0.0,0.0,0.0,0.0,0.0,0.0,0.0,0.0,0.0,0.0,0.0,1.0,13.0,10.0,13.0,21.0,3.0,0.0,2.0,0.0,0.0,0.0,0.0,0.0,0.0,1.0,0.0,3.0,3.0,2.0,2.0,9.0,15.0,20.0,10.0,36.0,45.0,53.0,32.0,25.0,12.0,2.0
Los Rios,14,Mafil,14105,7389.0,0,0.0,0.0,0.0,0.0,1.0,0.0,0.0,0.0,1.0,0.0,0.0,0.0,1.0,2.0,0.0,2.0,12.0,1.0,0.0,0.0,0.0,1.0,8.0,0.0,3.0,2.0,0.0,2.0,12.0,14.0,2.0,1.0,5.0,2.0,1.0,1.0,3.0,5.0,5.0,1.0,0.0,1.0,3.0
Los Rios,14,Mariquina,14106,23250.0,0,0.0,0.0,0.0,0.0,3.0,1.0,4.0,1.0,0.0,0.0,0.0,2.0,1.0,3.0,1.0,0.0,3.0,0.0,1.0,0.0,7.0,8.0,2.0,1.0,0.0,1.0,5.0,4.0,8.0,4.0,2.0,5.0,19.0,15.0,17.0,8.0,5.0,13.0,10.0,11.0,10.0,28.0,20.0
Los Rios,14,Paillaco,14107,20798.0,0,0.0,0.0,0.0,0.0,1.0,0.0,0.0,0.0,0.0,0.0,0.0,0.0,8.0,13.0,3.0,0.0,2.0,3.0,0.0,2.0,1.0,0.0,4.0,1.0,0.0,1.0,1.0,1.0,3.0,3.0,8.0,43.0,25.0,20.0,24.0,4.0,13.0,13.0,13.0,38.0,35.0,34.0,1.0
Los Rios,14,Panguipulli,14108,35991.0,0,0.0,0.0,0.0,0.0,0.0,0.0,0.0,0.0,0.0,0.0,1.0,0.0,4.0,4.0,8.0,16.0,8.0,8.0,6.0,1.0,6.0,1.0,1.0,1.0,4.0,1.0,2.0,17.0,28.0,39.0,38.0,38.0,22.0,10.0,10.0,26.0,16.0,32.0,57.0,64.0,35.0,18.0,4.0
Los Rios,14,Rio Bueno,14204,32925.0,0,0.0,0.0,0.0,0.0,3.0,1.0,3.0,2.0,1.0,2.0,1.0,0.0,0.0,4.0,1.0,1.0,2.0,3.0,3.0,3.0,2.0,2.0,3.0,8.0,12.0,5.0,11.0,9.0,23.0,7.0,16.0,40.0,37.0,43.0,29.0,18.0,15.0,18.0,51.0,42.0,45.0,45.0,5.0
Los Rios,14,Valdivia,14101,176774.0,0,0.0,0.0,1.0,1.0,25.0,32.0,26.0,19.0,8.0,8.0,4.0,4.0,10.0,30.0,24.0,15.0,25.0,38.0,36.0,28.0,37.0,43.0,25.0,33.0,29.0,32.0,21.0,24.0,43.0,70.0,49.0,184.0,159.0,127.0,173.0,186.0,256.0,357.0,323.0,323.0,315.0,281.0,79.0
Los Rios,14,Desconocido Los Rios,,,0,0.0,0.0,0.0,0.0,0.0,0.0,0.0,0.0,0.0,0.0,0.0,0.0,0.0,0.0,0.0,0.0,0.0,0.0,0.0,0.0,0.0,0.0,0.0,0.0,0.0,0.0,0.0,0.0,0.0,0.0,0.0,0.0,0.0,0.0,0.0,0.0,0.0,0.0,0.0,0.0,0.0,0.0,0.0
Los Rios,14,Total,,405835.0,0.0,0.0,0.0,1.0,2.0,40.0,47.0,40.0,29.0,22.0,14.0,11.0,16.0,36.0,92.0,64.0,79.0,101.0,70.0,59.0,42.0,58.0,63.0,45.0,50.0,50.0,49.0,49.0,69.0,142.0,189.0,137.0,356.0,333.0,296.0,382.0,426.0,531.0,623.0,653.0,644.0,559.0,518.0,130.0
,,,,,,,,,,,,,,,,,,,,,,,,,,,,,,,,,,,,,,,,,,,,,,,,
Los Lagos,10,Ancud,10202,42458.0,0,0.0,0.0,0.0,0.0,0.0,1.0,0.0,6.0,3.0,1.0,21.0,19.0,23.0,10.0,2.0,4.0,3.0,1.0,4.0,1.0,2.0,5.0,4.0,1.0,1.0,0.0,1.0,1.0,1.0,2.0,4.0,7.0,16.0,16.0,10.0,22.0,75.0,93.0,117.0,68.0,55.0,42.0,12.0
Los Lagos,10,Calbuco,10102,36744.0,0,0.0,0.0,0.0,0.0,3.0,1.0,1.0,1.0,1.0,0.0,0.0,1.0,0.0,0.0,1.0,0.0,4.0,19.0,24.0,24.0,29.0,22.0,22.0,36.0,34.0,42.0,17.0,8.0,15.0,17.0,21.0,26.0,29.0,33.0,49.0,104.0,107.0,104.0,109.0,106.0,58.0,50.0,3.0
Los Lagos,10,Castro,10201,47607.0,0,0.0,0.0,0.0,0.0,2.0,0.0,5.0,0.0,0.0,0.0,0.0,1.0,0.0,0.0,0.0,0.0,1.0,0.0,0.0,0.0,0.0,1.0,14.0,5.0,1.0,2.0,1.0,3.0,6.0,9.0,15.0,10.0,11.0,14.0,38.0,73.0,89.0,78.0,65.0,88.0,43.0,27.0,5.0
Los Lagos,10,Chaiten,10401,5020.0,0,0.0,0.0,0.0,0.0,0.0,1.0,0.0,0.0,0.0,0.0,0.0,0.0,0.0,0.0,0.0,0.0,0.0,0.0,0.0,1.0,8.0,0.0,0.0,1.0,0.0,3.0,0.0,0.0,0.0,0.0,0.0,0.0,0.0,0.0,1.0,0.0,0.0,0.0,0.0,0.0,0.0,1.0,0.0
Los Lagos,10,Chonchi,10203,16013.0,0,0.0,0.0,0.0,0.0,0.0,0.0,0.0,0.0,0.0,0.0,0.0,0.0,0.0,0.0,0.0,0.0,0.0,0.0,1.0,0.0,0.0,0.0,0.0,0.0,0.0,0.0,0.0,0.0,4.0,1.0,2.0,5.0,8.0,60.0,99.0,70.0,69.0,49.0,26.0,28.0,17.0,14.0,6.0
Los Lagos,10,Cochamo,10103,4006.0,0,0.0,0.0,0.0,0.0,0.0,0.0,0.0,1.0,0.0,0.0,0.0,0.0,0.0,0.0,0.0,0.0,0.0,1.0,1.0,0.0,1.0,4.0,1.0,2.0,0.0,0.0,0.0,0.0,3.0,2.0,0.0,0.0,0.0,0.0,1.0,2.0,4.0,2.0,1.0,6.0,9.0,4.0,0.0
Los Lagos,10,Curaco de Velez,10204,4066.0,0,0.0,0.0,0.0,0.0,0.0,0.0,0.0,0.0,0.0,0.0,0.0,0.0,0.0,0.0,0.0,0.0,1.0,0.0,12.0,2.0,3.0,0.0,0.0,0.0,0.0,0.0,0.0,0.0,0.0,0.0,0.0,0.0,0.0,0.0,0.0,2.0,3.0,4.0,8.0,5.0,2.0,3.0,2.0
Los Lagos,10,Dalcahue,10205,15069.0,0,0.0,0.0,0.0,0.0,0.0,0.0,0.0,0.0,0.0,0.0,0.0,1.0,3.0,2.0,0.0,0.0,1.0,0.0,0.0,0.0,0.0,0.0,0.0,1.0,0.0,0.0,0.0,0.0,3.0,4.0,4.0,0.0,1.0,10.0,27.0,24.0,47.0,22.0,23.0,17.0,7.0,7.0,6.0
Los Lagos,10,Fresia,10104,12656.0,0,0.0,0.0,0.0,0.0,0.0,0.0,0.0,0.0,0.0,0.0,0.0,0.0,0.0,0.0,0.0,0.0,7.0,1.0,5.0,6.0,3.0,4.0,14.0,20.0,17.0,10.0,18.0,3.0,1.0,2.0,16.0,25.0,41.0,34.0,21.0,9.0,7.0,4.0,9.0,1.0,14.0,16.0,8.0
Los Lagos,10,Frutillar,10105,20223.0,0,0.0,0.0,0.0,0.0,0.0,1.0,3.0,2.0,0.0,0.0,1.0,1.0,0.0,3.0,3.0,3.0,8.0,17.0,18.0,28.0,3.0,7.0,15.0,27.0,32.0,43.0,17.0,19.0,13.0,6.0,31.0,49.0,36.0,28.0,20.0,13.0,11.0,17.0,14.0,9.0,25.0,16.0,5.0
Los Lagos,10,Futaleufu,10402,2806.0,0,0.0,0.0,0.0,0.0,0.0,0.0,0.0,0.0,0.0,0.0,0.0,0.0,1.0,0.0,0.0,0.0,0.0,0.0,0.0,0.0,0.0,0.0,0.0,0.0,0.0,0.0,0.0,0.0,0.0,0.0,0.0,0.0,0.0,0.0,0.0,2.0,0.0,0.0,0.0,0.0,1.0,1.0,0.0
Los Lagos,10,Hualaihue,10403,9525.0,0,0.0,0.0,0.0,0.0,0.0,3.0,0.0,0.0,0.0,0.0,0.0,0.0,0.0,0.0,1.0,1.0,1.0,1.0,0.0,2.0,1.0,7.0,0.0,0.0,1.0,2.0,6.0,2.0,5.0,5.0,4.0,3.0,9.0,21.0,29.0,40.0,49.0,31.0,23.0,12.0,6.0,9.0,0.0
Los Lagos,10,Llanquihue,10107,18621.0,0,0.0,0.0,0.0,0.0,0.0,1.0,0.0,0.0,0.0,0.0,0.0,5.0,0.0,0.0,2.0,3.0,11.0,17.0,9.0,14.0,5.0,9.0,40.0,26.0,29.0,19.0,25.0,13.0,21.0,21.0,17.0,13.0,28.0,16.0,33.0,25.0,13.0,17.0,8.0,8.0,20.0,7.0,4.0
Los Lagos,10,Los Muermos,10106,17817.0,0,0.0,0.0,0.0,0.0,1.0,0.0,0.0,0.0,0.0,0.0,0.0,1.0,0.0,0.0,0.0,1.0,1.0,12.0,7.0,11.0,6.0,7.0,13.0,9.0,28.0,13.0,20.0,22.0,27.0,21.0,12.0,35.0,40.0,32.0,42.0,31.0,39.0,32.0,24.0,29.0,19.0,14.0,5.0
Los Lagos,10,Maullin,10108,14894.0,0,0.0,0.0,0.0,0.0,0.0,0.0,0.0,1.0,0.0,0.0,0.0,0.0,5.0,9.0,0.0,0.0,0.0,0.0,1.0,5.0,7.0,13.0,12.0,20.0,19.0,27.0,39.0,32.0,33.0,61.0,43.0,18.0,13.0,16.0,21.0,34.0,38.0,44.0,27.0,36.0,25.0,18.0,4.0
Los Lagos,10,Osorno,10301,173410.0,0,0.0,0.0,0.0,4.0,59.0,104.0,63.0,36.0,18.0,15.0,20.0,14.0,8.0,21.0,33.0,41.0,34.0,27.0,11.0,27.0,49.0,62.0,67.0,110.0,123.0,92.0,101.0,122.0,120.0,128.0,140.0,231.0,278.0,274.0,255.0,215.0,209.0,331.0,254.0,261.0,226.0,183.0,1.0
Los Lagos,10,Palena,10404,1827.0,0,0.0,0.0,0.0,0.0,0.0,0.0,0.0,0.0,0.0,0.0,0.0,0.0,0.0,0.0,0.0,0.0,0.0,0.0,0.0,0.0,0.0,0.0,0.0,0.0,0.0,0.0,0.0,0.0,0.0,0.0,0.0,0.0,0.0,0.0,0.0,0.0,0.0,0.0,0.0,0.0,0.0,0.0,0.0
Los Lagos,10,Puerto Montt,10101,269398.0,0,0.0,0.0,1.0,1.0,14.0,18.0,11.0,3.0,5.0,2.0,2.0,8.0,18.0,58.0,65.0,70.0,103.0,124.0,146.0,208.0,279.0,304.0,459.0,389.0,292.0,252.0,188.0,230.0,207.0,177.0,224.0,268.0,309.0,390.0,423.0,407.0,392.0,437.0,431.0,345.0,272.0,273.0,53.0
Los Lagos,10,Puerto Octay,10302,9192.0,0,0.0,0.0,0.0,0.0,1.0,0.0,0.0,0.0,1.0,1.0,0.0,2.0,0.0,0.0,0.0,0.0,0.0,0.0,2.0,0.0,1.0,0.0,5.0,19.0,9.0,13.0,14.0,13.0,20.0,20.0,3.0,6.0,9.0,14.0,6.0,9.0,15.0,19.0,18.0,13.0,12.0,5.0,0.0
Los Lagos,10,Puerto Varas,10109,48620.0,0,0.0,0.0,0.0,1.0,0.0,2.0,3.0,2.0,0.0,0.0,1.0,1.0,4.0,7.0,8.0,21.0,8.0,9.0,15.0,7.0,13.0,19.0,22.0,57.0,32.0,20.0,29.0,38.0,29.0,15.0,13.0,40.0,40.0,66.0,27.0,37.0,42.0,90.0,70.0,42.0,45.0,32.0,7.0
Los Lagos,10,Puqueldon,10206,4201.0,0,0.0,0.0,0.0,0.0,0.0,0.0,0.0,0.0,0.0,0.0,0.0,0.0,0.0,0.0,0.0,0.0,0.0,0.0,0.0,0.0,0.0,0.0,0.0,0.0,0.0,0.0,0.0,0.0,0.0,1.0,0.0,0.0,1.0,4.0,3.0,0.0,14.0,15.0,17.0,18.0,3.0,3.0,0.0
Los Lagos,10,Purranque,10303,21080.0,0,0.0,0.0,0.0,0.0,0.0,3.0,12.0,5.0,1.0,2.0,3.0,1.0,6.0,13.0,22.0,2.0,0.0,2.0,0.0,5.0,0.0,7.0,0.0,15.0,12.0,26.0,28.0,21.0,23.0,16.0,10.0,11.0,45.0,79.0,65.0,58.0,42.0,16.0,24.0,13.0,32.0,30.0,0.0
Los Lagos,10,Puyehue,10304,11787.0,0,0.0,0.0,0.0,0.0,1.0,1.0,1.0,1.0,1.0,1.0,2.0,0.0,1.0,0.0,1.0,1.0,2.0,0.0,0.0,2.0,3.0,2.0,2.0,3.0,4.0,10.0,15.0,11.0,2.0,3.0,5.0,14.0,44.0,9.0,26.0,21.0,9.0,6.0,2.0,3.0,1.0,4.0,0.0
Los Lagos,10,Queilen,10207,5543.0,0,0.0,0.0,0.0,0.0,0.0,0.0,0.0,0.0,0.0,0.0,0.0,0.0,0.0,0.0,0.0,0.0,0.0,0.0,0.0,0.0,0.0,0.0,0.0,0.0,0.0,0.0,0.0,0.0,0.0,1.0,0.0,0.0,0.0,1.0,10.0,15.0,6.0,8.0,24.0,42.0,4.0,14.0,0.0
Los Lagos,10,Quellon,10208,29309.0,0,0.0,0.0,0.0,0.0,0.0,0.0,0.0,0.0,0.0,0.0,0.0,0.0,0.0,0.0,0.0,0.0,1.0,3.0,0.0,1.0,0.0,1.0,1.0,0.0,0.0,0.0,0.0,0.0,0.0,0.0,0.0,0.0,1.0,26.0,37.0,11.0,9.0,3.0,9.0,25.0,15.0,33.0,8.0
Los Lagos,10,Quemchi,10209,8783.0,0,0.0,0.0,0.0,0.0,0.0,0.0,0.0,0.0,0.0,0.0,0.0,0.0,2.0,5.0,7.0,0.0,0.0,0.0,0.0,0.0,0.0,0.0,0.0,0.0,0.0,0.0,2.0,0.0,1.0,0.0,0.0,0.0,0.0,7.0,13.0,16.0,33.0,17.0,16.0,33.0,6.0,5.0,0.0
Los Lagos,10,Quinchao,10210,8298.0,0,0.0,0.0,0.0,0.0,0.0,1.0,0.0,0.0,0.0,0.0,0.0,0.0,0.0,0.0,0.0,0.0,1.0,0.0,0.0,0.0,0.0,0.0,0.0,1.0,0.0,0.0,0.0,0.0,0.0,0.0,0.0,3.0,0.0,0.0,1.0,4.0,7.0,11.0,8.0,25.0,20.0,22.0,5.0
Los Lagos,10,Rio Negro,10305,14275.0,0,0.0,0.0,0.0,0.0,0.0,2.0,3.0,0.0,4.0,6.0,1.0,4.0,5.0,4.0,3.0,0.0,2.0,1.0,2.0,3.0,3.0,1.0,2.0,6.0,7.0,7.0,9.0,10.0,5.0,9.0,28.0,37.0,66.0,40.0,23.0,18.0,15.0,21.0,14.0,10.0,16.0,3.0,1.0
Los Lagos,10,San Juan de la Costa,10306,7639.0,0,0.0,0.0,0.0,0.0,0.0,1.0,10.0,2.0,6.0,7.0,2.0,5.0,2.0,0.0,0.0,3.0,4.0,0.0,0.0,0.0,1.0,1.0,4.0,6.0,3.0,4.0,4.0,2.0,8.0,23.0,34.0,51.0,49.0,32.0,34.0,41.0,22.0,15.0,24.0,9.0,26.0,8.0,0.0
Los Lagos,10,San Pablo,10307,10553.0,0,0.0,0.0,0.0,0.0,0.0,2.0,4.0,0.0,3.0,0.0,0.0,0.0,2.0,1.0,0.0,0.0,0.0,0.0,0.0,2.0,1.0,1.0,1.0,4.0,3.0,6.0,2.0,3.0,1.0,6.0,5.0,14.0,13.0,21.0,21.0,16.0,15.0,9.0,19.0,12.0,7.0,2.0,0.0
Los Lagos,10,Desconocido Los Lagos,,,0,0.0,0.0,0.0,9.0,10.0,1.0,1.0,0.0,0.0,0.0,0.0,0.0,0.0,0.0,0.0,0.0,0.0,0.0,0.0,0.0,0.0,0.0,0.0,0.0,0.0,0.0,0.0,0.0,0.0,0.0,0.0,0.0,0.0,0.0,0.0,0.0,0.0,0.0,0.0,0.0,0.0,0.0,0.0
Los Lagos,10,Total,,891440.0,0.0,0.0,0.0,1.0,15.0,91.0,143.0,117.0,60.0,43.0,35.0,53.0,64.0,80.0,133.0,148.0,150.0,193.0,235.0,258.0,349.0,418.0,477.0,698.0,758.0,647.0,591.0,536.0,553.0,548.0,550.0,631.0,866.0,1087.0,1243.0,1335.0,1319.0,1381.0,1495.0,1384.0,1264.0,986.0,846.0,135.0
,,,,,,,,,,,,,,,,,,,,,,,,,,,,,,,,,,,,,,,,,,,,,,,,
Aysen,11,Aysen,11201,25002.0,0,0.0,0.0,0.0,1.0,0.0,0.0,0.0,0.0,0.0,0.0,0.0,0.0,0.0,1.0,2.0,0.0,2.0,5.0,3.0,3.0,11.0,9.0,5.0,5.0,8.0,4.0,2.0,0.0,3.0,2.0,5.0,8.0,6.0,4.0,7.0,6.0,4.0,10.0,10.0,10.0,7.0,3.0,0.0
Aysen,11,Chile Chico,11401,5121.0,0,0.0,0.0,0.0,0.0,0.0,0.0,1.0,0.0,0.0,0.0,0.0,0.0,0.0,0.0,0.0,0.0,0.0,0.0,0.0,0.0,0.0,0.0,0.0,0.0,0.0,0.0,0.0,0.0,0.0,0.0,2.0,1.0,1.0,4.0,12.0,10.0,4.0,6.0,0.0,0.0,0.0,0.0,0.0
Aysen,11,Cisnes,11202,5828.0,0,0.0,0.0,0.0,0.0,0.0,0.0,0.0,0.0,0.0,0.0,0.0,1.0,0.0,0.0,0.0,0.0,0.0,0.0,0.0,0.0,0.0,0.0,0.0,0.0,0.0,0.0,0.0,0.0,0.0,0.0,0.0,0.0,0.0,1.0,13.0,18.0,5.0,0.0,0.0,8.0,6.0,7.0,4.0
Aysen,11,Cochrane,11301,3685.0,0,0.0,0.0,0.0,0.0,0.0,0.0,0.0,0.0,0.0,0.0,0.0,0.0,0.0,0.0,0.0,0.0,0.0,0.0,0.0,0.0,0.0,0.0,0.0,0.0,0.0,0.0,0.0,0.0,0.0,0.0,0.0,0.0,0.0,0.0,0.0,0.0,1.0,0.0,0.0,0.0,3.0,1.0,0.0
Aysen,11,Coyhaique,11101,61210.0,0,0.0,0.0,0.0,1.0,0.0,0.0,1.0,0.0,0.0,0.0,0.0,1.0,0.0,4.0,3.0,3.0,2.0,4.0,9.0,0.0,2.0,0.0,2.0,4.0,1.0,1.0,10.0,17.0,13.0,48.0,99.0,197.0,144.0,124.0,122.0,35.0,52.0,36.0,35.0,28.0,18.0,25.0,6.0
Aysen,11,Guaitecas,11203,1599.0,0,0.0,0.0,0.0,0.0,0.0,0.0,0.0,0.0,0.0,0.0,0.0,0.0,0.0,0.0,0.0,0.0,0.0,0.0,0.0,0.0,0.0,0.0,0.0,0.0,1.0,0.0,0.0,0.0,0.0,0.0,0.0,0.0,1.0,0.0,0.0,0.0,0.0,0.0,1.0,0.0,0.0,0.0,0.0
Aysen,11,Lago Verde,11102,920.0,0,0.0,0.0,0.0,0.0,0.0,0.0,0.0,0.0,0.0,0.0,0.0,0.0,0.0,0.0,0.0,0.0,0.0,0.0,0.0,0.0,0.0,0.0,0.0,0.0,0.0,0.0,0.0,0.0,0.0,0.0,0.0,0.0,0.0,0.0,0.0,0.0,0.0,0.0,0.0,0.0,0.0,0.0,0.0
Aysen,11,OHiggins,11302,661.0,0,0.0,0.0,0.0,0.0,0.0,0.0,0.0,0.0,0.0,0.0,0.0,0.0,0.0,0.0,0.0,0.0,0.0,0.0,0.0,0.0,0.0,0.0,0.0,0.0,0.0,0.0,0.0,0.0,0.0,0.0,0.0,0.0,0.0,0.0,0.0,0.0,0.0,0.0,0.0,0.0,0.0,4.0,0.0
Aysen,11,Rio Ibanez,11402,2699.0,0,0.0,0.0,0.0,0.0,0.0,0.0,0.0,0.0,0.0,0.0,0.0,0.0,0.0,0.0,0.0,0.0,0.0,0.0,0.0,0.0,0.0,0.0,0.0,0.0,0.0,0.0,0.0,0.0,0.0,0.0,0.0,2.0,3.0,3.0,0.0,0.0,0.0,0.0,0.0,0.0,0.0,0.0,0.0
Aysen,11,Tortel,11303,572.0,0,0.0,0.0,0.0,0.0,0.0,0.0,0.0,0.0,0.0,0.0,0.0,0.0,0.0,0.0,0.0,0.0,0.0,0.0,0.0,0.0,0.0,0.0,0.0,0.0,0.0,0.0,0.0,0.0,0.0,0.0,0.0,0.0,0.0,0.0,0.0,0.0,0.0,0.0,0.0,0.0,0.0,0.0,0.0
Aysen,11,Desconocido Aysen,,,0,0.0,0.0,0.0,1.0,0.0,0.0,0.0,0.0,0.0,0.0,0.0,0.0,0.0,0.0,0.0,0.0,0.0,0.0,0.0,0.0,0.0,0.0,0.0,0.0,0.0,0.0,0.0,0.0,0.0,0.0,0.0,0.0,0.0,0.0,0.0,0.0,0.0,0.0,0.0,0.0,0.0,0.0,0.0
Aysen,11,Total,,107297.0,0.0,0.0,0.0,0.0,3.0,0.0,0.0,2.0,0.0,0.0,0.0,0.0,2.0,0.0,5.0,5.0,3.0,4.0,9.0,12.0,3.0,13.0,9.0,7.0,9.0,10.0,5.0,12.0,17.0,16.0,50.0,106.0,208.0,155.0,136.0,154.0,69.0,66.0,52.0,46.0,46.0,34.0,40.0,10.0
,,,,,,,,,,,,,,,,,,,,,,,,,,,,,,,,,,,,,,,,,,,,,,,,
Magallanes y la Antartica,12,Antartica,12202,137.0,0,0.0,0.0,0.0,0.0,0.0,0.0,0.0,0.0,0.0,0.0,0.0,0.0,0.0,0.0,0.0,0.0,0.0,0.0,0.0,0.0,0.0,0.0,0.0,0.0,0.0,0.0,0.0,0.0,0.0,0.0,0.0,0.0,0.0,0.0,0.0,0.0,0.0,0.0,0.0,0.0,0.0,0.0,0.0
Magallanes y la Antartica,12,Cabo de Hornos,12201,1983.0,0,0.0,0.0,0.0,2.0,6.0,4.0,1.0,6.0,0.0,0.0,0.0,1.0,0.0,1.0,0.0,0.0,0.0,0.0,1.0,0.0,0.0,0.0,0.0,0.0,0.0,1.0,4.0,1.0,5.0,0.0,0.0,1.0,1.0,17.0,4.0,0.0,4.0,5.0,7.0,7.0,26.0,54.0,3.0
Magallanes y la Antartica,12,Laguna Blanca,12102,264.0,0,0.0,0.0,0.0,0.0,0.0,0.0,0.0,0.0,0.0,0.0,0.0,0.0,0.0,0.0,0.0,0.0,0.0,0.0,0.0,0.0,0.0,0.0,0.0,0.0,0.0,0.0,0.0,0.0,0.0,0.0,1.0,5.0,0.0,2.0,1.0,0.0,0.0,0.0,0.0,0.0,0.0,0.0,0.0
Magallanes y la Antartica,12,Natales,12401,23782.0,0,0.0,0.0,0.0,2.0,3.0,2.0,1.0,2.0,1.0,0.0,3.0,0.0,2.0,2.0,0.0,0.0,1.0,5.0,18.0,7.0,2.0,2.0,2.0,0.0,2.0,3.0,4.0,28.0,80.0,118.0,117.0,82.0,102.0,126.0,133.0,138.0,171.0,72.0,69.0,101.0,72.0,107.0,29.0
Magallanes y la Antartica,12,Porvenir,12301,7323.0,0,0.0,0.0,0.0,0.0,0.0,3.0,1.0,2.0,2.0,0.0,0.0,1.0,0.0,0.0,0.0,0.0,0.0,0.0,0.0,0.0,0.0,0.0,0.0,0.0,8.0,13.0,37.0,21.0,46.0,40.0,48.0,54.0,47.0,48.0,15.0,22.0,21.0,7.0,6.0,14.0,12.0,6.0,2.0
Magallanes y la Antartica,12,Primavera,12302,694.0,0,0.0,0.0,0.0,0.0,0.0,0.0,0.0,1.0,0.0,0.0,0.0,0.0,0.0,0.0,0.0,0.0,0.0,0.0,0.0,0.0,0.0,0.0,0.0,0.0,2.0,0.0,3.0,1.0,5.0,1.0,1.0,0.0,1.0,0.0,1.0,0.0,0.0,0.0,1.0,1.0,5.0,1.0,1.0
Magallanes y la Antartica,12,Punta Arenas,12101,141984.0,0,0.0,0.0,2.0,5.0,65.0,121.0,147.0,154.0,132.0,85.0,109.0,84.0,52.0,50.0,24.0,35.0,122.0,85.0,65.0,45.0,73.0,59.0,110.0,166.0,252.0,355.0,594.0,863.0,1076.0,1046.0,1052.0,1303.0,1068.0,604.0,386.0,359.0,356.0,346.0,351.0,429.0,436.0,307.0,47.0
Magallanes y la Antartica,12,Rio Verde,12103,211.0,0,0.0,0.0,0.0,0.0,0.0,0.0,0.0,0.0,0.0,0.0,0.0,0.0,0.0,0.0,0.0,0.0,0.0,0.0,0.0,0.0,0.0,0.0,0.0,0.0,0.0,0.0,0.0,0.0,1.0,0.0,0.0,1.0,0.0,0.0,0.0,0.0,0.0,1.0,0.0,0.0,0.0,0.0,0.0
Magallanes y la Antartica,12,San Gregorio,12104,681.0,0,0.0,0.0,0.0,0.0,0.0,0.0,0.0,0.0,0.0,0.0,0.0,2.0,0.0,0.0,0.0,0.0,0.0,0.0,0.0,0.0,0.0,0.0,0.0,0.0,0.0,0.0,0.0,0.0,0.0,0.0,3.0,5.0,4.0,5.0,0.0,1.0,3.0,3.0,3.0,0.0,0.0,0.0,0.0
Magallanes y la Antartica,12,Timaukel,12303,282.0,0,0.0,0.0,0.0,0.0,0.0,0.0,0.0,0.0,0.0,0.0,0.0,0.0,0.0,0.0,0.0,0.0,0.0,0.0,0.0,0.0,0.0,0.0,0.0,0.0,0.0,0.0,0.0,0.0,0.0,0.0,5.0,5.0,2.0,1.0,6.0,1.0,0.0,0.0,0.0,0.0,0.0,0.0,0.0
Magallanes y la Antartica,12,Torres del Paine,12402,1021.0,0,0.0,0.0,0.0,0.0,0.0,0.0,0.0,0.0,0.0,0.0,0.0,0.0,0.0,0.0,0.0,0.0,0.0,0.0,0.0,0.0,0.0,0.0,0.0,0.0,0.0,0.0,0.0,0.0,0.0,0.0,2.0,0.0,0.0,0.0,0.0,0.0,0.0,1.0,0.0,0.0,0.0,0.0,1.0
Magallanes y la Antartica,12,Desconocido Magallanes,,,0,0.0,0.0,0.0,0.0,0.0,0.0,0.0,0.0,0.0,0.0,0.0,0.0,0.0,0.0,0.0,0.0,0.0,0.0,0.0,0.0,0.0,0.0,0.0,0.0,0.0,0.0,0.0,0.0,0.0,0.0,0.0,0.0,0.0,0.0,0.0,0.0,0.0,0.0,0.0,0.0,0.0,0.0,0.0
Magallanes y la Antartica,12,Total,,178362.0,0.0,0.0,0.0,2.0,9.0,74.0,130.0,150.0,165.0,135.0,85.0,112.0,88.0,54.0,53.0,24.0,35.0,123.0,90.0,84.0,52.0,75.0,61.0,112.0,166.0,264.0,372.0,642.0,914.0,1213.0,1205.0,1229.0,1456.0,1225.0,803.0,546.0,521.0,555.0,435.0,437.0,552.0,551.0,475.0,83.0
