Region,Codigo region,Comuna,Codigo comuna,Poblacion,202007,202008,202009,202010,202011,202012,202013,202014,202015,202016,202017,202018,202019,202020,202021,202022,202023,202024,202025,202026,202027,202028,202029,202030,202031,202032,202033,202034,202035,202036,202037,202038,202039
Arica y Parinacota,15,Arica,15101,247552.0,0,0.0,1.0,2.0,1.0,2.0,23.0,70.0,67.0,53.0,69.0,51.0,45.0,89.0,148.0,195.0,278.0,272.0,294.0,351.0,445.0,684.0,782.0,764.0,590.0,595.0,453.0,462.0,439.0,317.0,332.0,198.0,62.0
Arica y Parinacota,15,Camarones,15102,1233.0,0,0.0,0.0,0.0,0.0,0.0,0.0,0.0,0.0,0.0,0.0,0.0,0.0,0.0,0.0,0.0,0.0,0.0,0.0,0.0,1.0,12.0,2.0,4.0,5.0,0.0,1.0,0.0,1.0,1.0,0.0,0.0,0.0
Arica y Parinacota,15,General Lagos,15202,810.0,0,0.0,0.0,0.0,0.0,0.0,0.0,0.0,0.0,0.0,0.0,0.0,0.0,0.0,0.0,0.0,0.0,0.0,0.0,0.0,0.0,0.0,1.0,1.0,15.0,36.0,7.0,2.0,0.0,2.0,0.0,0.0,0.0
Arica y Parinacota,15,Putre,15201,2515.0,0,0.0,0.0,0.0,0.0,0.0,0.0,0.0,0.0,0.0,0.0,0.0,0.0,0.0,0.0,0.0,1.0,9.0,0.0,0.0,7.0,10.0,8.0,1.0,9.0,2.0,1.0,1.0,6.0,4.0,2.0,2.0,0.0
Arica y Parinacota,15,Desconocido Arica y Parinacota,,,0,0.0,0.0,0.0,0.0,0.0,0.0,0.0,1.0,0.0,0.0,0.0,0.0,0.0,0.0,0.0,0.0,0.0,0.0,0.0,0.0,0.0,2.0,3.0,3.0,9.0,2.0,2.0,0.0,2.0,2.0,5.0,1.0
Arica y Parinacota,15,Total,,252110.0,0.0,0.0,1.0,2.0,1.0,2.0,23.0,70.0,68.0,53.0,69.0,51.0,45.0,89.0,148.0,195.0,279.0,281.0,294.0,351.0,453.0,706.0,795.0,773.0,622.0,642.0,464.0,467.0,446.0,326.0,336.0,205.0,63.0
,,,,,,,,,,,,,,,,,,,,,,,,,,,,,,,,,,,,,
Tarapaca,01,Alto Hospicio,01107,129999.0,0,0.0,0.0,0.0,0.0,3.0,5.0,6.0,14.0,24.0,39.0,113.0,140.0,270.0,318.0,317.0,259.0,207.0,162.0,173.0,119.0,109.0,115.0,139.0,179.0,163.0,217.0,152.0,162.0,140.0,98.0,52.0,13.0
Tarapaca,01,Camina,01402,1375.0,0,0.0,0.0,0.0,0.0,0.0,0.0,0.0,0.0,0.0,0.0,0.0,0.0,0.0,3.0,9.0,4.0,2.0,4.0,7.0,3.0,6.0,2.0,3.0,1.0,3.0,11.0,1.0,0.0,0.0,1.0,0.0,0.0
Tarapaca,01,Colchane,01403,1583.0,0,0.0,0.0,0.0,0.0,0.0,0.0,0.0,0.0,0.0,0.0,0.0,0.0,0.0,2.0,1.0,9.0,17.0,15.0,15.0,10.0,8.0,3.0,11.0,2.0,2.0,1.0,1.0,1.0,0.0,0.0,0.0,0.0
Tarapaca,01,Huara,01404,3000.0,0,0.0,0.0,0.0,0.0,0.0,0.0,0.0,0.0,0.0,2.0,8.0,2.0,10.0,7.0,8.0,10.0,6.0,9.0,12.0,16.0,21.0,15.0,8.0,3.0,6.0,7.0,4.0,8.0,0.0,2.0,0.0,0.0
Tarapaca,01,Iquique,01101,223463.0,0,0.0,0.0,0.0,0.0,9.0,7.0,15.0,11.0,20.0,42.0,102.0,257.0,402.0,504.0,462.0,443.0,462.0,422.0,349.0,337.0,288.0,279.0,366.0,322.0,322.0,274.0,263.0,225.0,201.0,184.0,111.0,23.0
Tarapaca,01,Pica,01405,5958.0,0,0.0,0.0,0.0,0.0,0.0,1.0,7.0,14.0,10.0,0.0,1.0,4.0,1.0,7.0,8.0,10.0,10.0,10.0,14.0,43.0,38.0,24.0,24.0,31.0,34.0,47.0,25.0,29.0,7.0,7.0,3.0,1.0
Tarapaca,01,Pozo Almonte,01401,17395.0,0,0.0,0.0,0.0,0.0,0.0,1.0,2.0,0.0,0.0,0.0,3.0,5.0,15.0,38.0,58.0,91.0,105.0,64.0,36.0,76.0,56.0,48.0,43.0,130.0,58.0,43.0,50.0,39.0,26.0,10.0,4.0,1.0
Tarapaca,01,Desconocido Tarapaca,,,0,0.0,0.0,0.0,0.0,0.0,0.0,0.0,1.0,0.0,1.0,5.0,95.0,29.0,25.0,25.0,31.0,25.0,20.0,22.0,15.0,17.0,33.0,35.0,17.0,16.0,13.0,11.0,13.0,10.0,15.0,40.0,10.0
Tarapaca,01,Total,,382773.0,0.0,0.0,0.0,0.0,0.0,12.0,14.0,30.0,40.0,54.0,84.0,232.0,503.0,727.0,904.0,888.0,857.0,834.0,706.0,628.0,619.0,543.0,519.0,629.0,685.0,604.0,613.0,507.0,477.0,384.0,317.0,210.0,48.0
,,,,,,,,,,,,,,,,,,,,,,,,,,,,,,,,,,,,,
Antofagasta,02,Antofagasta,02101,425725.0,0,0.0,0.0,1.0,2.0,27.0,32.0,40.0,56.0,109.0,160.0,214.0,313.0,313.0,303.0,353.0,502.0,599.0,709.0,792.0,910.0,759.0,583.0,576.0,670.0,625.0,524.0,438.0,433.0,337.0,288.0,197.0,49.0
Antofagasta,02,Calama,02201,190336.0,0,0.0,1.0,0.0,2.0,3.0,3.0,8.0,16.0,16.0,39.0,52.0,91.0,233.0,282.0,446.0,807.0,985.0,915.0,745.0,672.0,468.0,348.0,269.0,205.0,196.0,180.0,135.0,151.0,113.0,73.0,57.0,22.0
Antofagasta,02,Maria Elena,02302,6814.0,0,0.0,1.0,0.0,0.0,0.0,0.0,0.0,5.0,9.0,16.0,44.0,44.0,30.0,13.0,12.0,11.0,7.0,41.0,29.0,27.0,7.0,14.0,8.0,12.0,7.0,1.0,2.0,3.0,4.0,3.0,0.0,0.0
Antofagasta,02,Mejillones,02102,14776.0,0,0.0,0.0,0.0,0.0,0.0,1.0,8.0,15.0,17.0,30.0,76.0,46.0,51.0,19.0,19.0,10.0,17.0,39.0,50.0,25.0,16.0,10.0,22.0,24.0,9.0,22.0,16.0,13.0,8.0,19.0,16.0,2.0
Antofagasta,02,Ollague,02202,287.0,0,0.0,0.0,0.0,0.0,0.0,0.0,0.0,0.0,0.0,0.0,0.0,0.0,0.0,0.0,0.0,0.0,2.0,6.0,1.0,2.0,5.0,5.0,0.0,3.0,0.0,0.0,0.0,0.0,0.0,0.0,0.0,0.0
Antofagasta,02,San Pedro de Atacama,02203,10434.0,0,0.0,0.0,0.0,0.0,2.0,1.0,1.0,0.0,0.0,1.0,0.0,0.0,1.0,4.0,4.0,18.0,21.0,33.0,35.0,35.0,36.0,45.0,20.0,20.0,19.0,18.0,13.0,8.0,9.0,4.0,2.0,1.0
Antofagasta,02,Sierra Gorda,02103,1746.0,0,0.0,0.0,0.0,0.0,0.0,0.0,0.0,0.0,0.0,0.0,3.0,5.0,5.0,3.0,12.0,6.0,8.0,3.0,4.0,2.0,5.0,6.0,6.0,4.0,5.0,0.0,2.0,0.0,1.0,1.0,2.0,1.0
Antofagasta,02,Taltal,02104,13657.0,0,0.0,0.0,0.0,0.0,0.0,0.0,2.0,3.0,2.0,1.0,1.0,3.0,12.0,6.0,9.0,7.0,9.0,12.0,7.0,11.0,21.0,16.0,2.0,10.0,10.0,15.0,9.0,2.0,4.0,2.0,4.0,2.0
Antofagasta,02,Tocopilla,02301,28079.0,0,0.0,0.0,0.0,0.0,2.0,0.0,4.0,5.0,0.0,1.0,2.0,6.0,8.0,8.0,5.0,6.0,25.0,50.0,61.0,43.0,22.0,20.0,7.0,8.0,8.0,9.0,19.0,15.0,2.0,0.0,5.0,0.0
Antofagasta,02,Desconocido Antofagasta,,,0,0.0,0.0,0.0,0.0,0.0,0.0,0.0,0.0,1.0,5.0,0.0,1.0,1.0,0.0,0.0,5.0,10.0,41.0,30.0,27.0,21.0,23.0,21.0,27.0,26.0,14.0,14.0,10.0,4.0,8.0,3.0,1.0
Antofagasta,02,Total,,691854.0,0.0,0.0,2.0,1.0,4.0,34.0,37.0,63.0,100.0,154.0,253.0,392.0,509.0,654.0,638.0,860.0,1372.0,1683.0,1849.0,1754.0,1754.0,1360.0,1070.0,931.0,983.0,905.0,783.0,648.0,635.0,482.0,398.0,286.0,78.0
,,,,,,,,,,,,,,,,,,,,,,,,,,,,,,,,,,,,,
Atacama,03,Alto del Carmen,03302,5729.0,0,0.0,0.0,0.0,0.0,0.0,0.0,0.0,0.0,0.0,0.0,0.0,0.0,0.0,0.0,1.0,3.0,1.0,1.0,0.0,1.0,2.0,1.0,0.0,0.0,6.0,14.0,4.0,1.0,0.0,2.0,1.0,1.0
Atacama,03,Caldera,03102,19426.0,0,0.0,0.0,0.0,0.0,0.0,0.0,0.0,0.0,0.0,0.0,2.0,2.0,1.0,1.0,3.0,2.0,7.0,5.0,14.0,7.0,6.0,19.0,20.0,24.0,57.0,33.0,41.0,23.0,2.0,13.0,14.0,1.0
Atacama,03,Chanaral,03201,13164.0,0,0.0,0.0,0.0,0.0,0.0,0.0,0.0,0.0,0.0,0.0,0.0,0.0,0.0,1.0,0.0,2.0,6.0,12.0,2.0,4.0,9.0,5.0,12.0,11.0,10.0,19.0,13.0,22.0,35.0,17.0,7.0,0.0
Atacama,03,Copiapo,03101,171766.0,0,0.0,0.0,0.0,2.0,0.0,3.0,1.0,4.0,0.0,12.0,28.0,27.0,14.0,26.0,57.0,114.0,120.0,144.0,152.0,173.0,196.0,301.0,510.0,652.0,638.0,389.0,259.0,149.0,123.0,151.0,78.0,6.0
Atacama,03,Diego de Almagro,03202,14358.0,0,0.0,1.0,0.0,0.0,0.0,1.0,0.0,0.0,0.0,0.0,1.0,1.0,4.0,3.0,6.0,3.0,9.0,4.0,2.0,10.0,6.0,1.0,5.0,1.0,11.0,44.0,19.0,41.0,7.0,13.0,11.0,0.0
Atacama,03,Freirina,03303,7681.0,0,0.0,0.0,0.0,0.0,0.0,0.0,0.0,0.0,1.0,0.0,0.0,0.0,0.0,0.0,0.0,2.0,1.0,5.0,3.0,10.0,23.0,6.0,4.0,7.0,20.0,24.0,16.0,9.0,6.0,7.0,6.0,1.0
Atacama,03,Huasco,03304,11264.0,0,0.0,0.0,0.0,0.0,0.0,0.0,0.0,0.0,0.0,0.0,1.0,0.0,0.0,0.0,2.0,6.0,3.0,4.0,6.0,3.0,0.0,1.0,9.0,9.0,3.0,10.0,16.0,8.0,22.0,15.0,26.0,2.0
Atacama,03,Tierra Amarilla,03103,14312.0,0,0.0,0.0,0.0,0.0,0.0,0.0,2.0,3.0,0.0,2.0,5.0,10.0,2.0,0.0,1.0,10.0,15.0,11.0,5.0,14.0,22.0,23.0,40.0,49.0,49.0,34.0,17.0,21.0,5.0,4.0,3.0,1.0
Atacama,03,Vallenar,03301,57009.0,0,0.0,0.0,0.0,0.0,0.0,0.0,0.0,1.0,8.0,11.0,10.0,13.0,3.0,6.0,16.0,27.0,54.0,66.0,54.0,73.0,59.0,33.0,35.0,39.0,38.0,61.0,64.0,86.0,126.0,86.0,124.0,21.0
Atacama,03,Desconocido Atacama,,,0,0.0,0.0,0.0,0.0,0.0,0.0,0.0,0.0,0.0,0.0,0.0,0.0,0.0,0.0,0.0,0.0,0.0,9.0,1.0,2.0,1.0,3.0,2.0,0.0,11.0,2.0,3.0,1.0,1.0,1.0,0.0,1.0
Atacama,03,Total,,314709.0,0.0,0.0,1.0,0.0,2.0,0.0,4.0,3.0,8.0,9.0,25.0,47.0,53.0,24.0,37.0,86.0,169.0,216.0,261.0,239.0,297.0,324.0,393.0,637.0,792.0,843.0,630.0,452.0,361.0,327.0,309.0,270.0,34.0
,,,,,,,,,,,,,,,,,,,,,,,,,,,,,,,,,,,,,
Coquimbo,04,Andacollo,04103,11791.0,0,0.0,0.0,0.0,0.0,0.0,0.0,0.0,0.0,0.0,0.0,2.0,7.0,3.0,3.0,7.0,6.0,0.0,5.0,7.0,4.0,3.0,3.0,2.0,5.0,5.0,10.0,16.0,15.0,26.0,20.0,12.0,3.0
Coquimbo,04,Canela,04202,9546.0,0,0.0,0.0,0.0,0.0,0.0,0.0,0.0,0.0,0.0,0.0,1.0,0.0,2.0,0.0,2.0,2.0,0.0,1.0,6.0,5.0,0.0,4.0,3.0,2.0,11.0,19.0,11.0,9.0,5.0,2.0,8.0,1.0
Coquimbo,04,Combarbala,04302,13884.0,0,0.0,0.0,0.0,0.0,0.0,0.0,0.0,0.0,0.0,0.0,2.0,3.0,4.0,3.0,5.0,3.0,2.0,7.0,0.0,1.0,3.0,0.0,1.0,4.0,6.0,9.0,10.0,9.0,3.0,3.0,3.0,0.0
Coquimbo,04,Coquimbo,04102,256735.0,0,0.0,0.0,0.0,4.0,13.0,3.0,2.0,1.0,6.0,7.0,21.0,84.0,87.0,70.0,150.0,144.0,157.0,181.0,240.0,234.0,340.0,361.0,351.0,336.0,335.0,342.0,342.0,287.0,212.0,176.0,78.0,14.0
Coquimbo,04,Illapel,04201,32801.0,0,0.0,0.0,0.0,0.0,0.0,4.0,7.0,7.0,1.0,0.0,1.0,0.0,1.0,5.0,21.0,14.0,18.0,20.0,41.0,43.0,63.0,9.0,23.0,49.0,19.0,32.0,21.0,12.0,24.0,14.0,7.0,5.0
Coquimbo,04,La Higuera,04104,4450.0,0,0.0,0.0,0.0,0.0,0.0,0.0,0.0,0.0,0.0,0.0,0.0,0.0,0.0,0.0,1.0,2.0,0.0,0.0,0.0,6.0,9.0,27.0,9.0,17.0,19.0,3.0,5.0,1.0,2.0,2.0,0.0,0.0
Coquimbo,04,La Serena,04101,249656.0,0,0.0,0.0,1.0,0.0,3.0,7.0,4.0,2.0,3.0,6.0,16.0,51.0,49.0,75.0,112.0,115.0,136.0,197.0,187.0,225.0,271.0,273.0,334.0,337.0,292.0,174.0,235.0,180.0,200.0,124.0,50.0,8.0
Coquimbo,04,Los Vilos,04203,23374.0,0,0.0,0.0,0.0,0.0,1.0,0.0,0.0,0.0,0.0,0.0,0.0,1.0,0.0,3.0,4.0,6.0,6.0,12.0,26.0,11.0,12.0,17.0,21.0,18.0,25.0,30.0,25.0,15.0,28.0,19.0,9.0,7.0
Coquimbo,04,Monte Patria,04303,32527.0,0,0.0,0.0,0.0,0.0,0.0,0.0,0.0,0.0,0.0,0.0,1.0,6.0,19.0,25.0,27.0,24.0,45.0,22.0,30.0,24.0,14.0,13.0,10.0,22.0,24.0,49.0,43.0,37.0,27.0,21.0,12.0,0.0
Coquimbo,04,Ovalle,04301,121269.0,0,0.0,0.0,0.0,3.0,2.0,4.0,2.0,0.0,5.0,1.0,14.0,33.0,48.0,58.0,114.0,171.0,180.0,152.0,135.0,90.0,82.0,58.0,81.0,114.0,192.0,224.0,247.0,209.0,166.0,122.0,47.0,28.0
Coquimbo,04,Paiguano,04105,4675.0,0,0.0,0.0,0.0,0.0,0.0,0.0,0.0,0.0,0.0,0.0,0.0,0.0,0.0,2.0,2.0,1.0,2.0,0.0,0.0,0.0,2.0,0.0,2.0,1.0,1.0,3.0,4.0,0.0,2.0,2.0,7.0,0.0
Coquimbo,04,Punitaqui,04304,12165.0,0,0.0,0.0,0.0,0.0,0.0,0.0,0.0,0.0,1.0,1.0,3.0,6.0,0.0,4.0,16.0,2.0,7.0,5.0,7.0,5.0,13.0,15.0,5.0,4.0,13.0,18.0,17.0,18.0,14.0,13.0,4.0,0.0
Coquimbo,04,Rio Hurtado,04305,4372.0,0,0.0,0.0,0.0,0.0,1.0,0.0,0.0,0.0,0.0,0.0,1.0,0.0,1.0,2.0,5.0,6.0,1.0,0.0,0.0,5.0,1.0,3.0,3.0,2.0,5.0,5.0,1.0,1.0,1.0,4.0,0.0,0.0
Coquimbo,04,Salamanca,04204,29110.0,0,0.0,0.0,1.0,0.0,1.0,2.0,1.0,2.0,1.0,0.0,3.0,2.0,2.0,5.0,15.0,14.0,3.0,6.0,4.0,7.0,11.0,18.0,39.0,24.0,7.0,13.0,11.0,12.0,14.0,8.0,3.0,1.0
Coquimbo,04,Vicuna,04106,29741.0,0,0.0,0.0,0.0,0.0,0.0,0.0,0.0,1.0,0.0,1.0,3.0,5.0,3.0,5.0,4.0,7.0,2.0,1.0,8.0,11.0,33.0,33.0,21.0,14.0,17.0,15.0,20.0,22.0,37.0,22.0,12.0,4.0
Coquimbo,04,Desconocido Coquimbo,,,0,0.0,0.0,0.0,0.0,1.0,0.0,3.0,1.0,1.0,1.0,0.0,1.0,3.0,10.0,8.0,9.0,17.0,11.0,16.0,10.0,18.0,12.0,2.0,8.0,4.0,2.0,0.0,0.0,2.0,1.0,2.0,1.0
Coquimbo,04,Total,,836096.0,0.0,0.0,0.0,2.0,7.0,22.0,20.0,19.0,14.0,18.0,17.0,68.0,199.0,222.0,270.0,493.0,526.0,576.0,620.0,707.0,681.0,875.0,846.0,907.0,957.0,975.0,948.0,1008.0,827.0,763.0,553.0,254.0,72.0
,,,,,,,,,,,,,,,,,,,,,,,,,,,,,,,,,,,,,
Valparaiso,05,Algarrobo,05602,15174.0,0,0.0,0.0,0.0,1.0,4.0,4.0,0.0,0.0,0.0,2.0,4.0,6.0,13.0,10.0,7.0,19.0,21.0,6.0,7.0,2.0,4.0,2.0,0.0,0.0,4.0,1.0,11.0,10.0,10.0,2.0,3.0,1.0
Valparaiso,05,Cabildo,05402,20663.0,0,0.0,0.0,0.0,0.0,0.0,0.0,0.0,0.0,0.0,5.0,3.0,2.0,7.0,7.0,17.0,20.0,40.0,50.0,61.0,40.0,45.0,22.0,11.0,4.0,9.0,19.0,20.0,26.0,27.0,17.0,9.0,3.0
Valparaiso,05,Calera,05502,53591.0,0,0.0,0.0,0.0,0.0,1.0,6.0,3.0,4.0,7.0,2.0,2.0,7.0,19.0,22.0,21.0,52.0,60.0,88.0,88.0,100.0,101.0,106.0,95.0,85.0,147.0,95.0,72.0,100.0,82.0,34.0,30.0,5.0
Valparaiso,05,Calle Larga,05302,16482.0,0,0.0,0.0,0.0,0.0,0.0,1.0,1.0,3.0,1.0,0.0,4.0,3.0,8.0,29.0,26.0,27.0,24.0,23.0,41.0,20.0,9.0,8.0,12.0,17.0,7.0,29.0,0.0,10.0,8.0,8.0,6.0,1.0
Valparaiso,05,Cartagena,05603,25357.0,0,0.0,0.0,0.0,0.0,0.0,0.0,2.0,0.0,1.0,5.0,5.0,12.0,7.0,17.0,11.0,19.0,20.0,20.0,15.0,18.0,9.0,15.0,14.0,8.0,5.0,10.0,14.0,6.0,16.0,13.0,10.0,1.0
Valparaiso,05,Casablanca,05102,29170.0,0,0.0,0.0,0.0,0.0,2.0,0.0,1.0,1.0,0.0,0.0,0.0,9.0,9.0,9.0,14.0,24.0,27.0,18.0,26.0,28.0,26.0,31.0,35.0,56.0,62.0,35.0,17.0,22.0,11.0,26.0,4.0,3.0
Valparaiso,05,Catemu,05702,15213.0,0,0.0,0.0,0.0,0.0,1.0,0.0,0.0,0.0,0.0,0.0,1.0,1.0,7.0,3.0,14.0,15.0,14.0,4.0,19.0,8.0,13.0,8.0,15.0,23.0,29.0,16.0,27.0,37.0,20.0,12.0,4.0,1.0
Valparaiso,05,Concon,05103,45889.0,0,0.0,0.0,0.0,0.0,4.0,4.0,3.0,1.0,0.0,10.0,6.0,9.0,16.0,19.0,27.0,53.0,45.0,53.0,83.0,76.0,57.0,35.0,15.0,21.0,24.0,28.0,32.0,21.0,37.0,32.0,10.0,3.0
Valparaiso,05,El Quisco,05604,17742.0,0,0.0,0.0,0.0,0.0,1.0,0.0,4.0,2.0,4.0,0.0,5.0,9.0,14.0,15.0,15.0,19.0,11.0,8.0,12.0,23.0,9.0,11.0,8.0,5.0,13.0,14.0,7.0,13.0,39.0,23.0,10.0,1.0
Valparaiso,05,El Tabo,05605,14338.0,0,0.0,0.0,0.0,0.0,0.0,5.0,0.0,2.0,3.0,3.0,4.0,7.0,6.0,16.0,26.0,20.0,20.0,23.0,34.0,19.0,9.0,9.0,27.0,17.0,6.0,4.0,3.0,6.0,18.0,7.0,5.0,1.0
Valparaiso,05,Hijuelas,05503,19099.0,0,0.0,0.0,0.0,0.0,0.0,0.0,0.0,1.0,0.0,0.0,0.0,0.0,8.0,10.0,14.0,14.0,11.0,20.0,23.0,20.0,30.0,27.0,24.0,29.0,31.0,21.0,18.0,18.0,13.0,15.0,2.0,0.0
Valparaiso,05,Isla de Pascua,05201,8277.0,0,0.0,0.0,0.0,0.0,2.0,1.0,2.0,0.0,0.0,0.0,0.0,0.0,0.0,0.0,0.0,0.0,0.0,0.0,0.0,0.0,0.0,0.0,0.0,0.0,0.0,0.0,1.0,0.0,0.0,3.0,0.0,0.0
Valparaiso,05,Juan Fernandez,05104,1033.0,0,0.0,0.0,0.0,0.0,0.0,0.0,0.0,0.0,0.0,0.0,0.0,0.0,0.0,0.0,0.0,0.0,0.0,0.0,0.0,0.0,0.0,0.0,0.0,0.0,0.0,0.0,0.0,0.0,0.0,0.0,1.0,0.0
Valparaiso,05,La Cruz,05504,25321.0,0,0.0,0.0,1.0,0.0,1.0,2.0,3.0,1.0,0.0,1.0,8.0,7.0,4.0,5.0,14.0,16.0,11.0,14.0,25.0,17.0,23.0,30.0,39.0,22.0,17.0,22.0,19.0,17.0,24.0,27.0,4.0,1.0
Valparaiso,05,La Ligua,05401,37739.0,0,0.0,0.0,0.0,0.0,1.0,0.0,1.0,0.0,0.0,0.0,1.0,2.0,9.0,18.0,27.0,34.0,51.0,32.0,44.0,48.0,51.0,55.0,66.0,50.0,57.0,61.0,83.0,59.0,39.0,35.0,16.0,7.0
Valparaiso,05,Limache,05802,49931.0,0,0.0,0.0,0.0,0.0,3.0,0.0,5.0,9.0,7.0,1.0,7.0,24.0,33.0,25.0,36.0,87.0,100.0,104.0,89.0,95.0,62.0,58.0,47.0,48.0,91.0,52.0,68.0,59.0,42.0,23.0,16.0,9.0
Valparaiso,05,Llaillay,05703,26533.0,0,0.0,0.0,0.0,0.0,1.0,1.0,0.0,0.0,0.0,1.0,3.0,5.0,29.0,23.0,26.0,33.0,22.0,34.0,28.0,31.0,49.0,21.0,24.0,24.0,31.0,5.0,23.0,34.0,32.0,16.0,12.0,3.0
Valparaiso,05,Los Andes,05301,68093.0,0,0.0,0.0,0.0,0.0,2.0,2.0,0.0,4.0,0.0,2.0,9.0,21.0,57.0,85.0,94.0,135.0,112.0,111.0,99.0,88.0,66.0,68.0,54.0,26.0,34.0,10.0,21.0,36.0,44.0,31.0,31.0,8.0
Valparaiso,05,Nogales,05506,23490.0,0,0.0,0.0,0.0,0.0,0.0,0.0,0.0,0.0,0.0,0.0,2.0,4.0,6.0,6.0,7.0,9.0,16.0,20.0,16.0,21.0,21.0,41.0,37.0,26.0,42.0,37.0,58.0,40.0,22.0,26.0,2.0,2.0
Valparaiso,05,Olmue,05803,19266.0,0,0.0,0.0,0.0,0.0,0.0,0.0,1.0,1.0,1.0,0.0,0.0,2.0,5.0,11.0,8.0,14.0,22.0,15.0,10.0,22.0,16.0,19.0,16.0,19.0,34.0,37.0,24.0,11.0,14.0,5.0,1.0,0.0
Valparaiso,05,Panquehue,05704,7633.0,0,0.0,0.0,0.0,0.0,0.0,0.0,0.0,0.0,0.0,0.0,0.0,4.0,5.0,6.0,4.0,11.0,6.0,10.0,8.0,8.0,16.0,23.0,12.0,0.0,2.0,3.0,2.0,4.0,2.0,0.0,1.0,0.0
Valparaiso,05,Papudo,05403,6201.0,0,0.0,0.0,0.0,0.0,0.0,0.0,1.0,0.0,1.0,0.0,0.0,0.0,6.0,4.0,13.0,13.0,14.0,9.0,6.0,6.0,4.0,3.0,9.0,9.0,6.0,9.0,6.0,3.0,5.0,18.0,21.0,3.0
Valparaiso,05,Petorca,05404,10558.0,0,0.0,0.0,0.0,0.0,1.0,4.0,1.0,0.0,0.0,0.0,0.0,1.0,4.0,5.0,9.0,4.0,5.0,13.0,10.0,10.0,6.0,10.0,10.0,16.0,10.0,11.0,12.0,16.0,4.0,6.0,5.0,2.0
Valparaiso,05,Puchuncavi,05105,20071.0,0,0.0,0.0,0.0,0.0,0.0,0.0,0.0,0.0,0.0,0.0,0.0,4.0,11.0,6.0,8.0,29.0,25.0,24.0,18.0,14.0,11.0,6.0,9.0,10.0,10.0,11.0,7.0,9.0,10.0,5.0,1.0,1.0
Valparaiso,05,Putaendo,05705,17645.0,0,0.0,0.0,0.0,0.0,1.0,0.0,0.0,1.0,3.0,2.0,2.0,7.0,7.0,7.0,15.0,30.0,27.0,27.0,27.0,22.0,18.0,6.0,18.0,13.0,8.0,9.0,4.0,5.0,10.0,15.0,8.0,6.0
Valparaiso,05,Quillota,05501,97572.0,0,0.0,0.0,1.0,0.0,3.0,7.0,3.0,8.0,1.0,5.0,3.0,18.0,20.0,47.0,77.0,195.0,188.0,211.0,206.0,222.0,144.0,121.0,131.0,106.0,119.0,146.0,132.0,108.0,79.0,54.0,17.0,9.0
Valparaiso,05,Quilpue,05801,167085.0,0,0.0,0.0,1.0,3.0,4.0,9.0,6.0,4.0,5.0,12.0,19.0,46.0,77.0,79.0,109.0,158.0,158.0,222.0,182.0,201.0,148.0,113.0,93.0,88.0,142.0,100.0,100.0,128.0,166.0,132.0,68.0,12.0
Valparaiso,05,Quintero,05107,36135.0,0,0.0,0.0,0.0,0.0,2.0,1.0,1.0,0.0,6.0,2.0,3.0,23.0,23.0,29.0,47.0,55.0,41.0,49.0,45.0,25.0,34.0,35.0,23.0,13.0,11.0,11.0,9.0,26.0,13.0,12.0,9.0,1.0
Valparaiso,05,Rinconada,05303,11263.0,0,0.0,0.0,0.0,0.0,0.0,0.0,3.0,0.0,0.0,0.0,0.0,2.0,14.0,18.0,15.0,19.0,20.0,19.0,15.0,11.0,13.0,11.0,8.0,0.0,0.0,1.0,0.0,2.0,1.0,1.0,0.0,0.0
Valparaiso,05,San Antonio,05601,96761.0,0,0.0,0.0,0.0,0.0,0.0,6.0,14.0,11.0,22.0,36.0,71.0,58.0,101.0,95.0,137.0,143.0,120.0,92.0,92.0,81.0,59.0,78.0,65.0,53.0,46.0,92.0,65.0,97.0,61.0,30.0,13.0,11.0
Valparaiso,05,San Esteban,05304,20643.0,0,0.0,0.0,0.0,0.0,0.0,0.0,0.0,0.0,1.0,2.0,2.0,7.0,4.0,11.0,16.0,28.0,18.0,18.0,28.0,27.0,28.0,17.0,11.0,11.0,11.0,9.0,6.0,8.0,2.0,6.0,8.0,0.0
Valparaiso,05,San Felipe,05701,83494.0,0,0.0,0.0,0.0,0.0,3.0,3.0,2.0,0.0,0.0,2.0,6.0,18.0,59.0,70.0,116.0,182.0,175.0,110.0,132.0,85.0,59.0,39.0,21.0,76.0,98.0,48.0,24.0,34.0,47.0,67.0,36.0,15.0
Valparaiso,05,Santa Maria,05706,16367.0,0,0.0,0.0,0.0,0.0,0.0,1.0,1.0,0.0,0.0,4.0,15.0,2.0,5.0,8.0,13.0,18.0,31.0,33.0,23.0,28.0,18.0,17.0,10.0,23.0,8.0,9.0,17.0,6.0,3.0,13.0,14.0,3.0
Valparaiso,05,Santo Domingo,05606,11934.0,0,0.0,0.0,0.0,2.0,1.0,1.0,5.0,4.0,4.0,4.0,5.0,4.0,11.0,7.0,9.0,33.0,21.0,10.0,10.0,6.0,5.0,1.0,1.0,3.0,0.0,8.0,4.0,18.0,6.0,5.0,1.0,0.0
Valparaiso,05,Valparaiso,05101,315732.0,0,0.0,0.0,1.0,2.0,11.0,15.0,13.0,20.0,16.0,26.0,82.0,118.0,147.0,234.0,318.0,488.0,546.0,504.0,378.0,328.0,343.0,324.0,319.0,326.0,312.0,342.0,403.0,354.0,430.0,323.0,127.0,40.0
Valparaiso,05,Villa Alemana,05804,139310.0,0,0.0,0.0,0.0,1.0,7.0,4.0,3.0,0.0,1.0,5.0,32.0,41.0,53.0,74.0,123.0,185.0,183.0,214.0,140.0,174.0,127.0,101.0,100.0,107.0,124.0,120.0,118.0,123.0,142.0,143.0,54.0,19.0
Valparaiso,05,Vina del Mar,05109,361371.0,0,0.0,1.0,0.0,5.0,23.0,27.0,21.0,14.0,20.0,25.0,79.0,141.0,198.0,241.0,305.0,409.0,397.0,462.0,428.0,375.0,290.0,273.0,234.0,258.0,352.0,373.0,373.0,397.0,354.0,306.0,118.0,57.0
Valparaiso,05,Zapallar,05405,7994.0,0,0.0,0.0,0.0,0.0,0.0,0.0,1.0,0.0,0.0,0.0,0.0,0.0,1.0,0.0,1.0,2.0,3.0,19.0,13.0,12.0,11.0,10.0,5.0,5.0,12.0,7.0,6.0,10.0,12.0,5.0,3.0,0.0
Valparaiso,05,Desconocido Valparaiso,,,0,0.0,0.0,0.0,0.0,2.0,3.0,3.0,1.0,1.0,0.0,0.0,11.0,7.0,6.0,36.0,26.0,35.0,56.0,46.0,49.0,25.0,23.0,10.0,10.0,11.0,6.0,11.0,14.0,12.0,11.0,14.0,10.0
Valparaiso,05,Total,,1960170.0,0.0,0.0,1.0,4.0,14.0,81.0,107.0,104.0,92.0,105.0,157.0,383.0,635.0,1010.0,1277.0,1775.0,2638.0,2640.0,2745.0,2527.0,2360.0,1959.0,1777.0,1628.0,1607.0,1925.0,1811.0,1817.0,1887.0,1857.0,1507.0,694.0,239.0
,,,,,,,,,,,,,,,,,,,,,,,,,,,,,,,,,,,,,
Metropolitana,13,Alhue,13502,7405.0,0,0.0,0.0,0.0,0.0,0.0,0.0,1.0,0.0,0.0,0.0,0.0,5.0,1.0,4.0,9.0,15.0,24.0,13.0,19.0,32.0,28.0,18.0,21.0,15.0,33.0,19.0,31.0,16.0,28.0,14.0,3.0,1.0
Metropolitana,13,Buin,13402,109641.0,0,0.0,0.0,0.0,0.0,5.0,16.0,10.0,12.0,18.0,22.0,62.0,140.0,187.0,230.0,219.0,282.0,270.0,210.0,170.0,168.0,120.0,103.0,69.0,77.0,111.0,56.0,77.0,78.0,99.0,38.0,51.0,25.0
Metropolitana,13,Calera de Tango,13403,28525.0,0,0.0,0.0,0.0,0.0,4.0,4.0,1.0,1.0,5.0,1.0,6.0,19.0,31.0,38.0,71.0,73.0,76.0,55.0,79.0,39.0,31.0,18.0,14.0,10.0,11.0,13.0,7.0,24.0,17.0,3.0,7.0,0.0
Metropolitana,13,Cerrillos,13102,88956.0,0,0.0,1.0,2.0,1.0,4.0,11.0,13.0,21.0,22.0,65.0,228.0,207.0,277.0,319.0,278.0,349.0,351.0,249.0,186.0,158.0,90.0,93.0,95.0,69.0,43.0,37.0,36.0,36.0,45.0,46.0,24.0,12.0
Metropolitana,13,Cerro Navia,13103,142465.0,0,0.0,0.0,2.0,10.0,15.0,15.0,13.0,38.0,49.0,111.0,275.0,594.0,707.0,749.0,787.0,771.0,654.0,564.0,332.0,277.0,198.0,144.0,113.0,184.0,122.0,121.0,106.0,102.0,87.0,70.0,53.0,15.0
Metropolitana,13,Colina,13301,180353.0,0,0.0,1.0,3.0,7.0,27.0,16.0,23.0,17.0,25.0,36.0,133.0,372.0,546.0,616.0,621.0,607.0,419.0,345.0,256.0,177.0,147.0,76.0,58.0,53.0,66.0,55.0,87.0,79.0,82.0,67.0,42.0,14.0
Metropolitana,13,Conchali,13104,139195.0,0,0.0,0.0,2.0,1.0,17.0,13.0,19.0,42.0,72.0,133.0,386.0,636.0,726.0,682.0,650.0,652.0,561.0,472.0,333.0,281.0,201.0,93.0,112.0,95.0,84.0,99.0,89.0,76.0,79.0,88.0,43.0,8.0
Metropolitana,13,Curacavi,13503,36430.0,0,0.0,0.0,0.0,1.0,2.0,5.0,5.0,4.0,1.0,3.0,19.0,39.0,70.0,96.0,137.0,100.0,90.0,67.0,53.0,49.0,45.0,41.0,30.0,26.0,21.0,34.0,21.0,56.0,26.0,30.0,13.0,6.0
Metropolitana,13,El Bosque,13105,172000.0,0,0.0,0.0,0.0,1.0,15.0,22.0,28.0,46.0,48.0,83.0,225.0,403.0,554.0,551.0,746.0,837.0,736.0,569.0,482.0,382.0,247.0,205.0,143.0,111.0,91.0,80.0,101.0,111.0,89.0,68.0,43.0,8.0
Metropolitana,13,El Monte,13602,40014.0,0,0.0,0.0,0.0,1.0,1.0,1.0,7.0,4.0,3.0,7.0,17.0,41.0,77.0,141.0,101.0,129.0,132.0,157.0,104.0,97.0,69.0,34.0,44.0,42.0,39.0,11.0,10.0,11.0,14.0,12.0,18.0,4.0
Metropolitana,13,Estacion Central,13106,206792.0,0,0.0,0.0,2.0,3.0,11.0,28.0,33.0,42.0,81.0,170.0,371.0,579.0,673.0,695.0,748.0,702.0,570.0,456.0,321.0,228.0,203.0,126.0,98.0,82.0,78.0,64.0,82.0,93.0,57.0,42.0,32.0,8.0
Metropolitana,13,Huechuraba,13107,112528.0,0,0.0,1.0,0.0,5.0,21.0,11.0,18.0,19.0,32.0,56.0,214.0,376.0,506.0,457.0,420.0,387.0,297.0,303.0,187.0,149.0,118.0,89.0,94.0,80.0,73.0,73.0,42.0,52.0,53.0,45.0,24.0,9.0
Metropolitana,13,Independencia,13108,142065.0,0,0.0,0.0,0.0,4.0,15.0,8.0,27.0,49.0,144.0,305.0,567.0,790.0,791.0,785.0,729.0,572.0,440.0,341.0,219.0,201.0,169.0,113.0,83.0,103.0,82.0,85.0,79.0,110.0,70.0,53.0,34.0,7.0
Metropolitana,13,Isla de Maipo,13603,40171.0,0,0.0,0.0,0.0,0.0,2.0,1.0,6.0,2.0,0.0,4.0,12.0,25.0,38.0,75.0,89.0,102.0,79.0,78.0,78.0,73.0,114.0,117.0,78.0,73.0,63.0,40.0,50.0,52.0,18.0,17.0,11.0,5.0
Metropolitana,13,La Cisterna,13109,100434.0,0,0.0,0.0,0.0,2.0,11.0,12.0,16.0,18.0,26.0,63.0,123.0,245.0,336.0,326.0,446.0,403.0,315.0,284.0,190.0,123.0,121.0,59.0,66.0,57.0,57.0,52.0,58.0,45.0,58.0,36.0,29.0,8.0
Metropolitana,13,La Florida,13110,402433.0,0,0.0,1.0,3.0,12.0,29.0,59.0,65.0,79.0,106.0,221.0,592.0,1051.0,1549.0,1744.0,1623.0,1665.0,1207.0,1097.0,819.0,525.0,408.0,276.0,261.0,204.0,212.0,165.0,163.0,204.0,230.0,190.0,139.0,29.0
Metropolitana,13,La Granja,13111,122557.0,0,0.0,0.0,0.0,1.0,6.0,15.0,32.0,21.0,19.0,76.0,272.0,620.0,920.0,1024.0,807.0,813.0,647.0,531.0,362.0,349.0,196.0,104.0,105.0,72.0,93.0,68.0,53.0,52.0,64.0,67.0,65.0,3.0
Metropolitana,13,La Pintana,13112,189335.0,0,0.0,1.0,1.0,4.0,11.0,19.0,35.0,50.0,93.0,164.0,376.0,854.0,1018.0,1313.0,1441.0,1438.0,1000.0,795.0,558.0,364.0,247.0,213.0,185.0,206.0,208.0,146.0,151.0,152.0,136.0,89.0,42.0,15.0
Metropolitana,13,La Reina,13113,100252.0,0,0.0,0.0,0.0,12.0,16.0,13.0,18.0,8.0,12.0,39.0,75.0,125.0,224.0,306.0,257.0,245.0,219.0,186.0,132.0,119.0,74.0,49.0,36.0,50.0,39.0,54.0,57.0,29.0,29.0,28.0,21.0,2.0
Metropolitana,13,Lampa,13302,126898.0,0,0.0,0.0,0.0,0.0,9.0,14.0,16.0,13.0,19.0,53.0,139.0,295.0,357.0,404.0,385.0,437.0,364.0,246.0,193.0,163.0,152.0,106.0,67.0,63.0,97.0,48.0,58.0,63.0,64.0,39.0,26.0,5.0
Metropolitana,13,Las Condes,13114,330759.0,0,1.0,1.0,18.0,60.0,126.0,69.0,43.0,36.0,31.0,73.0,244.0,509.0,708.0,770.0,694.0,587.0,509.0,376.0,294.0,228.0,147.0,135.0,121.0,93.0,88.0,99.0,95.0,86.0,91.0,113.0,85.0,36.0
Metropolitana,13,Lo Barnechea,13115,124076.0,0,0.0,0.0,2.0,14.0,55.0,30.0,20.0,37.0,38.0,65.0,153.0,269.0,404.0,420.0,407.0,428.0,318.0,185.0,134.0,108.0,57.0,65.0,55.0,54.0,49.0,62.0,71.0,64.0,56.0,29.0,18.0,7.0
Metropolitana,13,Lo Espejo,13116,103865.0,0,0.0,0.0,0.0,1.0,5.0,10.0,23.0,30.0,21.0,76.0,184.0,354.0,431.0,385.0,513.0,549.0,405.0,367.0,261.0,187.0,142.0,130.0,108.0,78.0,73.0,57.0,67.0,74.0,68.0,65.0,37.0,9.0
Metropolitana,13,Lo Prado,13117,104403.0,0,0.0,0.0,0.0,3.0,6.0,21.0,15.0,23.0,31.0,105.0,197.0,363.0,494.0,519.0,630.0,530.0,499.0,405.0,250.0,208.0,209.0,161.0,74.0,106.0,111.0,89.0,93.0,125.0,93.0,54.0,31.0,2.0
Metropolitana,13,Macul,13118,134635.0,0,0.0,0.0,2.0,3.0,16.0,23.0,19.0,14.0,23.0,77.0,195.0,443.0,543.0,654.0,576.0,638.0,469.0,381.0,260.0,189.0,157.0,96.0,112.0,85.0,64.0,78.0,54.0,69.0,54.0,50.0,45.0,9.0
Metropolitana,13,Maipu,13119,578605.0,0,0.0,0.0,1.0,14.0,50.0,72.0,83.0,97.0,115.0,152.0,433.0,912.0,1374.0,1608.0,1707.0,1838.0,1609.0,1277.0,986.0,699.0,545.0,376.0,325.0,312.0,304.0,227.0,268.0,236.0,277.0,230.0,210.0,40.0
Metropolitana,13,Maria Pinto,13504,14926.0,0,0.0,0.0,0.0,0.0,0.0,0.0,0.0,1.0,0.0,2.0,2.0,17.0,24.0,37.0,37.0,43.0,25.0,28.0,48.0,32.0,29.0,23.0,12.0,8.0,10.0,16.0,10.0,5.0,6.0,2.0,6.0,1.0
Metropolitana,13,Melipilla,13501,141612.0,0,0.0,0.0,1.0,1.0,6.0,5.0,5.0,9.0,23.0,38.0,88.0,105.0,213.0,356.0,482.0,487.0,423.0,459.0,373.0,301.0,219.0,133.0,78.0,68.0,68.0,94.0,64.0,63.0,146.0,90.0,45.0,26.0
Metropolitana,13,Nunoa,13120,250192.0,0,0.0,1.0,1.0,28.0,53.0,43.0,46.0,46.0,66.0,73.0,154.0,372.0,538.0,773.0,665.0,658.0,563.0,384.0,317.0,209.0,188.0,85.0,94.0,112.0,97.0,87.0,80.0,85.0,111.0,89.0,49.0,12.0
Metropolitana,13,Padre Hurtado,13604,74188.0,0,0.0,0.0,1.0,0.0,5.0,10.0,6.0,13.0,9.0,16.0,60.0,100.0,171.0,252.0,231.0,285.0,234.0,191.0,177.0,120.0,107.0,52.0,69.0,39.0,35.0,32.0,32.0,28.0,27.0,31.0,18.0,1.0
Metropolitana,13,Paine,13404,82766.0,0,0.0,0.0,1.0,0.0,3.0,0.0,4.0,6.0,3.0,5.0,28.0,84.0,86.0,133.0,154.0,271.0,237.0,212.0,194.0,185.0,108.0,65.0,51.0,33.0,70.0,45.0,55.0,84.0,90.0,78.0,69.0,17.0
Metropolitana,13,Pedro Aguirre Cerda,13121,107803.0,0,0.0,0.0,0.0,3.0,6.0,16.0,24.0,46.0,32.0,74.0,175.0,364.0,430.0,399.0,508.0,568.0,439.0,351.0,241.0,222.0,150.0,106.0,92.0,84.0,65.0,46.0,44.0,51.0,68.0,33.0,16.0,5.0
Metropolitana,13,Penaflor,13605,101058.0,0,0.0,1.0,1.0,5.0,3.0,9.0,6.0,9.0,15.0,26.0,59.0,109.0,213.0,310.0,317.0,335.0,329.0,322.0,213.0,157.0,211.0,75.0,69.0,63.0,56.0,71.0,75.0,57.0,25.0,36.0,31.0,10.0
Metropolitana,13,Penalolen,13122,266798.0,0,0.0,1.0,3.0,9.0,28.0,36.0,39.0,51.0,71.0,121.0,407.0,985.0,1338.0,1659.0,1598.0,1436.0,1107.0,845.0,585.0,449.0,331.0,208.0,207.0,178.0,132.0,120.0,147.0,123.0,105.0,94.0,52.0,30.0
Metropolitana,13,Pirque,13202,30433.0,0,0.0,0.0,1.0,3.0,1.0,3.0,1.0,5.0,5.0,16.0,39.0,60.0,81.0,158.0,152.0,116.0,116.0,82.0,80.0,75.0,36.0,22.0,16.0,26.0,25.0,18.0,15.0,11.0,23.0,11.0,6.0,0.0
Metropolitana,13,Providencia,13123,157749.0,0,0.0,0.0,3.0,30.0,62.0,23.0,25.0,33.0,41.0,40.0,97.0,282.0,330.0,409.0,431.0,296.0,242.0,208.0,185.0,158.0,120.0,69.0,62.0,68.0,70.0,44.0,44.0,32.0,41.0,30.0,35.0,11.0
Metropolitana,13,Pudahuel,13124,253139.0,0,0.0,1.0,1.0,2.0,19.0,25.0,36.0,42.0,46.0,145.0,362.0,682.0,1030.0,1302.0,1279.0,1311.0,877.0,751.0,515.0,376.0,331.0,266.0,193.0,181.0,148.0,161.0,218.0,165.0,142.0,108.0,71.0,16.0
Metropolitana,13,Puente Alto,13201,645909.0,0,0.0,2.0,3.0,11.0,65.0,104.0,181.0,209.0,327.0,379.0,854.0,1591.0,2227.0,2589.0,2607.0,2834.0,2409.0,1906.0,1471.0,1056.0,733.0,545.0,367.0,464.0,418.0,494.0,378.0,452.0,458.0,354.0,231.0,60.0
Metropolitana,13,Quilicura,13125,254694.0,0,0.0,0.0,3.0,3.0,20.0,28.0,45.0,44.0,142.0,332.0,549.0,825.0,969.0,905.0,1050.0,1100.0,896.0,666.0,406.0,335.0,244.0,177.0,163.0,141.0,136.0,117.0,140.0,127.0,110.0,81.0,55.0,9.0
Metropolitana,13,Quinta Normal,13126,136368.0,0,0.0,1.0,2.0,6.0,14.0,27.0,40.0,50.0,51.0,99.0,269.0,466.0,584.0,720.0,774.0,677.0,554.0,423.0,332.0,254.0,237.0,110.0,129.0,157.0,138.0,109.0,98.0,102.0,101.0,59.0,28.0,16.0
Metropolitana,13,Recoleta,13127,190075.0,0,0.0,0.0,0.0,6.0,14.0,15.0,39.0,46.0,112.0,285.0,740.0,1190.0,1148.0,1008.0,880.0,789.0,588.0,516.0,311.0,252.0,181.0,99.0,124.0,95.0,122.0,99.0,104.0,91.0,108.0,57.0,53.0,9.0
Metropolitana,13,Renca,13128,160847.0,0,0.0,0.0,0.0,5.0,7.0,11.0,8.0,36.0,68.0,112.0,304.0,629.0,743.0,852.0,791.0,866.0,802.0,898.0,615.0,493.0,419.0,311.0,301.0,249.0,261.0,213.0,169.0,149.0,196.0,181.0,167.0,40.0
Metropolitana,13,San Bernardo,13401,334836.0,0,0.0,0.0,1.0,6.0,22.0,39.0,67.0,77.0,123.0,154.0,341.0,661.0,900.0,1084.0,1295.0,1420.0,1268.0,1085.0,836.0,588.0,423.0,256.0,236.0,214.0,196.0,160.0,164.0,158.0,130.0,119.0,92.0,16.0
Metropolitana,13,San Joaquin,13129,103485.0,0,0.0,0.0,0.0,1.0,16.0,23.0,15.0,34.0,43.0,84.0,228.0,504.0,655.0,486.0,506.0,572.0,471.0,353.0,275.0,201.0,192.0,159.0,86.0,90.0,75.0,65.0,65.0,83.0,53.0,42.0,32.0,10.0
Metropolitana,13,San Jose de Maipo,13203,18644.0,0,0.0,0.0,0.0,1.0,1.0,1.0,2.0,4.0,1.0,4.0,22.0,49.0,56.0,92.0,68.0,78.0,61.0,43.0,43.0,28.0,31.0,16.0,39.0,27.0,9.0,7.0,5.0,6.0,16.0,14.0,8.0,2.0
Metropolitana,13,San Miguel,13130,133059.0,0,0.0,1.0,1.0,3.0,27.0,23.0,27.0,46.0,47.0,78.0,207.0,451.0,519.0,635.0,585.0,655.0,461.0,442.0,260.0,222.0,172.0,123.0,65.0,128.0,94.0,88.0,116.0,58.0,72.0,55.0,44.0,8.0
Metropolitana,13,San Pedro,13505,11953.0,0,0.0,0.0,0.0,0.0,0.0,0.0,0.0,0.0,2.0,11.0,7.0,9.0,16.0,16.0,21.0,27.0,11.0,33.0,31.0,18.0,12.0,6.0,2.0,8.0,8.0,13.0,2.0,1.0,3.0,0.0,3.0,0.0
Metropolitana,13,San Ramon,13131,86510.0,0,0.0,0.0,0.0,1.0,2.0,11.0,11.0,13.0,42.0,90.0,249.0,456.0,555.0,533.0,461.0,548.0,413.0,299.0,201.0,190.0,166.0,101.0,75.0,61.0,52.0,49.0,46.0,36.0,39.0,41.0,37.0,7.0
Metropolitana,13,Santiago,13101,503147.0,0,0.0,1.0,3.0,31.0,99.0,101.0,148.0,167.0,175.0,395.0,962.0,1731.0,1735.0,1860.0,1629.0,1472.0,1195.0,990.0,649.0,518.0,435.0,239.0,189.0,160.0,173.0,139.0,148.0,209.0,181.0,142.0,117.0,13.0
Metropolitana,13,Talagante,13601,81838.0,0,0.0,0.0,0.0,0.0,4.0,8.0,7.0,3.0,10.0,10.0,43.0,59.0,100.0,124.0,162.0,185.0,228.0,212.0,194.0,138.0,86.0,53.0,69.0,26.0,33.0,44.0,25.0,17.0,26.0,16.0,10.0,5.0
Metropolitana,13,Tiltil,13303,21477.0,0,0.0,0.0,0.0,0.0,2.0,1.0,2.0,1.0,2.0,4.0,10.0,34.0,44.0,60.0,58.0,90.0,62.0,51.0,44.0,39.0,15.0,15.0,14.0,12.0,13.0,13.0,19.0,5.0,5.0,2.0,3.0,0.0
Metropolitana,13,Vitacura,13132,96774.0,0,0.0,0.0,6.0,32.0,50.0,29.0,14.0,7.0,5.0,13.0,55.0,163.0,220.0,189.0,158.0,139.0,106.0,99.0,81.0,55.0,35.0,33.0,27.0,39.0,25.0,27.0,28.0,16.0,16.0,24.0,14.0,7.0
Metropolitana,13,Desconocido Metropolitana,,,0,0.0,0.0,0.0,6.0,8.0,19.0,53.0,176.0,358.0,530.0,631.0,1258.0,1974.0,2234.0,1513.0,1186.0,1226.0,1262.0,727.0,395.0,253.0,144.0,77.0,99.0,46.0,25.0,38.0,39.0,52.0,51.0,44.0,41.0
Metropolitana,13,Total,,8125072.0,0.0,1.0,15.0,70.0,353.0,1016.0,1118.0,1440.0,1897.0,2853.0,5296.0,12440.0,23502.0,30441.0,34086.0,33503.0,33593.0,27603.0,23120.0,16662.0,12639.0,9699.0,6531.0,5473.0,5230.0,4887.0,4328.0,4335.0,4348.0,4334.0,3423.0,2482.0,659.0
,,,,,,,,,,,,,,,,,,,,,,,,,,,,,,,,,,,,,
Del Libertador General Bernardo O’Higgins,06,Chepica,06302,15925.0,0,0.0,1.0,0.0,0.0,0.0,0.0,0.0,0.0,0.0,0.0,0.0,1.0,6.0,0.0,4.0,6.0,22.0,18.0,20.0,16.0,26.0,17.0,13.0,3.0,5.0,12.0,19.0,17.0,11.0,5.0,19.0,1.0
Del Libertador General Bernardo O’Higgins,06,Chimbarongo,06303,37696.0,0,0.0,0.0,0.0,0.0,2.0,1.0,0.0,0.0,0.0,1.0,1.0,5.0,13.0,9.0,7.0,12.0,18.0,20.0,28.0,23.0,16.0,16.0,14.0,16.0,7.0,7.0,15.0,20.0,21.0,8.0,7.0,4.0
Del Libertador General Bernardo O’Higgins,06,Codegua,06102,14096.0,0,0.0,0.0,0.0,0.0,1.0,0.0,0.0,0.0,0.0,0.0,0.0,1.0,3.0,10.0,10.0,13.0,17.0,21.0,34.0,23.0,27.0,31.0,22.0,11.0,8.0,27.0,25.0,11.0,17.0,11.0,12.0,2.0
Del Libertador General Bernardo O’Higgins,06,Coinco,06103,7831.0,0,0.0,0.0,0.0,0.0,0.0,0.0,0.0,0.0,0.0,1.0,0.0,4.0,11.0,8.0,3.0,5.0,7.0,20.0,8.0,14.0,13.0,11.0,5.0,10.0,9.0,4.0,7.0,12.0,6.0,4.0,4.0,0.0
Del Libertador General Bernardo O’Higgins,06,Coltauco,06104,21263.0,0,0.0,0.0,0.0,0.0,0.0,0.0,0.0,0.0,0.0,0.0,0.0,15.0,9.0,13.0,4.0,4.0,8.0,20.0,23.0,16.0,26.0,32.0,47.0,31.0,37.0,32.0,47.0,31.0,23.0,11.0,7.0,1.0
Del Libertador General Bernardo O’Higgins,06,Donihue,06105,22700.0,0,0.0,0.0,0.0,0.0,0.0,1.0,0.0,0.0,1.0,0.0,5.0,12.0,15.0,13.0,11.0,20.0,31.0,69.0,58.0,56.0,46.0,36.0,22.0,27.0,21.0,19.0,17.0,24.0,34.0,17.0,16.0,3.0
Del Libertador General Bernardo O’Higgins,06,Graneros,06106,36504.0,0,0.0,0.0,0.0,0.0,1.0,0.0,0.0,0.0,0.0,3.0,7.0,14.0,21.0,24.0,24.0,32.0,53.0,65.0,67.0,62.0,48.0,33.0,11.0,18.0,39.0,49.0,23.0,30.0,43.0,20.0,31.0,13.0
Del Libertador General Bernardo O’Higgins,06,La Estrella,06202,3114.0,0,0.0,0.0,0.0,0.0,0.0,0.0,0.0,0.0,0.0,0.0,0.0,0.0,0.0,0.0,1.0,4.0,6.0,2.0,12.0,6.0,0.0,3.0,1.0,1.0,1.0,0.0,1.0,1.0,0.0,0.0,0.0,0.0
Del Libertador General Bernardo O’Higgins,06,Las Cabras,06107,26749.0,0,0.0,0.0,0.0,0.0,0.0,0.0,0.0,1.0,2.0,4.0,3.0,2.0,4.0,3.0,5.0,9.0,17.0,30.0,43.0,29.0,29.0,16.0,14.0,29.0,37.0,61.0,42.0,48.0,35.0,37.0,30.0,16.0
Del Libertador General Bernardo O’Higgins,06,Litueche,06203,6765.0,0,0.0,0.0,0.0,0.0,0.0,0.0,0.0,0.0,1.0,5.0,2.0,2.0,3.0,0.0,1.0,6.0,15.0,21.0,8.0,6.0,3.0,2.0,6.0,4.0,5.0,4.0,0.0,0.0,0.0,2.0,0.0,2.0
Del Libertador General Bernardo O’Higgins,06,Lolol,06304,7289.0,0,0.0,0.0,0.0,0.0,0.0,0.0,0.0,0.0,0.0,0.0,0.0,1.0,2.0,1.0,10.0,5.0,7.0,5.0,13.0,1.0,0.0,0.0,0.0,6.0,6.0,3.0,6.0,1.0,6.0,1.0,0.0,0.0
Del Libertador General Bernardo O’Higgins,06,Machali,06108,59913.0,0,0.0,0.0,0.0,1.0,4.0,1.0,0.0,4.0,0.0,5.0,5.0,9.0,18.0,23.0,35.0,56.0,105.0,223.0,193.0,122.0,63.0,56.0,37.0,37.0,23.0,24.0,25.0,51.0,38.0,24.0,18.0,9.0
Del Libertador General Bernardo O’Higgins,06,Malloa,06109,14163.0,0,0.0,0.0,0.0,0.0,0.0,0.0,0.0,0.0,0.0,0.0,0.0,1.0,3.0,3.0,4.0,6.0,11.0,15.0,16.0,10.0,15.0,23.0,19.0,10.0,4.0,11.0,12.0,7.0,10.0,14.0,13.0,4.0
Del Libertador General Bernardo O’Higgins,06,Marchihue,06204,7632.0,0,0.0,0.0,0.0,0.0,0.0,0.0,0.0,0.0,0.0,0.0,0.0,0.0,0.0,1.0,3.0,0.0,5.0,3.0,1.0,4.0,2.0,5.0,2.0,2.0,1.0,0.0,0.0,9.0,5.0,1.0,0.0,0.0
Del Libertador General Bernardo O’Higgins,06,Mostazal,06110,27462.0,0,0.0,0.0,0.0,0.0,0.0,0.0,0.0,0.0,0.0,0.0,3.0,4.0,6.0,15.0,21.0,28.0,23.0,25.0,40.0,31.0,18.0,15.0,15.0,16.0,10.0,23.0,15.0,16.0,29.0,17.0,9.0,4.0
Del Libertador General Bernardo O’Higgins,06,Nancagua,06305,19141.0,0,0.0,0.0,0.0,0.0,0.0,0.0,0.0,0.0,0.0,0.0,1.0,1.0,11.0,5.0,9.0,8.0,12.0,8.0,7.0,12.0,10.0,5.0,3.0,4.0,15.0,6.0,13.0,15.0,29.0,12.0,8.0,3.0
Del Libertador General Bernardo O’Higgins,06,Navidad,06205,6904.0,0,0.0,0.0,0.0,0.0,0.0,0.0,0.0,0.0,0.0,3.0,0.0,6.0,2.0,6.0,1.0,11.0,12.0,9.0,7.0,9.0,3.0,3.0,2.0,2.0,0.0,0.0,0.0,0.0,1.0,0.0,0.0,0.0
Del Libertador General Bernardo O’Higgins,06,Olivar,06111,14624.0,0,0.0,0.0,0.0,0.0,0.0,1.0,2.0,3.0,1.0,0.0,0.0,7.0,4.0,12.0,5.0,13.0,16.0,28.0,33.0,37.0,19.0,9.0,16.0,12.0,17.0,12.0,18.0,8.0,15.0,7.0,16.0,9.0
Del Libertador General Bernardo O’Higgins,06,Palmilla,06306,13299.0,0,0.0,0.0,0.0,0.0,0.0,0.0,0.0,0.0,0.0,1.0,0.0,0.0,2.0,3.0,1.0,5.0,7.0,4.0,3.0,2.0,9.0,3.0,3.0,16.0,4.0,15.0,35.0,27.0,19.0,15.0,6.0,0.0
Del Libertador General Bernardo O’Higgins,06,Paredones,06206,6349.0,0,0.0,0.0,0.0,0.0,0.0,0.0,0.0,0.0,0.0,0.0,0.0,0.0,2.0,2.0,1.0,3.0,3.0,1.0,0.0,3.0,1.0,4.0,2.0,7.0,1.0,2.0,3.0,1.0,0.0,1.0,1.0,0.0
Del Libertador General Bernardo O’Higgins,06,Peralillo,06307,11848.0,0,0.0,0.0,0.0,0.0,0.0,0.0,0.0,0.0,0.0,0.0,0.0,0.0,2.0,7.0,7.0,12.0,11.0,1.0,6.0,3.0,2.0,2.0,3.0,6.0,2.0,5.0,4.0,5.0,13.0,3.0,7.0,4.0
Del Libertador General Bernardo O’Higgins,06,Peumo,06112,14952.0,0,0.0,0.0,0.0,0.0,0.0,1.0,0.0,0.0,0.0,0.0,2.0,3.0,2.0,2.0,2.0,1.0,2.0,5.0,6.0,2.0,14.0,20.0,10.0,18.0,21.0,16.0,24.0,28.0,30.0,36.0,17.0,7.0
Del Libertador General Bernardo O’Higgins,06,Pichidegua,06113,20743.0,0,0.0,0.0,0.0,0.0,0.0,0.0,0.0,0.0,0.0,0.0,1.0,3.0,8.0,3.0,3.0,7.0,9.0,15.0,23.0,31.0,21.0,17.0,22.0,53.0,51.0,37.0,48.0,46.0,66.0,72.0,37.0,6.0
Del Libertador General Bernardo O’Higgins,06,Pichilemu,06201,17882.0,0,0.0,0.0,0.0,0.0,0.0,0.0,0.0,0.0,0.0,0.0,2.0,2.0,4.0,7.0,4.0,2.0,6.0,6.0,4.0,0.0,12.0,4.0,1.0,0.0,1.0,0.0,3.0,4.0,2.0,4.0,8.0,0.0
Del Libertador General Bernardo O’Higgins,06,Placilla,06308,9164.0,0,0.0,0.0,0.0,0.0,0.0,1.0,0.0,0.0,0.0,0.0,0.0,1.0,4.0,2.0,6.0,10.0,3.0,2.0,7.0,11.0,6.0,6.0,3.0,0.0,9.0,2.0,2.0,6.0,27.0,15.0,3.0,0.0
Del Libertador General Bernardo O’Higgins,06,Pumanque,06309,3531.0,0,0.0,0.0,0.0,0.0,0.0,0.0,0.0,0.0,0.0,0.0,0.0,0.0,0.0,0.0,2.0,0.0,1.0,1.0,0.0,0.0,0.0,0.0,0.0,0.0,1.0,0.0,0.0,1.0,2.0,3.0,0.0,0.0
Del Libertador General Bernardo O’Higgins,06,Quinta de Tilcoco,06114,13877.0,0,0.0,0.0,0.0,0.0,1.0,0.0,0.0,0.0,0.0,0.0,0.0,0.0,1.0,1.0,4.0,2.0,10.0,16.0,20.0,15.0,11.0,16.0,12.0,14.0,6.0,4.0,1.0,5.0,6.0,6.0,5.0,5.0
Del Libertador General Bernardo O’Higgins,06,Rancagua,06101,265211.0,0,0.0,0.0,0.0,0.0,8.0,4.0,6.0,4.0,8.0,12.0,25.0,87.0,176.0,227.0,278.0,429.0,657.0,1110.0,935.0,700.0,510.0,288.0,179.0,228.0,245.0,246.0,242.0,302.0,247.0,273.0,196.0,79.0
Del Libertador General Bernardo O’Higgins,06,Rengo,06115,63710.0,0,0.0,0.0,0.0,0.0,1.0,2.0,0.0,0.0,4.0,5.0,3.0,8.0,19.0,29.0,28.0,49.0,69.0,121.0,140.0,139.0,179.0,119.0,95.0,74.0,86.0,50.0,45.0,30.0,28.0,18.0,19.0,7.0
Del Libertador General Bernardo O’Higgins,06,Requinoa,06116,30371.0,0,0.0,0.0,0.0,0.0,2.0,0.0,0.0,0.0,0.0,2.0,1.0,4.0,5.0,13.0,20.0,16.0,39.0,77.0,60.0,54.0,45.0,27.0,22.0,28.0,14.0,12.0,17.0,18.0,11.0,9.0,4.0,3.0
Del Libertador General Bernardo O’Higgins,06,San Fernando,06301,78642.0,0,0.0,0.0,0.0,0.0,2.0,1.0,1.0,0.0,2.0,0.0,2.0,7.0,9.0,23.0,16.0,22.0,27.0,54.0,61.0,51.0,59.0,57.0,55.0,69.0,75.0,68.0,80.0,105.0,87.0,74.0,79.0,17.0
Del Libertador General Bernardo O’Higgins,06,San Vicente,06117,50617.0,0,0.0,0.0,0.0,0.0,0.0,3.0,1.0,0.0,0.0,3.0,3.0,16.0,27.0,16.0,14.0,24.0,37.0,58.0,52.0,51.0,53.0,56.0,48.0,71.0,101.0,56.0,44.0,45.0,49.0,44.0,36.0,15.0
Del Libertador General Bernardo O’Higgins,06,Santa Cruz,06310,41096.0,0,0.0,0.0,0.0,0.0,0.0,1.0,0.0,0.0,1.0,1.0,0.0,5.0,5.0,9.0,7.0,18.0,21.0,15.0,20.0,22.0,24.0,13.0,21.0,46.0,42.0,36.0,57.0,70.0,90.0,59.0,16.0,3.0
Del Libertador General Bernardo O’Higgins,06,Desconocido O’Higgins,,,0,0.0,0.0,0.0,0.0,0.0,0.0,0.0,1.0,0.0,0.0,0.0,1.0,1.0,2.0,0.0,6.0,1.0,6.0,7.0,2.0,6.0,2.0,5.0,0.0,1.0,0.0,0.0,5.0,2.0,2.0,4.0,4.0
Del Libertador General Bernardo O’Higgins,06,Total,,991063.0,0.0,0.0,1.0,0.0,1.0,22.0,17.0,10.0,13.0,20.0,46.0,66.0,222.0,398.0,492.0,551.0,844.0,1288.0,2094.0,1955.0,1563.0,1316.0,947.0,730.0,869.0,905.0,843.0,890.0,999.0,1002.0,825.0,628.0,221.0
,,,,,,,,,,,,,,,,,,,,,,,,,,,,,,,,,,,,,
Maule,07,Cauquenes,07201,44143.0,0,0.0,0.0,0.0,0.0,0.0,2.0,3.0,1.0,8.0,2.0,1.0,4.0,13.0,14.0,53.0,54.0,45.0,50.0,44.0,28.0,43.0,19.0,13.0,6.0,5.0,7.0,7.0,9.0,10.0,16.0,7.0,2.0
Maule,07,Chanco,07202,9331.0,0,0.0,0.0,0.0,0.0,0.0,1.0,0.0,0.0,1.0,1.0,0.0,1.0,0.0,1.0,0.0,8.0,6.0,9.0,1.0,1.0,10.0,6.0,2.0,1.0,3.0,4.0,7.0,3.0,9.0,9.0,6.0,0.0
Maule,07,Colbun,07402,22565.0,0,0.0,0.0,0.0,0.0,0.0,3.0,3.0,0.0,0.0,0.0,1.0,4.0,9.0,12.0,15.0,10.0,22.0,24.0,15.0,22.0,15.0,18.0,23.0,9.0,29.0,22.0,17.0,13.0,9.0,8.0,9.0,7.0
Maule,07,Constitucion,07102,50348.0,0,0.0,0.0,0.0,0.0,0.0,3.0,3.0,5.0,7.0,4.0,1.0,2.0,3.0,5.0,6.0,20.0,24.0,45.0,53.0,37.0,39.0,55.0,47.0,20.0,31.0,21.0,13.0,15.0,23.0,14.0,2.0,0.0
Maule,07,Curepto,07103,9426.0,0,0.0,0.0,0.0,0.0,0.0,0.0,2.0,2.0,4.0,0.0,1.0,1.0,2.0,0.0,1.0,1.0,3.0,10.0,6.0,5.0,2.0,4.0,4.0,5.0,18.0,23.0,9.0,17.0,3.0,5.0,3.0,5.0
Maule,07,Curico,07301,163626.0,0,0.0,0.0,1.0,2.0,3.0,6.0,3.0,12.0,9.0,10.0,11.0,19.0,43.0,148.0,195.0,280.0,263.0,239.0,220.0,165.0,157.0,136.0,147.0,94.0,73.0,68.0,47.0,67.0,82.0,99.0,80.0,18.0
Maule,07,Empedrado,07104,4206.0,0,0.0,0.0,0.0,0.0,0.0,0.0,0.0,0.0,0.0,0.0,0.0,0.0,0.0,0.0,0.0,2.0,6.0,14.0,4.0,1.0,2.0,1.0,1.0,1.0,1.0,0.0,3.0,3.0,3.0,1.0,0.0,0.0
Maule,07,Hualane,07302,10222.0,0,0.0,0.0,0.0,0.0,0.0,0.0,0.0,0.0,1.0,0.0,0.0,0.0,3.0,15.0,29.0,29.0,20.0,11.0,4.0,1.0,0.0,2.0,0.0,0.0,0.0,1.0,1.0,2.0,2.0,0.0,4.0,2.0
Maule,07,Licanten,07303,6989.0,0,0.0,0.0,0.0,0.0,0.0,0.0,1.0,0.0,1.0,0.0,0.0,0.0,0.0,0.0,2.0,5.0,4.0,5.0,1.0,0.0,1.0,1.0,1.0,2.0,2.0,0.0,0.0,2.0,26.0,68.0,24.0,5.0
Maule,07,Linares,07401,101073.0,0,0.0,1.0,0.0,0.0,2.0,5.0,5.0,4.0,6.0,3.0,4.0,12.0,17.0,18.0,30.0,41.0,81.0,92.0,77.0,83.0,84.0,64.0,68.0,72.0,64.0,84.0,128.0,75.0,97.0,53.0,37.0,5.0
Maule,07,Longavi,07403,32810.0,0,0.0,0.0,0.0,0.0,1.0,0.0,1.0,1.0,1.0,0.0,2.0,5.0,12.0,11.0,23.0,29.0,53.0,33.0,26.0,27.0,26.0,6.0,12.0,12.0,26.0,13.0,24.0,38.0,63.0,43.0,30.0,8.0
Maule,07,Maule,07105,60000.0,0,0.0,0.0,0.0,0.0,1.0,1.0,2.0,6.0,11.0,3.0,0.0,3.0,14.0,13.0,28.0,30.0,36.0,48.0,36.0,53.0,45.0,60.0,50.0,25.0,48.0,47.0,34.0,29.0,57.0,58.0,51.0,11.0
Maule,07,Molina,07304,49800.0,0,0.0,0.0,0.0,0.0,1.0,2.0,0.0,1.0,3.0,0.0,0.0,2.0,4.0,9.0,21.0,24.0,22.0,44.0,46.0,21.0,31.0,17.0,23.0,24.0,35.0,23.0,27.0,52.0,113.0,59.0,35.0,13.0
Maule,07,Parral,07404,44544.0,0,0.0,0.0,0.0,0.0,1.0,3.0,2.0,2.0,1.0,0.0,0.0,6.0,6.0,42.0,55.0,22.0,18.0,18.0,10.0,17.0,15.0,11.0,11.0,10.0,12.0,7.0,12.0,19.0,41.0,43.0,60.0,5.0
Maule,07,Pelarco,07106,9083.0,0,0.0,0.0,0.0,0.0,0.0,0.0,0.0,3.0,2.0,0.0,2.0,4.0,5.0,4.0,5.0,6.0,4.0,3.0,3.0,3.0,14.0,23.0,33.0,16.0,4.0,1.0,5.0,4.0,1.0,5.0,1.0,0.0
Maule,07,Pelluhue,07203,8092.0,0,0.0,0.0,0.0,0.0,1.0,0.0,0.0,1.0,0.0,0.0,0.0,1.0,6.0,1.0,9.0,12.0,16.0,10.0,0.0,3.0,1.0,2.0,5.0,3.0,4.0,2.0,17.0,5.0,0.0,3.0,0.0,0.0
Maule,07,Pencahue,07107,8601.0,0,0.0,0.0,0.0,0.0,0.0,0.0,0.0,0.0,3.0,0.0,0.0,0.0,0.0,8.0,4.0,2.0,7.0,3.0,5.0,10.0,8.0,3.0,2.0,1.0,0.0,8.0,6.0,19.0,16.0,10.0,8.0,1.0
Maule,07,Rauco,07305,11248.0,0,0.0,0.0,0.0,0.0,0.0,1.0,1.0,0.0,1.0,0.0,0.0,1.0,1.0,7.0,7.0,8.0,15.0,5.0,10.0,7.0,17.0,18.0,9.0,5.0,3.0,5.0,2.0,2.0,0.0,7.0,9.0,1.0
Maule,07,Retiro,07405,21071.0,0,0.0,0.0,0.0,0.0,0.0,0.0,0.0,1.0,0.0,0.0,1.0,0.0,1.0,17.0,42.0,14.0,18.0,11.0,12.0,13.0,3.0,2.0,8.0,12.0,10.0,6.0,4.0,19.0,30.0,15.0,20.0,8.0
Maule,07,Rio Claro,07108,14753.0,0,0.0,0.0,0.0,0.0,2.0,0.0,1.0,1.0,3.0,2.0,0.0,2.0,2.0,2.0,8.0,3.0,4.0,13.0,13.0,18.0,2.0,4.0,14.0,9.0,13.0,2.0,3.0,11.0,13.0,15.0,13.0,5.0
Maule,07,Romeral,07306,16170.0,0,0.0,0.0,0.0,0.0,1.0,2.0,0.0,0.0,10.0,0.0,0.0,0.0,5.0,13.0,20.0,25.0,36.0,58.0,34.0,13.0,7.0,18.0,17.0,22.0,15.0,10.0,3.0,1.0,1.0,4.0,21.0,9.0
Maule,07,Sagrada Familia,07307,19469.0,0,0.0,0.0,0.0,0.0,0.0,0.0,1.0,0.0,1.0,0.0,1.0,1.0,0.0,3.0,7.0,17.0,8.0,10.0,11.0,11.0,9.0,7.0,5.0,9.0,15.0,6.0,6.0,6.0,9.0,31.0,3.0,0.0
Maule,07,San Clemente,07109,46292.0,0,0.0,0.0,1.0,0.0,0.0,0.0,1.0,2.0,6.0,1.0,7.0,7.0,13.0,18.0,21.0,39.0,43.0,57.0,87.0,77.0,59.0,47.0,24.0,26.0,54.0,23.0,33.0,40.0,109.0,68.0,53.0,5.0
Maule,07,San Javier,07406,49451.0,0,0.0,0.0,0.0,0.0,1.0,2.0,7.0,4.0,7.0,4.0,3.0,7.0,8.0,9.0,22.0,54.0,41.0,42.0,31.0,47.0,54.0,47.0,74.0,38.0,25.0,15.0,11.0,27.0,41.0,53.0,25.0,7.0
Maule,07,San Rafael,07110,9959.0,0,0.0,0.0,0.0,0.0,0.0,1.0,0.0,1.0,1.0,0.0,0.0,5.0,10.0,28.0,7.0,17.0,8.0,11.0,14.0,12.0,6.0,3.0,3.0,3.0,11.0,17.0,19.0,13.0,6.0,8.0,15.0,2.0
Maule,07,Talca,07101,236724.0,0,0.0,0.0,3.0,9.0,13.0,19.0,11.0,15.0,73.0,18.0,13.0,21.0,51.0,75.0,84.0,169.0,207.0,266.0,251.0,225.0,140.0,121.0,105.0,124.0,174.0,153.0,150.0,165.0,235.0,300.0,239.0,57.0
Maule,07,Teno,07308,30850.0,0,0.0,0.0,0.0,0.0,1.0,0.0,0.0,1.0,1.0,1.0,3.0,1.0,3.0,4.0,7.0,12.0,32.0,30.0,30.0,33.0,23.0,28.0,41.0,26.0,24.0,18.0,23.0,23.0,30.0,19.0,15.0,8.0
Maule,07,Vichuquen,07309,4381.0,0,0.0,0.0,0.0,0.0,0.0,0.0,0.0,0.0,0.0,0.0,0.0,0.0,0.0,0.0,0.0,0.0,0.0,0.0,0.0,1.0,1.0,4.0,0.0,0.0,0.0,0.0,0.0,0.0,0.0,0.0,2.0,1.0
Maule,07,Villa Alegre,07407,17512.0,0,0.0,0.0,0.0,0.0,0.0,0.0,0.0,1.0,1.0,0.0,0.0,1.0,2.0,0.0,9.0,18.0,9.0,11.0,15.0,23.0,12.0,30.0,11.0,5.0,5.0,9.0,15.0,13.0,1.0,6.0,3.0,0.0
Maule,07,Yerbas Buenas,07408,19200.0,0,0.0,0.0,0.0,0.0,0.0,0.0,0.0,1.0,0.0,2.0,0.0,4.0,9.0,12.0,23.0,12.0,15.0,10.0,7.0,3.0,7.0,13.0,5.0,16.0,14.0,9.0,17.0,7.0,16.0,20.0,9.0,3.0
Maule,07,Desconocido Maule,,,0,0.0,0.0,0.0,0.0,0.0,0.0,0.0,0.0,0.0,0.0,0.0,0.0,0.0,0.0,0.0,0.0,0.0,0.0,0.0,0.0,0.0,0.0,0.0,0.0,0.0,0.0,1.0,0.0,0.0,0.0,0.0,0.0
Maule,07,Total,,1131939.0,0.0,0.0,1.0,5.0,11.0,28.0,51.0,47.0,65.0,162.0,51.0,51.0,114.0,242.0,489.0,733.0,963.0,1066.0,1182.0,1066.0,960.0,833.0,770.0,758.0,596.0,718.0,604.0,644.0,699.0,1046.0,1040.0,784.0,188.0
,,,,,,,,,,,,,,,,,,,,,,,,,,,,,,,,,,,,,
Nuble,16,Bulnes,16102,22607.0,0,0.0,0.0,0.0,0.0,9.0,27.0,10.0,7.0,8.0,8.0,9.0,24.0,44.0,26.0,18.0,19.0,16.0,19.0,13.0,30.0,37.0,20.0,35.0,35.0,51.0,53.0,37.0,35.0,55.0,38.0,26.0,3.0
Nuble,16,Chillan,16101,198624.0,0,0.0,0.0,1.0,28.0,119.0,117.0,75.0,33.0,25.0,17.0,17.0,21.0,65.0,59.0,69.0,113.0,123.0,175.0,140.0,171.0,181.0,107.0,77.0,87.0,112.0,122.0,273.0,320.0,364.0,339.0,175.0,28.0
Nuble,16,Chillan Viejo,16103,33827.0,0,0.0,0.0,0.0,5.0,7.0,19.0,7.0,14.0,3.0,1.0,0.0,4.0,15.0,22.0,12.0,26.0,21.0,25.0,23.0,23.0,28.0,23.0,5.0,11.0,18.0,16.0,34.0,60.0,25.0,43.0,15.0,6.0
Nuble,16,Cobquecura,16202,5275.0,0,0.0,0.0,0.0,0.0,0.0,0.0,0.0,0.0,0.0,0.0,0.0,0.0,0.0,0.0,0.0,0.0,0.0,0.0,0.0,0.0,1.0,0.0,1.0,0.0,8.0,9.0,1.0,0.0,5.0,6.0,3.0,0.0
Nuble,16,Coelemu,16203,16845.0,0,0.0,0.0,0.0,0.0,0.0,2.0,2.0,0.0,0.0,0.0,0.0,0.0,2.0,6.0,10.0,8.0,9.0,18.0,4.0,1.0,9.0,1.0,5.0,3.0,6.0,6.0,0.0,5.0,15.0,25.0,10.0,4.0
Nuble,16,Coihueco,16302,28375.0,0,0.0,0.0,0.0,0.0,2.0,3.0,4.0,6.0,12.0,12.0,3.0,1.0,8.0,1.0,1.0,5.0,12.0,18.0,11.0,32.0,41.0,23.0,12.0,10.0,12.0,12.0,29.0,19.0,27.0,55.0,41.0,17.0
Nuble,16,El Carmen,16104,12334.0,0,0.0,0.0,0.0,0.0,2.0,0.0,1.0,0.0,0.0,0.0,0.0,1.0,3.0,7.0,15.0,4.0,15.0,11.0,7.0,7.0,16.0,3.0,5.0,6.0,0.0,1.0,13.0,22.0,20.0,12.0,5.0,3.0
Nuble,16,Ninhue,16204,5414.0,0,0.0,0.0,0.0,0.0,0.0,0.0,2.0,0.0,2.0,0.0,0.0,0.0,1.0,3.0,2.0,2.0,7.0,7.0,11.0,4.0,2.0,1.0,5.0,2.0,1.0,2.0,1.0,0.0,5.0,5.0,3.0,0.0
Nuble,16,Niquen,16303,11567.0,0,0.0,0.0,0.0,0.0,1.0,0.0,1.0,2.0,0.0,0.0,1.0,0.0,5.0,3.0,11.0,17.0,18.0,5.0,5.0,1.0,5.0,8.0,6.0,3.0,5.0,29.0,14.0,6.0,5.0,9.0,4.0,0.0
Nuble,16,Pemuco,16105,8639.0,0,0.0,0.0,0.0,0.0,1.0,0.0,4.0,1.0,0.0,0.0,0.0,3.0,1.0,2.0,5.0,5.0,20.0,32.0,5.0,8.0,11.0,3.0,1.0,1.0,1.0,0.0,7.0,11.0,8.0,12.0,6.0,1.0
Nuble,16,Pinto,16106,11880.0,0,0.0,0.0,0.0,0.0,2.0,3.0,5.0,1.0,1.0,0.0,0.0,0.0,3.0,0.0,2.0,1.0,4.0,8.0,9.0,4.0,16.0,5.0,3.0,3.0,2.0,2.0,7.0,5.0,5.0,17.0,11.0,0.0
Nuble,16,Portezuelo,16205,4940.0,0,0.0,0.0,0.0,0.0,0.0,0.0,0.0,0.0,0.0,0.0,0.0,1.0,4.0,2.0,0.0,0.0,0.0,4.0,0.0,1.0,5.0,4.0,0.0,0.0,2.0,0.0,2.0,5.0,3.0,6.0,2.0,0.0
Nuble,16,Quillon,16107,18777.0,0,0.0,0.0,0.0,0.0,8.0,8.0,8.0,1.0,0.0,2.0,2.0,2.0,9.0,6.0,13.0,25.0,20.0,15.0,7.0,15.0,29.0,4.0,8.0,4.0,5.0,5.0,17.0,36.0,38.0,23.0,24.0,9.0
Nuble,16,Quirihue,16201,12192.0,0,0.0,0.0,0.0,0.0,0.0,1.0,2.0,0.0,1.0,0.0,1.0,7.0,4.0,1.0,5.0,1.0,1.0,9.0,9.0,6.0,13.0,1.0,8.0,7.0,13.0,17.0,15.0,9.0,7.0,7.0,5.0,1.0
Nuble,16,Ranquil,16206,6261.0,0,0.0,0.0,0.0,0.0,1.0,3.0,6.0,0.0,0.0,0.0,0.0,1.0,0.0,0.0,0.0,1.0,4.0,6.0,2.0,0.0,6.0,6.0,5.0,1.0,6.0,1.0,5.0,3.0,3.0,8.0,1.0,0.0
Nuble,16,San Carlos,16301,56252.0,0,0.0,0.0,0.0,2.0,5.0,11.0,9.0,2.0,3.0,3.0,3.0,7.0,7.0,13.0,29.0,62.0,90.0,55.0,47.0,62.0,38.0,30.0,17.0,6.0,17.0,18.0,30.0,47.0,22.0,46.0,25.0,8.0
Nuble,16,San Fabian,16304,4654.0,0,0.0,0.0,0.0,0.0,3.0,3.0,1.0,0.0,1.0,0.0,0.0,0.0,0.0,1.0,0.0,0.0,0.0,0.0,0.0,0.0,3.0,1.0,1.0,1.0,1.0,0.0,0.0,2.0,3.0,7.0,3.0,2.0
Nuble,16,San Ignacio,16108,16624.0,0,0.0,0.0,0.0,0.0,2.0,3.0,1.0,0.0,1.0,3.0,3.0,1.0,2.0,6.0,8.0,9.0,53.0,32.0,6.0,6.0,14.0,18.0,5.0,4.0,2.0,0.0,4.0,8.0,3.0,17.0,1.0,1.0
Nuble,16,San Nicolas,16305,12172.0,0,0.0,0.0,0.0,0.0,2.0,6.0,5.0,4.0,0.0,0.0,0.0,2.0,3.0,9.0,8.0,10.0,5.0,3.0,10.0,15.0,21.0,7.0,6.0,12.0,7.0,2.0,8.0,11.0,15.0,14.0,13.0,3.0
Nuble,16,Treguaco,16207,5696.0,0,0.0,0.0,0.0,0.0,0.0,0.0,0.0,0.0,0.0,0.0,0.0,0.0,1.0,0.0,0.0,1.0,0.0,1.0,0.0,0.0,2.0,1.0,2.0,0.0,8.0,2.0,7.0,16.0,19.0,6.0,0.0,0.0
Nuble,16,Yungay,16109,18596.0,0,0.0,0.0,0.0,0.0,3.0,16.0,21.0,3.0,4.0,6.0,2.0,2.0,2.0,0.0,6.0,2.0,5.0,11.0,14.0,3.0,13.0,7.0,15.0,1.0,8.0,4.0,5.0,2.0,5.0,13.0,15.0,1.0
Nuble,16,Desconocido Nuble,,,0,0.0,0.0,0.0,0.0,0.0,0.0,0.0,0.0,0.0,0.0,0.0,0.0,0.0,0.0,0.0,0.0,0.0,0.0,0.0,0.0,1.0,0.0,0.0,0.0,0.0,0.0,1.0,0.0,0.0,0.0,0.0,0.0
Nuble,16,Total,,511551.0,0.0,0.0,0.0,1.0,35.0,167.0,222.0,164.0,74.0,61.0,52.0,41.0,77.0,179.0,167.0,214.0,311.0,423.0,454.0,323.0,389.0,492.0,273.0,222.0,197.0,285.0,301.0,510.0,622.0,652.0,708.0,388.0,87.0
,,,,,,,,,,,,,,,,,,,,,,,,,,,,,,,,,,,,,
Biobio,08,Alto Biobio,08314,6775.0,0,0.0,0.0,0.0,0.0,0.0,0.0,0.0,0.0,0.0,0.0,0.0,0.0,7.0,43.0,51.0,27.0,11.0,10.0,2.0,7.0,11.0,2.0,1.0,2.0,2.0,1.0,0.0,1.0,2.0,1.0,2.0,0.0
Biobio,08,Antuco,08302,4306.0,0,0.0,0.0,0.0,0.0,0.0,0.0,0.0,0.0,0.0,0.0,0.0,2.0,2.0,2.0,13.0,2.0,5.0,13.0,4.0,5.0,5.0,1.0,7.0,0.0,1.0,1.0,0.0,3.0,7.0,3.0,0.0,0.0
Biobio,08,Arauco,08202,38679.0,0,0.0,0.0,0.0,1.0,2.0,2.0,1.0,0.0,0.0,0.0,5.0,4.0,14.0,17.0,24.0,22.0,33.0,65.0,62.0,29.0,13.0,33.0,44.0,45.0,34.0,47.0,60.0,34.0,19.0,41.0,32.0,12.0
Biobio,08,Cabrero,08303,30725.0,0,0.0,0.0,0.0,0.0,1.0,0.0,4.0,3.0,7.0,1.0,3.0,4.0,2.0,3.0,3.0,8.0,24.0,35.0,14.0,11.0,11.0,11.0,2.0,12.0,7.0,11.0,15.0,19.0,26.0,8.0,10.0,1.0
Biobio,08,Canete,08203,37003.0,0,0.0,0.0,0.0,0.0,0.0,0.0,0.0,0.0,0.0,0.0,0.0,0.0,1.0,9.0,4.0,7.0,1.0,7.0,4.0,3.0,12.0,34.0,36.0,16.0,26.0,33.0,38.0,20.0,17.0,18.0,16.0,3.0
Biobio,08,Chiguayante,08103,91180.0,0,0.0,0.0,0.0,5.0,5.0,9.0,16.0,11.0,10.0,12.0,8.0,7.0,9.0,9.0,26.0,40.0,59.0,52.0,52.0,59.0,76.0,61.0,72.0,60.0,100.0,120.0,149.0,153.0,174.0,102.0,93.0,63.0
Biobio,08,Concepcion,08101,238092.0,0,0.0,1.0,1.0,7.0,28.0,30.0,23.0,23.0,18.0,14.0,19.0,19.0,21.0,89.0,94.0,131.0,249.0,244.0,168.0,132.0,138.0,162.0,147.0,158.0,237.0,283.0,398.0,421.0,381.0,277.0,184.0,60.0
Biobio,08,Contulmo,08204,6330.0,0,0.0,0.0,0.0,0.0,0.0,0.0,0.0,0.0,0.0,0.0,0.0,0.0,0.0,1.0,1.0,0.0,0.0,11.0,27.0,3.0,0.0,2.0,1.0,0.0,2.0,4.0,4.0,3.0,2.0,2.0,3.0,0.0
Biobio,08,Coronel,08102,125829.0,0,0.0,0.0,0.0,1.0,6.0,7.0,4.0,1.0,0.0,5.0,2.0,13.0,15.0,50.0,126.0,107.0,150.0,226.0,171.0,148.0,103.0,112.0,120.0,130.0,157.0,144.0,129.0,201.0,184.0,203.0,190.0,91.0
Biobio,08,Curanilahue,08205,33892.0,0,0.0,0.0,0.0,0.0,1.0,0.0,0.0,0.0,0.0,0.0,1.0,3.0,0.0,2.0,4.0,12.0,9.0,17.0,19.0,25.0,47.0,37.0,23.0,11.0,20.0,7.0,27.0,71.0,83.0,130.0,111.0,28.0
Biobio,08,Florida,08104,11841.0,0,0.0,0.0,0.0,0.0,0.0,2.0,1.0,0.0,0.0,0.0,0.0,2.0,0.0,1.0,0.0,0.0,7.0,7.0,12.0,2.0,4.0,6.0,16.0,4.0,4.0,11.0,10.0,12.0,18.0,14.0,9.0,2.0
Biobio,08,Hualpen,08112,97273.0,0,0.0,0.0,0.0,3.0,23.0,33.0,27.0,17.0,8.0,2.0,6.0,11.0,9.0,17.0,32.0,26.0,74.0,88.0,103.0,77.0,84.0,73.0,76.0,73.0,110.0,144.0,164.0,181.0,172.0,108.0,62.0,30.0
Biobio,08,Hualqui,08105,26201.0,0,0.0,0.0,0.0,1.0,1.0,2.0,3.0,5.0,9.0,0.0,1.0,2.0,5.0,12.0,7.0,13.0,17.0,38.0,30.0,16.0,15.0,25.0,13.0,26.0,58.0,35.0,32.0,52.0,43.0,28.0,21.0,3.0
Biobio,08,Laja,08304,23873.0,0,0.0,0.0,1.0,1.0,0.0,3.0,1.0,1.0,1.0,5.0,1.0,17.0,20.0,8.0,7.0,5.0,11.0,15.0,18.0,17.0,16.0,15.0,15.0,6.0,3.0,8.0,2.0,2.0,6.0,12.0,5.0,2.0
Biobio,08,Lebu,08201,27100.0,0,0.0,0.0,0.0,0.0,0.0,0.0,0.0,0.0,0.0,0.0,1.0,1.0,0.0,0.0,6.0,6.0,5.0,8.0,3.0,0.0,2.0,7.0,4.0,1.0,8.0,9.0,11.0,10.0,25.0,52.0,51.0,13.0
Biobio,08,Los Alamos,08206,22524.0,0,0.0,0.0,0.0,0.0,0.0,0.0,0.0,1.0,0.0,0.0,0.0,0.0,1.0,0.0,3.0,4.0,4.0,38.0,29.0,15.0,11.0,16.0,15.0,6.0,22.0,16.0,10.0,28.0,45.0,34.0,15.0,14.0
Biobio,08,Los Angeles,08301,218515.0,0,0.0,0.0,0.0,3.0,6.0,9.0,6.0,5.0,4.0,0.0,4.0,32.0,64.0,89.0,77.0,86.0,87.0,136.0,168.0,113.0,94.0,105.0,80.0,68.0,41.0,53.0,73.0,89.0,94.0,70.0,59.0,21.0
Biobio,08,Lota,08106,45750.0,0,0.0,0.0,0.0,0.0,1.0,0.0,1.0,0.0,0.0,0.0,1.0,16.0,10.0,16.0,21.0,23.0,44.0,67.0,62.0,56.0,37.0,32.0,39.0,51.0,38.0,47.0,54.0,40.0,66.0,72.0,95.0,23.0
Biobio,08,Mulchen,08305,31041.0,0,0.0,0.0,0.0,0.0,1.0,4.0,0.0,0.0,0.0,0.0,2.0,3.0,1.0,1.0,11.0,3.0,3.0,12.0,26.0,27.0,26.0,8.0,2.0,6.0,7.0,16.0,40.0,64.0,30.0,27.0,13.0,3.0
Biobio,08,Nacimiento,08306,27944.0,0,0.0,0.0,0.0,0.0,2.0,3.0,3.0,2.0,0.0,1.0,3.0,8.0,4.0,8.0,7.0,6.0,19.0,30.0,27.0,18.0,16.0,5.0,4.0,4.0,9.0,8.0,27.0,28.0,19.0,25.0,6.0,4.0
Biobio,08,Negrete,08307,10429.0,0,0.0,0.0,0.0,0.0,0.0,0.0,2.0,0.0,0.0,0.0,0.0,7.0,12.0,10.0,9.0,12.0,20.0,16.0,17.0,6.0,12.0,4.0,5.0,4.0,7.0,12.0,22.0,10.0,8.0,6.0,0.0,2.0
Biobio,08,Penco,08107,49865.0,0,0.0,0.0,0.0,0.0,1.0,4.0,3.0,3.0,8.0,0.0,3.0,2.0,2.0,10.0,14.0,43.0,72.0,50.0,50.0,46.0,40.0,58.0,76.0,64.0,113.0,105.0,138.0,105.0,106.0,62.0,57.0,17.0
Biobio,08,Quilaco,08308,4179.0,0,0.0,0.0,0.0,0.0,0.0,0.0,0.0,0.0,0.0,0.0,0.0,0.0,0.0,0.0,2.0,3.0,1.0,1.0,3.0,0.0,1.0,3.0,3.0,4.0,4.0,0.0,1.0,0.0,8.0,1.0,2.0,2.0
Biobio,08,Quilleco,08309,10032.0,0,0.0,0.0,0.0,0.0,0.0,0.0,0.0,0.0,0.0,0.0,0.0,0.0,0.0,1.0,2.0,2.0,2.0,1.0,8.0,12.0,9.0,6.0,6.0,12.0,10.0,7.0,3.0,7.0,5.0,11.0,1.0,0.0
Biobio,08,San Pedro de la Paz,08108,145906.0,0,0.0,0.0,0.0,6.0,35.0,17.0,23.0,8.0,11.0,3.0,2.0,15.0,13.0,38.0,62.0,66.0,98.0,115.0,80.0,94.0,77.0,83.0,89.0,90.0,103.0,104.0,146.0,199.0,185.0,147.0,101.0,30.0
Biobio,08,San Rosendo,08310,3611.0,0,0.0,0.0,0.0,0.0,0.0,0.0,0.0,0.0,0.0,0.0,0.0,1.0,1.0,0.0,2.0,2.0,0.0,8.0,3.0,1.0,4.0,0.0,1.0,0.0,1.0,0.0,1.0,1.0,0.0,1.0,1.0,2.0
Biobio,08,Santa Barbara,08311,14592.0,0,0.0,0.0,0.0,0.0,0.0,2.0,1.0,0.0,0.0,0.0,0.0,4.0,9.0,7.0,19.0,7.0,8.0,23.0,9.0,14.0,14.0,7.0,20.0,9.0,9.0,14.0,10.0,8.0,7.0,0.0,2.0,1.0
Biobio,08,Santa Juana,08109,14779.0,0,0.0,0.0,0.0,0.0,0.0,0.0,1.0,0.0,0.0,1.0,0.0,0.0,0.0,0.0,3.0,17.0,23.0,15.0,7.0,1.0,5.0,11.0,2.0,3.0,8.0,4.0,13.0,26.0,28.0,14.0,7.0,3.0
Biobio,08,Talcahuano,08110,158345.0,0,0.0,0.0,0.0,1.0,16.0,16.0,19.0,14.0,14.0,20.0,17.0,18.0,20.0,43.0,69.0,55.0,113.0,148.0,127.0,114.0,133.0,189.0,188.0,147.0,186.0,198.0,281.0,300.0,206.0,169.0,125.0,27.0
Biobio,08,Tirua,08207,11019.0,0,0.0,0.0,0.0,0.0,1.0,2.0,1.0,0.0,0.0,0.0,0.0,0.0,0.0,0.0,1.0,4.0,5.0,9.0,7.0,0.0,0.0,0.0,1.0,4.0,6.0,2.0,2.0,0.0,6.0,6.0,1.0,0.0
Biobio,08,Tome,08111,58729.0,0,0.0,0.0,0.0,0.0,9.0,13.0,12.0,7.0,9.0,1.0,4.0,16.0,6.0,8.0,14.0,54.0,62.0,64.0,34.0,14.0,15.0,26.0,66.0,66.0,109.0,107.0,130.0,119.0,83.0,64.0,70.0,21.0
Biobio,08,Tucapel,08312,15205.0,0,0.0,0.0,0.0,0.0,0.0,0.0,1.0,0.0,0.0,0.0,0.0,1.0,4.0,6.0,11.0,21.0,12.0,28.0,33.0,15.0,7.0,7.0,4.0,5.0,7.0,3.0,6.0,4.0,3.0,6.0,4.0,4.0
Biobio,08,Yumbel,08313,22132.0,0,0.0,0.0,0.0,0.0,0.0,5.0,0.0,1.0,1.0,1.0,2.0,4.0,3.0,5.0,12.0,3.0,20.0,39.0,20.0,46.0,34.0,6.0,7.0,11.0,20.0,2.0,7.0,4.0,4.0,6.0,6.0,6.0
Biobio,08,Desconocido Biobio,,,0,0.0,0.0,0.0,0.0,1.0,0.0,0.0,0.0,0.0,0.0,0.0,2.0,4.0,6.0,6.0,9.0,5.0,27.0,35.0,7.0,11.0,11.0,10.0,10.0,7.0,3.0,6.0,7.0,1.0,0.0,1.0,8.0
Biobio,08,Total,,1663696.0,0.0,0.0,1.0,2.0,29.0,140.0,163.0,153.0,102.0,100.0,66.0,85.0,214.0,259.0,511.0,743.0,826.0,1253.0,1663.0,1434.0,1133.0,1083.0,1158.0,1195.0,1108.0,1476.0,1559.0,2009.0,2222.0,2063.0,1720.0,1355.0,496.0
,,,,,,,,,,,,,,,,,,,,,,,,,,,,,,,,,,,,,
La Araucania,09,Angol,09201,56058.0,0,0.0,0.0,1.0,1.0,3.0,10.0,11.0,15.0,35.0,27.0,11.0,11.0,7.0,24.0,19.0,57.0,59.0,42.0,30.0,40.0,29.0,25.0,30.0,24.0,31.0,18.0,21.0,31.0,37.0,39.0,25.0,11.0
La Araucania,09,Carahue,09102,25486.0,0,0.0,0.0,0.0,0.0,0.0,3.0,10.0,9.0,8.0,5.0,1.0,0.0,2.0,14.0,11.0,5.0,5.0,5.0,2.0,2.0,5.0,3.0,12.0,13.0,8.0,12.0,20.0,14.0,33.0,23.0,18.0,7.0
La Araucania,09,Cholchol,09121,12341.0,0,0.0,0.0,0.0,0.0,1.0,2.0,0.0,0.0,1.0,0.0,0.0,2.0,0.0,1.0,12.0,5.0,1.0,0.0,0.0,6.0,4.0,2.0,2.0,1.0,1.0,0.0,0.0,2.0,1.0,8.0,9.0,1.0
La Araucania,09,Collipulli,09202,26148.0,0,0.0,0.0,0.0,0.0,0.0,0.0,1.0,1.0,1.0,3.0,0.0,2.0,9.0,9.0,6.0,7.0,9.0,6.0,10.0,3.0,0.0,2.0,5.0,30.0,51.0,51.0,40.0,67.0,40.0,16.0,5.0,1.0
La Araucania,09,Cunco,09103,18055.0,0,0.0,0.0,0.0,0.0,0.0,3.0,2.0,0.0,1.0,0.0,0.0,1.0,5.0,18.0,0.0,11.0,8.0,3.0,5.0,4.0,12.0,8.0,6.0,5.0,10.0,17.0,7.0,3.0,1.0,5.0,5.0,5.0
La Araucania,09,Curacautin,09203,18178.0,0,0.0,0.0,0.0,0.0,2.0,0.0,2.0,0.0,0.0,2.0,0.0,1.0,0.0,0.0,2.0,4.0,9.0,0.0,1.0,1.0,4.0,2.0,4.0,0.0,1.0,5.0,3.0,0.0,0.0,0.0,1.0,0.0
La Araucania,09,Curarrehue,09104,7802.0,0,0.0,0.0,0.0,1.0,1.0,2.0,0.0,0.0,0.0,0.0,0.0,0.0,0.0,0.0,0.0,0.0,0.0,0.0,0.0,0.0,0.0,0.0,0.0,0.0,0.0,0.0,0.0,2.0,1.0,2.0,0.0,0.0
La Araucania,09,Ercilla,09204,8458.0,0,0.0,0.0,0.0,0.0,0.0,0.0,4.0,0.0,5.0,1.0,1.0,0.0,0.0,4.0,1.0,2.0,2.0,0.0,0.0,2.0,8.0,5.0,20.0,2.0,9.0,18.0,15.0,19.0,21.0,30.0,31.0,7.0
La Araucania,09,Freire,09105,25446.0,0,0.0,0.0,0.0,0.0,2.0,4.0,0.0,0.0,2.0,0.0,1.0,11.0,11.0,28.0,16.0,18.0,6.0,9.0,2.0,1.0,4.0,3.0,5.0,0.0,2.0,1.0,3.0,0.0,3.0,3.0,1.0,5.0
La Araucania,09,Galvarino,09106,12633.0,0,0.0,0.0,0.0,0.0,0.0,0.0,2.0,0.0,0.0,0.0,1.0,0.0,0.0,6.0,43.0,41.0,13.0,6.0,10.0,11.0,0.0,0.0,0.0,1.0,0.0,1.0,0.0,2.0,4.0,8.0,5.0,3.0
La Araucania,09,Gorbea,09107,15148.0,0,0.0,0.0,0.0,1.0,4.0,4.0,1.0,0.0,1.0,0.0,1.0,3.0,0.0,5.0,5.0,5.0,6.0,0.0,0.0,0.0,2.0,0.0,1.0,1.0,5.0,0.0,1.0,2.0,1.0,2.0,2.0,1.0
La Araucania,09,Lautaro,09108,40746.0,0,0.0,0.0,0.0,0.0,6.0,4.0,15.0,5.0,6.0,2.0,6.0,11.0,3.0,14.0,21.0,6.0,10.0,4.0,6.0,3.0,8.0,11.0,24.0,7.0,7.0,13.0,23.0,10.0,3.0,8.0,17.0,16.0
La Araucania,09,Loncoche,09109,24739.0,0,0.0,0.0,0.0,0.0,2.0,3.0,2.0,5.0,3.0,3.0,1.0,3.0,2.0,7.0,19.0,1.0,6.0,4.0,17.0,3.0,0.0,1.0,1.0,0.0,0.0,0.0,1.0,6.0,21.0,24.0,22.0,14.0
La Araucania,09,Lonquimay,09205,11049.0,0,0.0,0.0,0.0,0.0,0.0,0.0,0.0,0.0,0.0,2.0,13.0,12.0,27.0,12.0,2.0,0.0,0.0,3.0,0.0,0.0,0.0,0.0,0.0,0.0,1.0,1.0,1.0,2.0,20.0,21.0,9.0,2.0
La Araucania,09,Los Sauces,09206,7517.0,0,0.0,0.0,0.0,0.0,0.0,0.0,0.0,0.0,1.0,0.0,0.0,0.0,0.0,1.0,3.0,2.0,1.0,1.0,7.0,3.0,2.0,1.0,13.0,22.0,2.0,0.0,2.0,1.0,0.0,3.0,1.0,1.0
La Araucania,09,Lumaco,09207,10050.0,0,0.0,0.0,0.0,0.0,0.0,0.0,0.0,0.0,4.0,2.0,1.0,0.0,1.0,3.0,2.0,9.0,8.0,6.0,2.0,2.0,2.0,0.0,0.0,0.0,1.0,1.0,0.0,1.0,4.0,9.0,1.0,0.0
La Araucania,09,Melipeuco,09110,6265.0,0,0.0,0.0,0.0,0.0,0.0,0.0,0.0,0.0,0.0,0.0,0.0,0.0,0.0,5.0,2.0,1.0,0.0,0.0,0.0,1.0,2.0,0.0,0.0,2.0,0.0,1.0,4.0,5.0,12.0,1.0,1.0,0.0
La Araucania,09,Nueva Imperial,09111,33777.0,0,0.0,0.0,0.0,0.0,4.0,10.0,4.0,13.0,5.0,4.0,2.0,5.0,5.0,2.0,3.0,24.0,20.0,11.0,9.0,6.0,0.0,5.0,1.0,7.0,4.0,8.0,14.0,11.0,22.0,20.0,8.0,8.0
La Araucania,09,Padre Las Casas,09112,82110.0,0,0.0,0.0,0.0,0.0,12.0,27.0,24.0,17.0,17.0,11.0,0.0,5.0,24.0,16.0,13.0,4.0,7.0,2.0,3.0,16.0,4.0,14.0,10.0,4.0,10.0,15.0,10.0,13.0,54.0,32.0,22.0,2.0
La Araucania,09,Perquenco,09113,7223.0,0,0.0,0.0,0.0,0.0,1.0,1.0,0.0,0.0,3.0,0.0,0.0,1.0,0.0,0.0,2.0,7.0,3.0,8.0,12.0,3.0,2.0,1.0,0.0,0.0,5.0,11.0,9.0,20.0,4.0,9.0,2.0,1.0
La Araucania,09,Pitrufquen,09114,26096.0,0,0.0,0.0,0.0,0.0,4.0,9.0,4.0,0.0,1.0,0.0,4.0,1.0,6.0,15.0,19.0,11.0,1.0,8.0,9.0,5.0,1.0,0.0,3.0,4.0,2.0,2.0,9.0,12.0,2.0,6.0,4.0,6.0
La Araucania,09,Pucon,09115,29782.0,0,0.0,0.0,0.0,1.0,3.0,0.0,4.0,3.0,1.0,3.0,0.0,3.0,2.0,12.0,16.0,9.0,3.0,4.0,5.0,1.0,4.0,7.0,7.0,4.0,1.0,0.0,2.0,3.0,0.0,0.0,2.0,0.0
La Araucania,09,Puren,09208,12188.0,0,0.0,0.0,0.0,0.0,0.0,2.0,0.0,0.0,2.0,0.0,2.0,1.0,0.0,1.0,1.0,0.0,6.0,5.0,6.0,2.0,4.0,9.0,1.0,3.0,1.0,0.0,0.0,2.0,0.0,0.0,1.0,1.0
La Araucania,09,Renaico,09209,10833.0,0,0.0,0.0,0.0,0.0,0.0,0.0,1.0,3.0,3.0,0.0,4.0,3.0,5.0,4.0,2.0,2.0,5.0,12.0,4.0,4.0,1.0,2.0,6.0,0.0,0.0,0.0,3.0,6.0,11.0,5.0,10.0,0.0
La Araucania,09,Saavedra,09116,12793.0,0,0.0,0.0,0.0,1.0,1.0,0.0,1.0,5.0,8.0,17.0,13.0,18.0,10.0,9.0,4.0,5.0,3.0,0.0,0.0,2.0,1.0,0.0,0.0,0.0,0.0,0.0,0.0,6.0,5.0,2.0,2.0,8.0
La Araucania,09,Temuco,09101,302931.0,0,0.0,0.0,3.0,26.0,156.0,174.0,129.0,112.0,58.0,25.0,27.0,49.0,43.0,28.0,16.0,19.0,30.0,29.0,43.0,56.0,47.0,45.0,71.0,88.0,46.0,44.0,56.0,82.0,92.0,133.0,123.0,40.0
La Araucania,09,Teodoro Schmidt,09117,15786.0,0,0.0,0.0,0.0,0.0,1.0,2.0,0.0,1.0,1.0,0.0,0.0,0.0,1.0,3.0,1.0,2.0,9.0,6.0,3.0,1.0,0.0,0.0,0.0,0.0,0.0,0.0,5.0,15.0,24.0,38.0,16.0,1.0
La Araucania,09,Tolten,09118,10055.0,0,0.0,0.0,0.0,0.0,4.0,1.0,2.0,1.0,0.0,0.0,0.0,0.0,2.0,5.0,1.0,0.0,0.0,0.0,0.0,1.0,0.0,0.0,0.0,1.0,0.0,0.0,0.0,0.0,0.0,11.0,2.0,1.0
La Araucania,09,Traiguen,09210,19314.0,0,0.0,0.0,0.0,0.0,0.0,0.0,1.0,0.0,1.0,0.0,0.0,1.0,4.0,4.0,5.0,6.0,7.0,6.0,8.0,3.0,0.0,1.0,10.0,3.0,4.0,0.0,0.0,1.0,0.0,1.0,2.0,0.0
La Araucania,09,Victoria,09211,35467.0,0,0.0,0.0,0.0,1.0,2.0,9.0,2.0,1.0,31.0,20.0,11.0,2.0,4.0,20.0,14.0,23.0,21.0,2.0,4.0,4.0,5.0,14.0,15.0,12.0,4.0,17.0,12.0,10.0,9.0,11.0,10.0,3.0
La Araucania,09,Vilcun,09119,30766.0,0,0.0,0.0,0.0,0.0,6.0,11.0,15.0,8.0,4.0,3.0,5.0,6.0,7.0,21.0,9.0,7.0,4.0,5.0,2.0,7.0,5.0,6.0,19.0,8.0,14.0,23.0,8.0,5.0,7.0,5.0,5.0,0.0
La Araucania,09,Villarrica,09120,59103.0,0,0.0,0.0,0.0,0.0,2.0,10.0,6.0,1.0,1.0,0.0,0.0,1.0,2.0,4.0,7.0,7.0,23.0,19.0,15.0,3.0,0.0,4.0,1.0,2.0,3.0,3.0,8.0,12.0,31.0,35.0,17.0,1.0
La Araucania,09,Desconocido Araucania,,,0,0.0,0.0,0.0,0.0,0.0,1.0,0.0,0.0,0.0,0.0,0.0,0.0,0.0,0.0,0.0,0.0,0.0,0.0,0.0,0.0,0.0,0.0,0.0,0.0,0.0,0.0,0.0,0.0,1.0,0.0,0.0,2.0
La Araucania,09,Total,,1014343.0,0.0,0.0,0.0,4.0,32.0,217.0,292.0,243.0,200.0,204.0,130.0,105.0,153.0,182.0,295.0,277.0,300.0,285.0,206.0,215.0,196.0,156.0,171.0,267.0,244.0,223.0,262.0,277.0,365.0,464.0,510.0,379.0,148.0
,,,,,,,,,,,,,,,,,,,,,,,,,,,,,,,,,,,,,
Los Rios,14,Corral,14102,5447.0,0,0.0,0.0,0.0,0.0,0.0,0.0,0.0,0.0,1.0,0.0,0.0,6.0,4.0,2.0,2.0,5.0,2.0,1.0,1.0,2.0,0.0,0.0,0.0,0.0,0.0,0.0,0.0,0.0,0.0,0.0,1.0,0.0
Los Rios,14,Futrono,14202,15261.0,0,0.0,0.0,0.0,0.0,1.0,3.0,1.0,0.0,0.0,0.0,0.0,1.0,5.0,19.0,8.0,15.0,5.0,1.0,1.0,1.0,0.0,0.0,0.0,0.0,0.0,1.0,0.0,0.0,1.0,3.0,0.0,0.0
Los Rios,14,La Union,14201,39538.0,0,0.0,0.0,0.0,1.0,5.0,8.0,4.0,6.0,9.0,4.0,2.0,1.0,2.0,2.0,6.0,9.0,10.0,8.0,6.0,4.0,4.0,8.0,2.0,4.0,1.0,0.0,1.0,4.0,5.0,10.0,22.0,6.0
Los Rios,14,Lago Ranco,14203,10292.0,0,0.0,0.0,0.0,0.0,1.0,1.0,0.0,0.0,0.0,0.0,0.0,0.0,0.0,0.0,0.0,0.0,0.0,1.0,4.0,0.0,0.0,0.0,0.0,0.0,1.0,0.0,0.0,0.0,0.0,9.0,1.0,1.0
Los Rios,14,Lanco,14103,17652.0,0,0.0,0.0,0.0,0.0,0.0,1.0,2.0,1.0,2.0,0.0,3.0,2.0,0.0,0.0,1.0,3.0,11.0,3.0,1.0,0.0,1.0,0.0,0.0,2.0,0.0,6.0,7.0,8.0,18.0,28.0,7.0,1.0
Los Rios,14,Los Lagos,14104,20518.0,0,0.0,0.0,0.0,0.0,0.0,0.0,0.0,0.0,0.0,0.0,0.0,0.0,1.0,13.0,10.0,13.0,21.0,3.0,0.0,2.0,0.0,0.0,0.0,0.0,0.0,0.0,1.0,0.0,5.0,2.0,3.0,0.0
Los Rios,14,Mafil,14105,7389.0,0,0.0,0.0,0.0,0.0,1.0,0.0,0.0,0.0,1.0,0.0,0.0,0.0,1.0,2.0,0.0,2.0,12.0,1.0,0.0,0.0,0.0,1.0,8.0,0.0,3.0,2.0,0.0,2.0,12.0,15.0,2.0,1.0
Los Rios,14,Mariquina,14106,23250.0,0,0.0,0.0,0.0,0.0,3.0,1.0,4.0,1.0,0.0,0.0,0.0,2.0,1.0,3.0,1.0,0.0,3.0,0.0,1.0,0.0,7.0,8.0,2.0,1.0,0.0,1.0,5.0,5.0,11.0,4.0,1.0,1.0
Los Rios,14,Paillaco,14107,20798.0,0,0.0,0.0,0.0,0.0,1.0,0.0,0.0,0.0,0.0,0.0,0.0,0.0,8.0,13.0,3.0,0.0,2.0,3.0,0.0,2.0,1.0,0.0,4.0,1.0,0.0,1.0,1.0,1.0,3.0,3.0,7.0,7.0
Los Rios,14,Panguipulli,14108,35991.0,0,0.0,0.0,0.0,0.0,0.0,0.0,0.0,0.0,0.0,0.0,1.0,0.0,4.0,4.0,8.0,16.0,8.0,8.0,6.0,1.0,6.0,1.0,1.0,1.0,4.0,1.0,2.0,17.0,28.0,41.0,36.0,7.0
Los Rios,14,Rio Bueno,14204,32925.0,0,0.0,0.0,0.0,0.0,3.0,1.0,3.0,2.0,1.0,2.0,1.0,0.0,0.0,3.0,1.0,1.0,2.0,3.0,3.0,3.0,2.0,2.0,3.0,8.0,12.0,5.0,11.0,9.0,23.0,7.0,16.0,10.0
Los Rios,14,Valdivia,14101,176774.0,0,0.0,0.0,1.0,1.0,25.0,32.0,25.0,19.0,8.0,8.0,4.0,4.0,10.0,30.0,24.0,15.0,25.0,38.0,35.0,28.0,37.0,43.0,25.0,33.0,29.0,32.0,21.0,25.0,43.0,71.0,39.0,62.0
Los Rios,14,Desconocido Los Rios,,,0,0.0,0.0,0.0,1.0,0.0,0.0,0.0,1.0,1.0,0.0,0.0,0.0,0.0,0.0,1.0,0.0,1.0,1.0,0.0,0.0,0.0,0.0,0.0,0.0,1.0,0.0,0.0,0.0,0.0,0.0,0.0,0.0
Los Rios,14,Total,,405835.0,0.0,0.0,0.0,1.0,3.0,40.0,47.0,39.0,30.0,23.0,14.0,11.0,16.0,36.0,91.0,65.0,79.0,102.0,71.0,58.0,43.0,58.0,63.0,45.0,50.0,51.0,49.0,49.0,71.0,149.0,193.0,135.0,96.0
,,,,,,,,,,,,,,,,,,,,,,,,,,,,,,,,,,,,,
Los Lagos,10,Ancud,10202,42458.0,0,0.0,0.0,0.0,0.0,0.0,1.0,0.0,6.0,3.0,1.0,21.0,19.0,23.0,10.0,2.0,4.0,3.0,1.0,5.0,1.0,2.0,5.0,3.0,2.0,0.0,0.0,1.0,2.0,2.0,1.0,1.0,1.0
Los Lagos,10,Calbuco,10102,36744.0,0,0.0,0.0,0.0,0.0,3.0,1.0,1.0,1.0,1.0,0.0,0.0,1.0,0.0,0.0,1.0,0.0,4.0,20.0,44.0,30.0,41.0,22.0,22.0,37.0,34.0,41.0,16.0,14.0,20.0,20.0,25.0,8.0
Los Lagos,10,Castro,10201,47607.0,0,0.0,0.0,0.0,0.0,2.0,0.0,5.0,0.0,0.0,0.0,0.0,1.0,0.0,0.0,1.0,0.0,1.0,0.0,0.0,0.0,0.0,1.0,14.0,5.0,1.0,1.0,1.0,3.0,6.0,10.0,14.0,0.0
Los Lagos,10,Chaiten,10401,5020.0,0,0.0,0.0,0.0,0.0,0.0,1.0,0.0,0.0,0.0,0.0,0.0,0.0,0.0,0.0,0.0,0.0,0.0,0.0,0.0,1.0,8.0,1.0,0.0,1.0,0.0,3.0,0.0,0.0,0.0,0.0,0.0,0.0
Los Lagos,10,Chonchi,10203,16013.0,0,0.0,0.0,0.0,0.0,0.0,0.0,0.0,0.0,0.0,0.0,0.0,0.0,0.0,0.0,0.0,0.0,0.0,0.0,1.0,0.0,0.0,0.0,0.0,0.0,0.0,0.0,0.0,0.0,1.0,2.0,1.0,3.0
Los Lagos,10,Cochamo,10103,4006.0,0,0.0,0.0,0.0,0.0,0.0,0.0,0.0,1.0,0.0,0.0,0.0,0.0,0.0,0.0,0.0,0.0,0.0,1.0,6.0,0.0,3.0,7.0,1.0,3.0,0.0,1.0,0.0,0.0,3.0,2.0,0.0,0.0
Los Lagos,10,Curaco de Velez,10204,4066.0,0,0.0,0.0,0.0,0.0,0.0,0.0,0.0,0.0,0.0,0.0,0.0,0.0,0.0,0.0,0.0,0.0,1.0,0.0,12.0,2.0,3.0,0.0,0.0,0.0,0.0,0.0,0.0,0.0,0.0,0.0,0.0,0.0
Los Lagos,10,Dalcahue,10205,15069.0,0,0.0,0.0,0.0,0.0,0.0,0.0,0.0,0.0,0.0,0.0,0.0,1.0,3.0,2.0,0.0,0.0,1.0,0.0,0.0,0.0,0.0,0.0,0.0,1.0,0.0,0.0,0.0,0.0,2.0,5.0,4.0,0.0
Los Lagos,10,Fresia,10104,12656.0,0,0.0,0.0,0.0,0.0,0.0,0.0,0.0,0.0,0.0,0.0,0.0,0.0,0.0,0.0,0.0,0.0,7.0,1.0,8.0,9.0,3.0,5.0,14.0,20.0,17.0,11.0,18.0,3.0,2.0,2.0,13.0,2.0
Los Lagos,10,Frutillar,10105,20223.0,0,0.0,0.0,0.0,0.0,0.0,1.0,3.0,2.0,0.0,0.0,0.0,1.0,0.0,3.0,3.0,3.0,7.0,20.0,25.0,54.0,18.0,7.0,15.0,27.0,32.0,48.0,18.0,19.0,21.0,10.0,24.0,28.0
Los Lagos,10,Futaleufu,10402,2806.0,0,0.0,0.0,0.0,0.0,0.0,0.0,0.0,0.0,0.0,0.0,0.0,0.0,1.0,0.0,0.0,0.0,0.0,0.0,0.0,0.0,0.0,0.0,0.0,0.0,0.0,0.0,0.0,0.0,0.0,0.0,0.0,0.0
Los Lagos,10,Hualaihue,10403,9525.0,0,0.0,0.0,0.0,0.0,0.0,3.0,0.0,0.0,0.0,0.0,0.0,0.0,0.0,0.0,1.0,1.0,1.0,3.0,1.0,2.0,1.0,7.0,0.0,0.0,1.0,2.0,6.0,2.0,5.0,11.0,10.0,0.0
Los Lagos,10,Llanquihue,10107,18621.0,0,0.0,0.0,0.0,0.0,0.0,1.0,0.0,0.0,0.0,0.0,0.0,5.0,0.0,0.0,2.0,3.0,11.0,18.0,9.0,16.0,6.0,9.0,40.0,26.0,29.0,19.0,27.0,14.0,21.0,19.0,8.0,2.0
Los Lagos,10,Los Muermos,10106,17817.0,0,0.0,0.0,0.0,0.0,1.0,0.0,0.0,0.0,0.0,0.0,0.0,1.0,0.0,0.0,0.0,1.0,1.0,12.0,7.0,13.0,6.0,7.0,13.0,10.0,30.0,13.0,20.0,23.0,30.0,24.0,12.0,3.0
Los Lagos,10,Maullin,10108,14894.0,0,0.0,0.0,0.0,0.0,0.0,0.0,0.0,1.0,0.0,0.0,0.0,0.0,5.0,9.0,0.0,0.0,0.0,2.0,3.0,10.0,14.0,14.0,12.0,24.0,30.0,33.0,43.0,63.0,38.0,83.0,57.0,10.0
Los Lagos,10,Osorno,10301,173410.0,0,0.0,0.0,0.0,4.0,59.0,104.0,64.0,36.0,18.0,15.0,24.0,17.0,8.0,21.0,33.0,42.0,34.0,27.0,12.0,30.0,47.0,65.0,74.0,121.0,134.0,99.0,100.0,124.0,116.0,122.0,87.0,46.0
Los Lagos,10,Palena,10404,1827.0,0,0.0,0.0,0.0,0.0,0.0,0.0,0.0,0.0,0.0,0.0,0.0,0.0,0.0,0.0,0.0,0.0,0.0,0.0,0.0,0.0,0.0,0.0,0.0,0.0,0.0,0.0,0.0,0.0,0.0,0.0,0.0,0.0
Los Lagos,10,Puerto Montt,10101,269398.0,0,0.0,0.0,1.0,1.0,14.0,18.0,11.0,3.0,5.0,1.0,2.0,8.0,18.0,59.0,65.0,73.0,106.0,128.0,152.0,216.0,285.0,311.0,461.0,396.0,296.0,259.0,201.0,238.0,212.0,182.0,193.0,63.0
Los Lagos,10,Puerto Octay,10302,9192.0,0,0.0,0.0,0.0,0.0,1.0,0.0,0.0,0.0,1.0,1.0,0.0,2.0,0.0,0.0,0.0,0.0,0.0,1.0,3.0,0.0,0.0,0.0,5.0,23.0,9.0,13.0,14.0,13.0,20.0,20.0,3.0,2.0
Los Lagos,10,Puerto Varas,10109,48620.0,0,0.0,0.0,0.0,1.0,0.0,2.0,3.0,2.0,0.0,0.0,1.0,1.0,4.0,7.0,8.0,21.0,9.0,10.0,16.0,7.0,13.0,19.0,22.0,57.0,33.0,20.0,30.0,36.0,34.0,27.0,11.0,6.0
Los Lagos,10,Puqueldon,10206,4201.0,0,0.0,0.0,0.0,0.0,0.0,0.0,0.0,0.0,0.0,0.0,0.0,0.0,0.0,0.0,0.0,0.0,0.0,0.0,0.0,0.0,0.0,0.0,0.0,0.0,0.0,0.0,0.0,0.0,0.0,1.0,0.0,0.0
Los Lagos,10,Purranque,10303,21080.0,0,0.0,0.0,0.0,0.0,0.0,3.0,12.0,5.0,1.0,3.0,6.0,1.0,6.0,13.0,23.0,2.0,0.0,2.0,1.0,5.0,0.0,7.0,0.0,16.0,13.0,28.0,28.0,20.0,23.0,16.0,8.0,8.0
Los Lagos,10,Puyehue,10304,11787.0,0,0.0,0.0,0.0,0.0,1.0,1.0,1.0,1.0,1.0,1.0,2.0,0.0,1.0,0.0,1.0,1.0,2.0,0.0,0.0,3.0,4.0,2.0,2.0,6.0,4.0,10.0,15.0,11.0,2.0,2.0,3.0,2.0
Los Lagos,10,Queilen,10207,5543.0,0,0.0,0.0,0.0,0.0,0.0,0.0,0.0,0.0,0.0,0.0,0.0,0.0,0.0,0.0,0.0,0.0,0.0,0.0,0.0,0.0,0.0,0.0,0.0,0.0,0.0,0.0,0.0,0.0,0.0,1.0,0.0,0.0
Los Lagos,10,Quellon,10208,29309.0,0,0.0,0.0,0.0,0.0,0.0,0.0,0.0,0.0,0.0,0.0,0.0,0.0,0.0,0.0,0.0,0.0,1.0,3.0,0.0,1.0,0.0,1.0,1.0,0.0,0.0,0.0,0.0,0.0,0.0,0.0,0.0,0.0
Los Lagos,10,Quemchi,10209,8783.0,0,0.0,0.0,0.0,0.0,0.0,0.0,0.0,0.0,0.0,0.0,0.0,0.0,2.0,5.0,7.0,0.0,0.0,0.0,0.0,0.0,0.0,0.0,0.0,0.0,0.0,0.0,2.0,0.0,1.0,0.0,0.0,0.0
Los Lagos,10,Quinchao,10210,8298.0,0,0.0,0.0,0.0,0.0,0.0,1.0,0.0,0.0,0.0,0.0,0.0,0.0,0.0,0.0,0.0,0.0,1.0,0.0,0.0,0.0,0.0,0.0,0.0,1.0,0.0,0.0,0.0,0.0,0.0,0.0,0.0,0.0
Los Lagos,10,Rio Negro,10305,14275.0,0,0.0,0.0,0.0,0.0,0.0,2.0,3.0,0.0,5.0,7.0,5.0,4.0,5.0,4.0,4.0,0.0,2.0,1.0,2.0,3.0,3.0,1.0,2.0,6.0,7.0,7.0,8.0,9.0,4.0,9.0,21.0,5.0
Los Lagos,10,San Juan de la Costa,10306,7639.0,0,0.0,0.0,0.0,0.0,0.0,1.0,10.0,2.0,6.0,7.0,2.0,5.0,2.0,0.0,0.0,3.0,4.0,0.0,0.0,0.0,1.0,1.0,5.0,6.0,3.0,4.0,3.0,2.0,9.0,21.0,32.0,3.0
Los Lagos,10,San Pablo,10307,10553.0,0,0.0,0.0,0.0,0.0,0.0,2.0,4.0,0.0,3.0,0.0,0.0,0.0,2.0,1.0,0.0,0.0,0.0,0.0,0.0,2.0,1.0,1.0,1.0,4.0,3.0,6.0,2.0,3.0,0.0,8.0,3.0,3.0
Los Lagos,10,Desconocido Los Lagos,,,0,0.0,0.0,0.0,9.0,10.0,3.0,1.0,0.0,1.0,3.0,0.0,1.0,1.0,2.0,3.0,1.0,1.0,3.0,3.0,4.0,12.0,4.0,1.0,2.0,0.0,0.0,0.0,2.0,2.0,1.0,1.0,1.0
Los Lagos,10,Total,,891440.0,0.0,0.0,0.0,1.0,15.0,91.0,145.0,118.0,60.0,45.0,39.0,63.0,68.0,81.0,136.0,154.0,155.0,197.0,253.0,310.0,409.0,471.0,497.0,708.0,794.0,676.0,618.0,553.0,601.0,574.0,599.0,531.0,196.0
,,,,,,,,,,,,,,,,,,,,,,,,,,,,,,,,,,,,,
Aysen,11,Aysen,11201,25002.0,0,0.0,0.0,0.0,1.0,0.0,0.0,0.0,0.0,0.0,0.0,0.0,0.0,0.0,1.0,2.0,0.0,2.0,5.0,3.0,3.0,11.0,9.0,5.0,5.0,8.0,4.0,2.0,0.0,2.0,5.0,1.0,0.0
Aysen,11,Chile Chico,11401,5121.0,0,0.0,0.0,0.0,0.0,0.0,0.0,1.0,0.0,0.0,0.0,0.0,0.0,0.0,0.0,0.0,0.0,0.0,0.0,0.0,0.0,0.0,0.0,0.0,0.0,0.0,0.0,0.0,0.0,0.0,0.0,0.0,1.0
Aysen,11,Cisnes,11202,5828.0,0,0.0,0.0,0.0,0.0,0.0,0.0,0.0,0.0,0.0,0.0,0.0,0.0,0.0,0.0,0.0,0.0,0.0,0.0,0.0,0.0,0.0,0.0,0.0,0.0,0.0,0.0,0.0,0.0,0.0,0.0,0.0,0.0
Aysen,11,Cochrane,11301,3685.0,0,0.0,0.0,0.0,0.0,0.0,0.0,0.0,0.0,0.0,0.0,0.0,0.0,0.0,0.0,0.0,0.0,0.0,0.0,0.0,0.0,0.0,0.0,0.0,0.0,0.0,0.0,0.0,0.0,0.0,0.0,0.0,0.0
Aysen,11,Coyhaique,11101,61210.0,0,0.0,0.0,0.0,1.0,0.0,0.0,1.0,0.0,0.0,0.0,0.0,1.0,0.0,4.0,3.0,3.0,2.0,4.0,9.0,0.0,2.0,0.0,2.0,5.0,1.0,5.0,13.0,24.0,19.0,40.0,76.0,13.0
Aysen,11,Guaitecas,11203,1599.0,0,0.0,0.0,0.0,0.0,0.0,0.0,0.0,0.0,0.0,0.0,0.0,0.0,0.0,0.0,0.0,0.0,0.0,0.0,0.0,0.0,0.0,0.0,0.0,0.0,1.0,0.0,0.0,0.0,0.0,0.0,0.0,0.0
Aysen,11,Lago Verde,11102,920.0,0,0.0,0.0,0.0,0.0,0.0,0.0,0.0,0.0,0.0,0.0,0.0,0.0,0.0,0.0,0.0,0.0,0.0,0.0,0.0,0.0,0.0,0.0,0.0,0.0,0.0,0.0,0.0,0.0,0.0,0.0,0.0,0.0
Aysen,11,OHiggins,11302,661.0,0,0.0,0.0,0.0,0.0,0.0,0.0,0.0,0.0,0.0,0.0,0.0,0.0,0.0,0.0,0.0,0.0,0.0,0.0,0.0,0.0,0.0,0.0,0.0,0.0,0.0,0.0,0.0,0.0,0.0,0.0,0.0,0.0
Aysen,11,Rio Ibanez,11402,2699.0,0,0.0,0.0,0.0,0.0,0.0,0.0,0.0,0.0,0.0,0.0,0.0,0.0,0.0,0.0,0.0,0.0,0.0,0.0,0.0,0.0,0.0,0.0,0.0,0.0,0.0,0.0,0.0,0.0,0.0,0.0,0.0,0.0
Aysen,11,Tortel,11303,572.0,0,0.0,0.0,0.0,0.0,0.0,0.0,0.0,0.0,0.0,0.0,0.0,0.0,0.0,0.0,0.0,0.0,0.0,0.0,0.0,0.0,0.0,0.0,0.0,0.0,0.0,0.0,0.0,0.0,0.0,0.0,0.0,0.0
Aysen,11,Desconocido Aysen,,,0,0.0,0.0,0.0,1.0,0.0,0.0,0.0,0.0,0.0,0.0,0.0,0.0,0.0,0.0,0.0,0.0,0.0,0.0,0.0,0.0,0.0,0.0,0.0,0.0,0.0,0.0,0.0,0.0,0.0,0.0,1.0,0.0
Aysen,11,Total,,107297.0,0.0,0.0,0.0,0.0,3.0,0.0,0.0,2.0,0.0,0.0,0.0,0.0,1.0,0.0,5.0,5.0,3.0,4.0,9.0,12.0,3.0,13.0,9.0,7.0,10.0,10.0,9.0,15.0,24.0,21.0,45.0,78.0,14.0
,,,,,,,,,,,,,,,,,,,,,,,,,,,,,,,,,,,,,
Magallanes y la Antartica,12,Antartica,12202,137.0,0,0.0,0.0,0.0,0.0,0.0,0.0,0.0,0.0,0.0,0.0,0.0,0.0,0.0,0.0,0.0,0.0,0.0,0.0,0.0,0.0,0.0,0.0,0.0,0.0,0.0,0.0,0.0,0.0,0.0,0.0,0.0,0.0
Magallanes y la Antartica,12,Cabo de Hornos,12201,1983.0,0,0.0,0.0,0.0,2.0,6.0,4.0,1.0,6.0,0.0,0.0,0.0,1.0,0.0,1.0,0.0,0.0,0.0,0.0,1.0,0.0,0.0,0.0,0.0,0.0,0.0,1.0,4.0,1.0,4.0,0.0,0.0,0.0
Magallanes y la Antartica,12,Laguna Blanca,12102,264.0,0,0.0,0.0,0.0,0.0,0.0,0.0,0.0,0.0,0.0,0.0,0.0,0.0,0.0,0.0,0.0,0.0,0.0,0.0,0.0,0.0,0.0,0.0,0.0,0.0,0.0,0.0,0.0,0.0,0.0,0.0,1.0,0.0
Magallanes y la Antartica,12,Natales,12401,23782.0,0,0.0,0.0,0.0,1.0,3.0,3.0,0.0,1.0,1.0,0.0,3.0,0.0,2.0,3.0,0.0,0.0,1.0,5.0,18.0,7.0,2.0,1.0,1.0,0.0,4.0,5.0,9.0,32.0,111.0,177.0,112.0,38.0
Magallanes y la Antartica,12,Porvenir,12301,7323.0,0,0.0,0.0,0.0,0.0,0.0,3.0,1.0,2.0,2.0,0.0,0.0,1.0,0.0,0.0,0.0,1.0,0.0,0.0,0.0,0.0,0.0,0.0,0.0,0.0,7.0,10.0,31.0,25.0,38.0,52.0,38.0,3.0
Magallanes y la Antartica,12,Primavera,12302,694.0,0,0.0,0.0,0.0,0.0,0.0,0.0,0.0,1.0,0.0,0.0,0.0,0.0,0.0,0.0,0.0,0.0,0.0,0.0,0.0,0.0,0.0,0.0,0.0,0.0,2.0,0.0,3.0,1.0,5.0,1.0,0.0,0.0
Magallanes y la Antartica,12,Punta Arenas,12101,141984.0,0,0.0,0.0,2.0,5.0,66.0,122.0,146.0,155.0,133.0,85.0,108.0,83.0,53.0,50.0,24.0,35.0,122.0,85.0,66.0,47.0,76.0,60.0,110.0,167.0,255.0,356.0,601.0,892.0,1087.0,1004.0,734.0,232.0
Magallanes y la Antartica,12,Rio Verde,12103,211.0,0,0.0,0.0,0.0,0.0,0.0,0.0,0.0,0.0,0.0,0.0,0.0,0.0,0.0,0.0,0.0,0.0,0.0,0.0,0.0,0.0,0.0,0.0,0.0,0.0,0.0,0.0,0.0,0.0,1.0,0.0,0.0,0.0
Magallanes y la Antartica,12,San Gregorio,12104,681.0,0,0.0,0.0,0.0,0.0,0.0,0.0,0.0,0.0,0.0,0.0,0.0,2.0,0.0,0.0,0.0,0.0,0.0,0.0,0.0,0.0,0.0,0.0,0.0,0.0,0.0,0.0,0.0,0.0,0.0,0.0,0.0,0.0
Magallanes y la Antartica,12,Timaukel,12303,282.0,0,0.0,0.0,0.0,0.0,0.0,0.0,0.0,0.0,0.0,0.0,0.0,0.0,0.0,0.0,0.0,0.0,0.0,0.0,0.0,0.0,0.0,0.0,0.0,0.0,0.0,0.0,0.0,0.0,0.0,0.0,1.0,0.0
Magallanes y la Antartica,12,Torres del Paine,12402,1021.0,0,0.0,0.0,0.0,0.0,0.0,0.0,0.0,0.0,0.0,0.0,0.0,0.0,0.0,0.0,0.0,0.0,0.0,0.0,0.0,0.0,0.0,0.0,0.0,0.0,0.0,0.0,0.0,0.0,0.0,0.0,0.0,0.0
Magallanes y la Antartica,12,Desconocido Magallanes,,,0,0.0,0.0,0.0,0.0,0.0,0.0,0.0,0.0,0.0,0.0,0.0,0.0,0.0,0.0,0.0,0.0,1.0,0.0,0.0,1.0,0.0,0.0,1.0,0.0,0.0,0.0,5.0,0.0,5.0,9.0,4.0,3.0
Magallanes y la Antartica,12,Total,,178362.0,0.0,0.0,0.0,2.0,8.0,75.0,132.0,148.0,165.0,136.0,85.0,111.0,87.0,55.0,54.0,24.0,36.0,124.0,90.0,85.0,55.0,78.0,61.0,112.0,167.0,268.0,372.0,653.0,951.0,1251.0,1243.0,890.0,276.0
