Grupo de edad,Sexo,Etapa clinica,2020-03-25,2020-03-26,2020-03-27,2020-03-28,2020-03-29,2020-03-30,2020-03-31,2020-04-01,2020-04-02,2020-04-03,2020-04-04,2020-04-05,2020-04-06,2020-04-07,2020-04-08,2020-04-09,2020-04-10,2020-04-11,2020-04-12,2020-04-13,2020-04-14,2020-04-15,2020-04-16,2020-04-17,2020-04-18,2020-04-19,2020-04-20,2020-04-21,2020-04-22,2020-04-23,2020-04-24,2020-04-25,2020-04-26,2020-04-27,2020-04-28,2020-05-01,2020-05-02,2020-05-04,2020-05-06,2020-05-08,2020-05-11,2020-05-15,2020-05-18,2020-05-22,2020-05-25,2020-05-29,2020-06-01,2020-06-05,2020-06-08,2020-06-12,2020-06-15,2020-06-19,2020-06-23,2020-06-28,2020-07-01,2020-07-05,2020-07-10,2020-07-13,2020-07-17,2020-07-24,2020-07-27,2020-07-31,2020-08-03,2020-08-07,2020-08-10,2020-08-14,2020-08-17,2020-08-21,2020-08-24,2020-08-28,2020-08-31,2020-09-04,2020-09-07,2020-09-11,2020-09-14,2020-09-18,2020-09-21,2020-09-25,2020-09-28,2020-10-02,2020-10-05,2020-10-09,2020-10-12,2020-10-16,2020-10-19,2020-10-24,2020-10-26,2020-10-30,2020-11-02,2020-11-06,2020-11-09,2020-11-13,2020-11-16,2020-11-20,2020-11-23,2020-11-27,2020-11-30,2020-12-04,2020-12-07,2020-12-11,2020-12-14,2020-12-18,2020-12-21,2020-12-25,2020-12-28,2021-01-01,2021-01-04,2021-01-08,2021-01-11,2021-01-15,2021-01-18,2021-01-22,2021-01-25,2021-01-29,2021-02-01,2021-02-05,2021-02-08,2021-02-12,2021-02-15,2021-02-19,2021-02-22,2021-02-26,2021-03-01,2021-03-05,2021-03-08,2021-03-12,2021-03-15,2021-03-19,2021-03-22,2021-03-26,2021-03-29,2021-04-02,2021-04-05,2021-04-09,2021-04-12,2021-04-16,2021-04-19,2021-04-23,2021-04-26,2021-04-30,2021-05-03,2021-05-07,2021-05-10,2021-05-14,2021-05-17,2021-05-21,2021-05-24,2021-05-28,2021-05-31,2021-06-04,2021-06-07,2021-06-11,2021-06-14,2021-06-18,2021-06-21,2021-06-25,2021-06-28,2021-07-02,2021-07-05,2021-07-09
00 - 04 años,M,,4.0,5.0,5.0,5.0,5.0,5.0,6.0,7.0,7.0,8.0,10.0,9.0,11.0,12.0,18.0,22.0,30.0,37.0,39.0,38.0,41.0,46.0,49.0,52.0,61.0,65.0,66.0,75.0,83.0,88.0,93.0,100.0,106.0,111.0,124.0,157.0,177.0,201.0,233.0,277.0,334.0,468.0,543.0,725.0,866.0,1028.0,1121.0,1274.0,1378.0,1535.0,1651.0,2058.0,2302.0,2565.0,2673.0,2848.0,3022.0,3132.0,3240.0,3392.0,3473.0,3564.0,3651.0,3792.0,3917.0,4042.0,4133.0,4244.0,4337.0,4461.0,4567.0,4704.0,4784.0,4915.0,5001.0,5120.0,5193.0,5303.0,5403.0,5552.0,5552.0,5733.0,5823.0,5913.0,6003.0,6143.0,6196.0,6290.0,6361.0,6458.0,6535.0,6644.0,6716.0,6811.0,6881.0,6959.0,7027.0,7122.0,7192.0,7262.0,7344.0,7455.0,7539.0,7651.0,7714.0,7838.0,7931.0,8069.0,8194.0,8355.0,8487.0,8701.0,8847.0,8994.0,9120.0,9290.0,9404.0,9551.0,9683.0,9847.0,9968.0,10158.0,10307.0,10546.0,10735.0,10972.0,11198.0,11539.0,11805.0,12170.0,12459.0,12840.0,13086.0,13621.0,13916.0,14382.0,14680.0,15129.0,15440.0,15871.0,16178.0,16545.0,16838.0,17227.0,17567.0,18049.0,18367.0,18861.0,19218.0,19688.0,20061.0,20504.0,20855.0,21306.0,21611.0,21920.0,22179.0,22423.0,22596.0,
05 - 09 años,M,,2.0,2.0,2.0,4.0,4.0,4.0,4.0,7.0,7.0,9.0,10.0,11.0,13.0,14.0,17.0,18.0,20.0,27.0,27.0,27.0,29.0,32.0,35.0,38.0,42.0,44.0,45.0,52.0,58.0,61.0,66.0,71.0,80.0,81.0,89.0,115.0,126.0,143.0,173.0,194.0,244.0,347.0,410.0,540.0,631.0,742.0,820.0,932.0,1009.0,1104.0,1200.0,1573.0,1772.0,1981.0,2072.0,2210.0,2374.0,2489.0,2604.0,2733.0,2805.0,2887.0,2966.0,3105.0,3220.0,3320.0,3400.0,3495.0,3582.0,3705.0,3790.0,3899.0,3993.0,4122.0,4226.0,4341.0,4403.0,4538.0,4644.0,4762.0,4762.0,4996.0,5075.0,5175.0,5258.0,5384.0,5429.0,5535.0,5619.0,5698.0,5767.0,5853.0,5940.0,6029.0,6100.0,6183.0,6273.0,6369.0,6445.0,6519.0,6600.0,6703.0,6793.0,6918.0,6988.0,7129.0,7235.0,7398.0,7570.0,7781.0,7937.0,8152.0,8297.0,8514.0,8686.0,8847.0,8999.0,9156.0,9310.0,9464.0,9633.0,9856.0,10039.0,10290.0,10515.0,10851.0,11064.0,11436.0,11751.0,12146.0,12501.0,12984.0,13326.0,13892.0,14327.0,14868.0,15295.0,15813.0,16198.0,16705.0,17082.0,17554.0,17906.0,18337.0,18699.0,19240.0,19594.0,20165.0,20602.0,21150.0,21618.0,22156.0,22571.0,23087.0,23431.0,23786.0,24093.0,24350.0,24577.0,
10 - 14 años,M,,7.0,8.0,8.0,10.0,10.0,10.0,10.0,12.0,12.0,13.0,16.0,21.0,23.0,23.0,31.0,34.0,37.0,40.0,46.0,51.0,53.0,57.0,65.0,71.0,81.0,86.0,90.0,96.0,101.0,105.0,108.0,114.0,119.0,125.0,133.0,159.0,173.0,197.0,228.0,247.0,294.0,412.0,490.0,612.0,714.0,840.0,948.0,1078.0,1176.0,1315.0,1420.0,1851.0,2054.0,2307.0,2367.0,2517.0,2731.0,2860.0,2979.0,3157.0,3224.0,3295.0,3361.0,3512.0,3623.0,3779.0,3884.0,3998.0,4089.0,4215.0,4317.0,4430.0,4524.0,4646.0,4775.0,4922.0,5023.0,5161.0,5298.0,5451.0,5451.0,5674.0,5776.0,5880.0,5987.0,6142.0,6197.0,6300.0,6397.0,6492.0,6581.0,6690.0,6781.0,6870.0,6972.0,7082.0,7186.0,7294.0,7387.0,7506.0,7609.0,7732.0,7845.0,7980.0,8083.0,8256.0,8399.0,8625.0,8852.0,9109.0,9325.0,9604.0,9831.0,10100.0,10347.0,10556.0,10760.0,10980.0,11157.0,11373.0,11579.0,11888.0,12137.0,12475.0,12811.0,13239.0,13557.0,14108.0,14508.0,15081.0,15641.0,16243.0,16690.0,17423.0,17949.0,18702.0,19263.0,19916.0,20423.0,21129.0,21596.0,22188.0,22688.0,23312.0,23795.0,24504.0,24975.0,25711.0,26298.0,27078.0,27692.0,28422.0,28983.0,29681.0,30147.0,30631.0,31041.0,31427.0,31732.0,
15 - 19 años,M,,8.0,9.0,13.0,16.0,17.0,18.0,22.0,26.0,27.0,34.0,37.0,42.0,50.0,52.0,56.0,60.0,65.0,69.0,73.0,77.0,79.0,86.0,96.0,103.0,109.0,113.0,116.0,118.0,126.0,136.0,139.0,153.0,164.0,175.0,185.0,222.0,243.0,279.0,324.0,370.0,453.0,626.0,743.0,964.0,1133.0,1358.0,1552.0,1776.0,1976.0,2237.0,2455.0,3286.0,3640.0,4088.0,4235.0,4547.0,4837.0,5016.0,5219.0,5467.0,5610.0,5743.0,5841.0,6059.0,6230.0,6396.0,6537.0,6706.0,6879.0,7046.0,7188.0,7363.0,7557.0,7743.0,7899.0,8066.0,8186.0,8356.0,8535.0,8727.0,8727.0,9161.0,9319.0,9486.0,9619.0,9842.0,9942.0,10076.0,10217.0,10363.0,10495.0,10650.0,10783.0,10939.0,11060.0,11232.0,11383.0,11566.0,11682.0,11846.0,12023.0,12250.0,12416.0,12670.0,12842.0,13163.0,13401.0,13801.0,14210.0,14665.0,15023.0,15479.0,15871.0,16335.0,16691.0,17104.0,17434.0,17829.0,18167.0,18537.0,18870.0,19410.0,19825.0,20401.0,20915.0,21620.0,22171.0,22919.0,23554.0,24364.0,25101.0,26014.0,26603.0,27632.0,28339.0,29388.0,30153.0,31092.0,31821.0,32787.0,33499.0,34413.0,35082.0,35897.0,36620.0,37550.0,38288.0,39346.0,40240.0,41421.0,42317.0,43391.0,44284.0,45275.0,46039.0,46740.0,47290.0,47814.0,48181.0,
20 - 24 años,M,,25.0,32.0,35.0,46.0,52.0,58.0,64.0,72.0,84.0,99.0,118.0,125.0,138.0,145.0,175.0,192.0,209.0,235.0,243.0,252.0,274.0,290.0,309.0,327.0,343.0,353.0,368.0,386.0,399.0,419.0,436.0,452.0,473.0,492.0,523.0,640.0,720.0,809.0,907.0,1045.0,1219.0,1583.0,1864.0,2487.0,2967.0,3644.0,4255.0,4908.0,5531.0,6381.0,7089.0,9355.0,10344.0,11420.0,11824.0,12487.0,13089.0,13505.0,13911.0,14493.0,14735.0,15055.0,15259.0,15711.0,16041.0,16431.0,16683.0,16966.0,17222.0,17551.0,17841.0,18194.0,18486.0,18819.0,19146.0,19474.0,19664.0,19989.0,20310.0,20648.0,20648.0,21188.0,21440.0,21703.0,21929.0,22273.0,22430.0,22706.0,22927.0,23201.0,23433.0,23744.0,23949.0,24242.0,24462.0,24684.0,24931.0,25198.0,25463.0,25745.0,26016.0,26430.0,26762.0,27178.0,27467.0,28010.0,28371.0,29013.0,29670.0,30445.0,31099.0,31924.0,32582.0,33376.0,34022.0,34661.0,35125.0,35793.0,36301.0,36898.0,37421.0,38276.0,39006.0,39988.0,40836.0,42080.0,43006.0,44393.0,45562.0,46991.0,48180.0,49838.0,50974.0,52688.0,53934.0,55603.0,56919.0,58485.0,59680.0,61276.0,62255.0,63535.0,64515.0,65914.0,67061.0,68573.0,69721.0,71378.0,72843.0,74575.0,75960.0,77555.0,78928.0,80389.0,81416.0,82376.0,83172.0,83869.0,84397.0,
25 - 29 años,M,,61.0,75.0,87.0,100.0,107.0,116.0,128.0,147.0,154.0,187.0,222.0,236.0,252.0,268.0,312.0,332.0,366.0,389.0,409.0,434.0,457.0,486.0,519.0,558.0,577.0,596.0,613.0,635.0,672.0,715.0,745.0,790.0,823.0,855.0,892.0,1102.0,1232.0,1390.0,1564.0,1747.0,2058.0,2692.0,3118.0,4211.0,4996.0,6131.0,7069.0,8170.0,9264.0,10740.0,11878.0,15283.0,16776.0,18389.0,19034.0,20041.0,20984.0,21603.0,22215.0,23090.0,23482.0,23905.0,24255.0,24871.0,25323.0,25831.0,26192.0,26639.0,27031.0,27518.0,27895.0,28383.0,28786.0,29248.0,29664.0,30089.0,30372.0,30820.0,31216.0,31711.0,31711.0,32428.0,32763.0,33111.0,33449.0,33949.0,34141.0,34499.0,34754.0,35118.0,35402.0,35744.0,36028.0,36349.0,36634.0,37020.0,37374.0,37755.0,38078.0,38484.0,38896.0,39384.0,39791.0,40370.0,40734.0,41434.0,41935.0,42814.0,43620.0,44685.0,45495.0,46602.0,47419.0,48431.0,49122.0,49972.0,50639.0,51466.0,52189.0,52937.0,53622.0,54631.0,55476.0,56690.0,57741.0,59276.0,60471.0,62203.0,63581.0,65461.0,66959.0,69017.0,70485.0,72618.0,74177.0,76186.0,77797.0,79735.0,81196.0,83103.0,84393.0,86057.0,87263.0,88920.0,90245.0,92188.0,93478.0,95577.0,97266.0,99449.0,101206.0,103369.0,104901.0,106534.0,107695.0,108775.0,109637.0,110415.0,110980.0,
30 - 34 años,M,,88.0,106.0,115.0,137.0,139.0,149.0,170.0,188.0,199.0,226.0,251.0,274.0,295.0,310.0,353.0,372.0,405.0,431.0,440.0,469.0,494.0,526.0,552.0,578.0,608.0,625.0,646.0,669.0,693.0,736.0,763.0,803.0,834.0,857.0,910.0,1101.0,1201.0,1376.0,1553.0,1807.0,2102.0,2820.0,3258.0,4409.0,5229.0,6393.0,7309.0,8491.0,9614.0,11057.0,12240.0,15456.0,17023.0,18717.0,19378.0,20423.0,21431.0,22065.0,22712.0,23627.0,24063.0,24505.0,24845.0,25428.0,25881.0,26389.0,26762.0,27182.0,27543.0,28018.0,28375.0,28844.0,29229.0,29658.0,30051.0,30475.0,30717.0,31179.0,31562.0,32012.0,32012.0,32709.0,32979.0,33315.0,33654.0,34133.0,34338.0,34663.0,34923.0,35294.0,35577.0,35943.0,36247.0,36579.0,36881.0,37202.0,37589.0,37943.0,38279.0,38641.0,39000.0,39470.0,39874.0,40456.0,40869.0,41596.0,42074.0,42936.0,43768.0,44812.0,45609.0,46747.0,47602.0,48617.0,49346.0,50201.0,50889.0,51743.0,52371.0,53224.0,53911.0,54942.0,55752.0,57048.0,58061.0,59654.0,60808.0,62487.0,63820.0,65728.0,67228.0,69326.0,70766.0,72924.0,74509.0,76685.0,78289.0,80254.0,81708.0,83566.0,84783.0,86479.0,87753.0,89401.0,90771.0,92639.0,93990.0,96020.0,97612.0,99914.0,101672.0,103674.0,105121.0,106742.0,107861.0,108945.0,109811.0,110605.0,111188.0,
35 - 39 años,M,,72.0,86.0,96.0,119.0,133.0,142.0,158.0,174.0,185.0,213.0,234.0,251.0,263.0,276.0,324.0,340.0,372.0,384.0,399.0,423.0,438.0,461.0,494.0,520.0,543.0,567.0,584.0,604.0,632.0,656.0,675.0,707.0,735.0,755.0,788.0,950.0,1032.0,1168.0,1337.0,1506.0,1766.0,2325.0,2697.0,3590.0,4361.0,5264.0,6016.0,7034.0,8000.0,9147.0,10176.0,12873.0,14139.0,15565.0,16139.0,16979.0,17815.0,18292.0,18754.0,19530.0,19819.0,20206.0,20473.0,20929.0,21290.0,21690.0,21985.0,22299.0,22568.0,22901.0,23221.0,23581.0,23883.0,24267.0,24586.0,24938.0,25160.0,25525.0,25828.0,26170.0,26170.0,26726.0,27004.0,27274.0,27544.0,27941.0,28085.0,28373.0,28608.0,28915.0,29150.0,29412.0,29667.0,29924.0,30167.0,30474.0,30777.0,31071.0,31336.0,31676.0,32033.0,32427.0,32733.0,33196.0,33496.0,34115.0,34514.0,35236.0,35904.0,36754.0,37381.0,38240.0,38919.0,39781.0,40394.0,41093.0,41668.0,42400.0,42965.0,43635.0,44180.0,45006.0,45672.0,46678.0,47480.0,48665.0,49675.0,51113.0,52201.0,53752.0,54987.0,56696.0,57842.0,59653.0,60938.0,62635.0,63923.0,65521.0,66675.0,68198.0,69176.0,70569.0,71571.0,72920.0,73984.0,75533.0,76675.0,78431.0,79714.0,81436.0,82816.0,84488.0,85670.0,87029.0,87957.0,88837.0,89525.0,90120.0,90569.0,
40 - 44 años,M,,62.0,71.0,82.0,97.0,112.0,125.0,141.0,157.0,164.0,188.0,202.0,220.0,234.0,246.0,284.0,308.0,327.0,338.0,358.0,387.0,393.0,415.0,437.0,455.0,467.0,484.0,502.0,524.0,550.0,575.0,587.0,618.0,637.0,662.0,696.0,830.0,895.0,991.0,1125.0,1272.0,1481.0,1947.0,2259.0,2963.0,3598.0,4336.0,5006.0,5810.0,6615.0,7586.0,8427.0,10562.0,11641.0,12870.0,13351.0,14126.0,14831.0,15269.0,15730.0,16399.0,16655.0,16984.0,17231.0,17619.0,17946.0,18286.0,18531.0,18845.0,19095.0,19422.0,19680.0,20005.0,20229.0,20524.0,20795.0,21103.0,21267.0,21580.0,21841.0,22148.0,22148.0,22667.0,22906.0,23142.0,23384.0,23714.0,23842.0,24073.0,24243.0,24451.0,24645.0,24906.0,25074.0,25317.0,25495.0,25733.0,25992.0,26282.0,26488.0,26730.0,27010.0,27358.0,27611.0,28003.0,28269.0,28742.0,29059.0,29629.0,30132.0,30834.0,31402.0,32144.0,32697.0,33434.0,33982.0,34582.0,35060.0,35665.0,36156.0,36720.0,37177.0,37845.0,38419.0,39283.0,39970.0,40984.0,41758.0,42890.0,43839.0,45156.0,46177.0,47596.0,48618.0,50102.0,51194.0,52682.0,53815.0,55173.0,56127.0,57448.0,58251.0,59432.0,60247.0,61352.0,62232.0,63538.0,64420.0,65839.0,66840.0,68288.0,69388.0,70749.0,71706.0,72802.0,73535.0,74263.0,74832.0,75380.0,75802.0,
45 - 49 años,M,,47.0,55.0,69.0,86.0,95.0,108.0,125.0,139.0,151.0,171.0,192.0,206.0,221.0,234.0,274.0,289.0,303.0,326.0,342.0,357.0,363.0,386.0,407.0,432.0,446.0,461.0,481.0,489.0,506.0,535.0,559.0,580.0,596.0,609.0,632.0,769.0,839.0,923.0,1013.0,1177.0,1357.0,1791.0,2101.0,2845.0,3405.0,4143.0,4790.0,5583.0,6348.0,7305.0,8146.0,10289.0,11327.0,12469.0,12923.0,13692.0,14412.0,14857.0,15297.0,15952.0,16245.0,16603.0,16846.0,17240.0,17550.0,17929.0,18166.0,18439.0,18692.0,18969.0,19190.0,19525.0,19790.0,20108.0,20393.0,20670.0,20872.0,21182.0,21425.0,21740.0,21740.0,22173.0,22372.0,22618.0,22853.0,23197.0,23317.0,23540.0,23737.0,23951.0,24150.0,24348.0,24532.0,24763.0,24934.0,25188.0,25425.0,25674.0,25901.0,26166.0,26453.0,26775.0,27038.0,27397.0,27661.0,28135.0,28442.0,29045.0,29582.0,30229.0,30827.0,31582.0,32181.0,32866.0,33415.0,34039.0,34526.0,35123.0,35588.0,36121.0,36556.0,37191.0,37752.0,38613.0,39258.0,40267.0,41033.0,42215.0,43117.0,44445.0,45475.0,46864.0,47903.0,49377.0,50353.0,51817.0,52919.0,54233.0,55193.0,56405.0,57188.0,58202.0,58895.0,59849.0,60607.0,61655.0,62378.0,63440.0,64293.0,65456.0,66296.0,67353.0,68136.0,69078.0,69694.0,70361.0,70857.0,71344.0,71726.0,
50 - 54 años,M,,28.0,45.0,53.0,72.0,74.0,83.0,95.0,117.0,124.0,142.0,158.0,170.0,180.0,190.0,220.0,234.0,259.0,270.0,284.0,308.0,323.0,337.0,363.0,376.0,393.0,403.0,416.0,427.0,450.0,476.0,485.0,514.0,538.0,549.0,566.0,678.0,733.0,840.0,951.0,1082.0,1242.0,1638.0,1918.0,2643.0,3157.0,3837.0,4458.0,5240.0,5980.0,6926.0,7772.0,9839.0,10867.0,11944.0,12376.0,13105.0,13736.0,14132.0,14529.0,15162.0,15450.0,15790.0,16047.0,16388.0,16692.0,17037.0,17255.0,17532.0,17766.0,18064.0,18318.0,18611.0,18895.0,19176.0,19441.0,19709.0,19894.0,20176.0,20398.0,20699.0,20699.0,21201.0,21397.0,21624.0,21811.0,22090.0,22206.0,22431.0,22611.0,22829.0,23007.0,23210.0,23409.0,23649.0,23826.0,24053.0,24290.0,24559.0,24759.0,25022.0,25267.0,25585.0,25846.0,26222.0,26452.0,26914.0,27182.0,27716.0,28239.0,28906.0,29412.0,30120.0,30649.0,31343.0,31879.0,32466.0,32925.0,33516.0,33938.0,34515.0,34960.0,35622.0,36132.0,36902.0,37490.0,38447.0,39200.0,40289.0,41158.0,42323.0,43271.0,44512.0,45413.0,46813.0,47795.0,49121.0,50166.0,51286.0,52110.0,53102.0,53718.0,54551.0,55177.0,55940.0,56538.0,57298.0,57878.0,58777.0,59408.0,60242.0,60956.0,61868.0,62508.0,63349.0,63964.0,64521.0,65003.0,65434.0,65770.0,
55 - 59 años,M,,30.0,34.0,44.0,58.0,69.0,76.0,86.0,107.0,116.0,130.0,139.0,148.0,159.0,170.0,197.0,216.0,232.0,245.0,258.0,268.0,275.0,295.0,319.0,336.0,356.0,362.0,375.0,387.0,405.0,424.0,441.0,460.0,479.0,493.0,516.0,619.0,677.0,746.0,841.0,956.0,1115.0,1460.0,1710.0,2292.0,2775.0,3472.0,4083.0,4761.0,5436.0,6342.0,7244.0,9217.0,10188.0,11169.0,11605.0,12326.0,12947.0,13291.0,13650.0,14247.0,14505.0,14816.0,15071.0,15420.0,15706.0,16016.0,16235.0,16478.0,16700.0,16996.0,17225.0,17511.0,17750.0,18028.0,18250.0,18526.0,18707.0,18976.0,19226.0,19514.0,19514.0,19929.0,20144.0,20366.0,20550.0,20846.0,20947.0,21153.0,21334.0,21545.0,21732.0,21912.0,22113.0,22340.0,22513.0,22718.0,22917.0,23141.0,23355.0,23590.0,23812.0,24130.0,24383.0,24720.0,24963.0,25382.0,25649.0,26132.0,26549.0,27186.0,27713.0,28376.0,28876.0,29544.0,30042.0,30637.0,31076.0,31621.0,32051.0,32553.0,32955.0,33530.0,34020.0,34739.0,35361.0,36192.0,36908.0,37891.0,38720.0,39831.0,40717.0,41914.0,42758.0,44029.0,44916.0,46158.0,47017.0,48050.0,48740.0,49665.0,50264.0,50947.0,51437.0,52061.0,52568.0,53245.0,53780.0,54525.0,55095.0,55864.0,56552.0,57417.0,58046.0,58809.0,59343.0,59869.0,60313.0,60726.0,61057.0,
60 - 64 años,M,,18.0,26.0,31.0,39.0,52.0,56.0,65.0,78.0,83.0,91.0,107.0,110.0,115.0,126.0,145.0,155.0,171.0,182.0,190.0,201.0,214.0,224.0,239.0,258.0,270.0,274.0,282.0,290.0,305.0,314.0,327.0,337.0,346.0,359.0,377.0,434.0,480.0,550.0,621.0,716.0,840.0,1090.0,1305.0,1748.0,2079.0,2610.0,3053.0,3580.0,4084.0,4786.0,5378.0,6764.0,7494.0,8304.0,8618.0,9128.0,9647.0,9925.0,10193.0,10668.0,10858.0,11111.0,11297.0,11553.0,11746.0,11975.0,12163.0,12373.0,12558.0,12771.0,12975.0,13202.0,13397.0,13578.0,13754.0,13952.0,14107.0,14324.0,14512.0,14720.0,14720.0,15066.0,15210.0,15373.0,15511.0,15746.0,15838.0,15982.0,16125.0,16288.0,16423.0,16588.0,16730.0,16877.0,17010.0,17186.0,17340.0,17494.0,17670.0,17870.0,18037.0,18252.0,18458.0,18719.0,18921.0,19215.0,19451.0,19828.0,20171.0,20639.0,21024.0,21516.0,21907.0,22372.0,22738.0,23177.0,23521.0,23925.0,24256.0,24671.0,24989.0,25431.0,25817.0,26395.0,26849.0,27467.0,28019.0,28792.0,29365.0,30205.0,30815.0,31633.0,32281.0,33168.0,33788.0,34585.0,35100.0,35665.0,36087.0,36616.0,36977.0,37459.0,37817.0,38273.0,38679.0,39267.0,39703.0,40333.0,40829.0,41488.0,42040.0,42751.0,43278.0,43978.0,44464.0,44959.0,45344.0,45717.0,46019.0,
65 - 69 años,M,,14.0,18.0,23.0,27.0,34.0,38.0,45.0,50.0,55.0,63.0,70.0,75.0,82.0,91.0,101.0,110.0,119.0,125.0,130.0,135.0,144.0,151.0,160.0,172.0,179.0,182.0,193.0,200.0,211.0,226.0,234.0,241.0,248.0,256.0,268.0,319.0,342.0,376.0,412.0,468.0,530.0,663.0,772.0,1036.0,1239.0,1564.0,1829.0,2162.0,2481.0,2924.0,3296.0,4180.0,4657.0,5138.0,5367.0,5719.0,6038.0,6244.0,6451.0,6751.0,6878.0,7038.0,7142.0,7298.0,7427.0,7599.0,7712.0,7851.0,7973.0,8118.0,8240.0,8367.0,8496.0,8648.0,8785.0,8924.0,9018.0,9167.0,9282.0,9462.0,9462.0,9701.0,9798.0,9897.0,10033.0,10195.0,10250.0,10361.0,10449.0,10570.0,10667.0,10801.0,10878.0,10986.0,11077.0,11193.0,11309.0,11432.0,11523.0,11655.0,11768.0,11909.0,12030.0,12213.0,12360.0,12568.0,12746.0,13007.0,13230.0,13569.0,13825.0,14172.0,14437.0,14780.0,15028.0,15320.0,15547.0,15855.0,16079.0,16344.0,16549.0,16855.0,17102.0,17496.0,17805.0,18249.0,18577.0,19033.0,19377.0,19820.0,20190.0,20633.0,20935.0,21362.0,21667.0,22038.0,22336.0,22613.0,22854.0,23219.0,23468.0,23782.0,24021.0,24325.0,24617.0,24981.0,25240.0,25689.0,26051.0,26539.0,26921.0,27458.0,27879.0,28345.0,28692.0,29082.0,29392.0,29657.0,29880.0,
70 - 74 años,M,,16.0,21.0,23.0,26.0,27.0,30.0,31.0,41.0,43.0,48.0,57.0,61.0,67.0,73.0,86.0,92.0,100.0,106.0,108.0,112.0,118.0,127.0,132.0,140.0,152.0,157.0,159.0,161.0,165.0,168.0,171.0,174.0,178.0,182.0,189.0,210.0,225.0,241.0,267.0,296.0,355.0,445.0,534.0,711.0,856.0,1082.0,1316.0,1553.0,1776.0,2086.0,2353.0,2948.0,3232.0,3591.0,3764.0,3995.0,4228.0,4367.0,4515.0,4742.0,4847.0,4978.0,5059.0,5177.0,5286.0,5410.0,5504.0,5598.0,5681.0,5792.0,5874.0,5976.0,6083.0,6202.0,6289.0,6394.0,6483.0,6582.0,6658.0,6756.0,6756.0,6921.0,6996.0,7090.0,7161.0,7264.0,7305.0,7372.0,7451.0,7546.0,7603.0,7690.0,7756.0,7838.0,7890.0,7974.0,8028.0,8114.0,8188.0,8282.0,8377.0,8500.0,8580.0,8697.0,8782.0,8924.0,9023.0,9227.0,9403.0,9613.0,9800.0,10028.0,10215.0,10486.0,10680.0,10926.0,11090.0,11280.0,11467.0,11648.0,11803.0,12039.0,12229.0,12480.0,12703.0,12957.0,13181.0,13452.0,13687.0,13966.0,14164.0,14422.0,14597.0,14854.0,15008.0,15242.0,15443.0,15556.0,15744.0,15994.0,16177.0,16393.0,16559.0,16798.0,17005.0,17259.0,17453.0,17787.0,18022.0,18351.0,18649.0,18973.0,19238.0,19565.0,19831.0,20125.0,20355.0,20556.0,20743.0,
75 - 79 años,M,,8.0,8.0,9.0,12.0,15.0,18.0,19.0,25.0,27.0,35.0,43.0,46.0,48.0,50.0,60.0,66.0,70.0,74.0,77.0,80.0,81.0,88.0,93.0,99.0,103.0,108.0,115.0,120.0,127.0,131.0,133.0,140.0,143.0,144.0,154.0,169.0,175.0,194.0,208.0,225.0,255.0,321.0,371.0,484.0,589.0,757.0,875.0,1035.0,1200.0,1418.0,1608.0,2022.0,2248.0,2473.0,2582.0,2735.0,2911.0,2987.0,3072.0,3243.0,3304.0,3382.0,3438.0,3528.0,3598.0,3686.0,3760.0,3821.0,3894.0,3970.0,4034.0,4112.0,4194.0,4269.0,4325.0,4415.0,4478.0,4550.0,4617.0,4688.0,4688.0,4794.0,4851.0,4911.0,4974.0,5050.0,5085.0,5153.0,5207.0,5249.0,5289.0,5347.0,5401.0,5459.0,5502.0,5566.0,5614.0,5668.0,5722.0,5794.0,5859.0,5940.0,6016.0,6097.0,6145.0,6267.0,6347.0,6472.0,6574.0,6736.0,6843.0,7011.0,7158.0,7318.0,7452.0,7605.0,7711.0,7855.0,7963.0,8092.0,8201.0,8358.0,8513.0,8672.0,8840.0,9045.0,9174.0,9384.0,9544.0,9744.0,9860.0,10037.0,10165.0,10336.0,10464.0,10641.0,10782.0,10861.0,10965.0,11129.0,11244.0,11383.0,11498.0,11672.0,11818.0,12024.0,12165.0,12392.0,12553.0,12759.0,12938.0,13178.0,13376.0,13634.0,13812.0,13992.0,14154.0,14318.0,14461.0,
80 y más años,M,,6.0,9.0,9.0,13.0,14.0,15.0,18.0,22.0,25.0,27.0,31.0,37.0,40.0,46.0,54.0,59.0,65.0,74.0,78.0,80.0,84.0,92.0,97.0,101.0,105.0,111.0,116.0,116.0,124.0,127.0,129.0,137.0,145.0,156.0,170.0,196.0,207.0,229.0,245.0,269.0,304.0,382.0,430.0,558.0,681.0,844.0,1001.0,1189.0,1372.0,1659.0,1868.0,2334.0,2613.0,2904.0,3028.0,3240.0,3445.0,3581.0,3718.0,3919.0,4024.0,4124.0,4191.0,4270.0,4360.0,4458.0,4548.0,4629.0,4712.0,4819.0,4912.0,5030.0,5118.0,5196.0,5265.0,5344.0,5393.0,5508.0,5574.0,5676.0,5676.0,5850.0,5915.0,5980.0,6052.0,6155.0,6188.0,6251.0,6322.0,6399.0,6470.0,6542.0,6598.0,6650.0,6695.0,6749.0,6790.0,6853.0,6905.0,6964.0,7033.0,7111.0,7186.0,7272.0,7338.0,7452.0,7566.0,7698.0,7833.0,7998.0,8133.0,8324.0,8461.0,8659.0,8792.0,8969.0,9090.0,9256.0,9370.0,9510.0,9628.0,9827.0,10039.0,10275.0,10458.0,10678.0,10858.0,11082.0,11264.0,11487.0,11639.0,11858.0,12042.0,12268.0,12400.0,12640.0,12814.0,12857.0,12958.0,13137.0,13297.0,13466.0,13589.0,13781.0,13914.0,14109.0,14284.0,14543.0,14744.0,15010.0,15241.0,15485.0,15704.0,15961.0,16152.0,16378.0,16575.0,16750.0,16895.0,
00 - 04 años,F,,6.0,7.0,7.0,9.0,10.0,10.0,12.0,12.0,12.0,13.0,13.0,13.0,15.0,16.0,21.0,27.0,30.0,32.0,36.0,39.0,41.0,46.0,55.0,60.0,65.0,69.0,71.0,82.0,85.0,92.0,99.0,107.0,110.0,117.0,123.0,156.0,179.0,199.0,241.0,275.0,321.0,440.0,522.0,686.0,772.0,933.0,1039.0,1182.0,1246.0,1380.0,1477.0,1903.0,2095.0,2304.0,2393.0,2580.0,2772.0,2879.0,2990.0,3141.0,3198.0,3287.0,3349.0,3489.0,3571.0,3702.0,3794.0,3895.0,3986.0,4115.0,4202.0,4313.0,4407.0,4525.0,4590.0,4722.0,4791.0,4896.0,4995.0,5098.0,5098.0,5283.0,5368.0,5444.0,5527.0,5644.0,5681.0,5765.0,5830.0,5911.0,5985.0,6074.0,6151.0,6220.0,6264.0,6350.0,6428.0,6516.0,6572.0,6653.0,6727.0,6830.0,6905.0,6998.0,7065.0,7190.0,7267.0,7411.0,7539.0,7709.0,7832.0,8025.0,8150.0,8301.0,8438.0,8570.0,8677.0,8823.0,8957.0,9080.0,9209.0,9352.0,9501.0,9713.0,9874.0,10141.0,10333.0,10604.0,10834.0,11158.0,11419.0,11792.0,12062.0,12523.0,12824.0,13232.0,13548.0,13913.0,14201.0,14600.0,14891.0,15226.0,15446.0,15765.0,16060.0,16449.0,16732.0,17163.0,17469.0,17863.0,18191.0,18620.0,18931.0,19271.0,19531.0,19804.0,20022.0,20225.0,20406.0,
05 - 09 años,F,,4.0,5.0,5.0,6.0,9.0,9.0,11.0,12.0,12.0,15.0,15.0,16.0,16.0,18.0,23.0,30.0,31.0,33.0,35.0,37.0,38.0,40.0,44.0,48.0,53.0,55.0,59.0,67.0,73.0,76.0,77.0,81.0,89.0,95.0,95.0,123.0,132.0,148.0,171.0,194.0,231.0,333.0,408.0,537.0,603.0,709.0,788.0,883.0,948.0,1050.0,1124.0,1483.0,1657.0,1868.0,1953.0,2087.0,2240.0,2353.0,2450.0,2580.0,2631.0,2705.0,2787.0,2919.0,3030.0,3165.0,3255.0,3349.0,3456.0,3576.0,3662.0,3773.0,3876.0,3990.0,4072.0,4177.0,4260.0,4371.0,4454.0,4583.0,4583.0,4766.0,4849.0,4926.0,5009.0,5131.0,5177.0,5277.0,5370.0,5444.0,5515.0,5610.0,5689.0,5769.0,5841.0,5937.0,6008.0,6084.0,6155.0,6251.0,6346.0,6453.0,6529.0,6643.0,6713.0,6849.0,6952.0,7114.0,7264.0,7447.0,7598.0,7779.0,7964.0,8207.0,8366.0,8529.0,8659.0,8794.0,8935.0,9100.0,9238.0,9425.0,9624.0,9864.0,10098.0,10408.0,10649.0,11041.0,11350.0,11722.0,12080.0,12477.0,12779.0,13343.0,13730.0,14220.0,14627.0,15098.0,15454.0,15949.0,16316.0,16773.0,17109.0,17557.0,17988.0,18552.0,18901.0,19439.0,19879.0,20420.0,20844.0,21363.0,21757.0,22222.0,22560.0,22872.0,23185.0,23468.0,23693.0,
10 - 14 años,F,,2.0,3.0,4.0,6.0,6.0,9.0,12.0,13.0,15.0,17.0,20.0,20.0,23.0,25.0,34.0,36.0,39.0,42.0,44.0,48.0,48.0,50.0,54.0,57.0,62.0,67.0,71.0,79.0,86.0,89.0,97.0,104.0,113.0,117.0,128.0,155.0,169.0,197.0,226.0,255.0,300.0,403.0,451.0,587.0,690.0,825.0,923.0,1051.0,1137.0,1284.0,1383.0,1827.0,2060.0,2346.0,2453.0,2625.0,2815.0,2937.0,3090.0,3237.0,3329.0,3411.0,3475.0,3635.0,3752.0,3901.0,4008.0,4121.0,4235.0,4376.0,4481.0,4612.0,4719.0,4862.0,4990.0,5142.0,5227.0,5382.0,5530.0,5716.0,5716.0,5944.0,6032.0,6151.0,6250.0,6402.0,6465.0,6570.0,6667.0,6779.0,6866.0,6962.0,7064.0,7180.0,7300.0,7418.0,7521.0,7642.0,7750.0,7868.0,7991.0,8128.0,8252.0,8405.0,8511.0,8731.0,8892.0,9116.0,9368.0,9640.0,9848.0,10135.0,10356.0,10635.0,10852.0,11089.0,11293.0,11520.0,11728.0,11964.0,12168.0,12516.0,12804.0,13207.0,13521.0,13952.0,14303.0,14806.0,15251.0,15783.0,16336.0,17002.0,17481.0,18245.0,18789.0,19578.0,20127.0,20848.0,21372.0,22092.0,22628.0,23290.0,23751.0,24407.0,24940.0,25711.0,26205.0,27002.0,27656.0,28491.0,29122.0,29919.0,30516.0,31230.0,31762.0,32268.0,32688.0,33118.0,33440.0,
15 - 19 años,F,,12.0,14.0,16.0,17.0,20.0,25.0,29.0,32.0,35.0,43.0,48.0,52.0,56.0,64.0,78.0,85.0,89.0,99.0,104.0,108.0,113.0,121.0,131.0,136.0,142.0,152.0,159.0,167.0,178.0,190.0,199.0,209.0,224.0,230.0,239.0,279.0,311.0,349.0,386.0,432.0,490.0,659.0,781.0,1016.0,1228.0,1484.0,1754.0,2001.0,2185.0,2480.0,2715.0,3718.0,4117.0,4627.0,4834.0,5188.0,5509.0,5734.0,5947.0,6217.0,6342.0,6489.0,6604.0,6883.0,7070.0,7316.0,7467.0,7658.0,7838.0,8049.0,8211.0,8430.0,8604.0,8818.0,8975.0,9172.0,9334.0,9560.0,9740.0,9948.0,9948.0,10330.0,10499.0,10686.0,10832.0,11055.0,11147.0,11303.0,11467.0,11651.0,11799.0,11967.0,12118.0,12313.0,12472.0,12665.0,12837.0,13011.0,13169.0,13385.0,13548.0,13815.0,14003.0,14254.0,14414.0,14749.0,15030.0,15490.0,15915.0,16468.0,16871.0,17432.0,17858.0,18393.0,18773.0,19231.0,19570.0,20009.0,20390.0,20824.0,21192.0,21748.0,22230.0,22907.0,23463.0,24254.0,24881.0,25766.0,26568.0,27469.0,28262.0,29290.0,30061.0,31263.0,32103.0,33269.0,34115.0,35199.0,36017.0,37065.0,37778.0,38685.0,39432.0,40449.0,41266.0,42391.0,43183.0,44388.0,45385.0,46646.0,47660.0,48937.0,49867.0,50972.0,51791.0,52556.0,53115.0,53693.0,54143.0,
20 - 24 años,F,,43.0,50.0,54.0,60.0,66.0,66.0,77.0,93.0,101.0,119.0,130.0,138.0,144.0,150.0,177.0,205.0,217.0,230.0,239.0,253.0,264.0,284.0,297.0,316.0,339.0,356.0,374.0,391.0,404.0,426.0,444.0,475.0,496.0,512.0,537.0,652.0,706.0,783.0,876.0,979.0,1155.0,1483.0,1735.0,2319.0,2821.0,3454.0,4005.0,4684.0,5289.0,6131.0,6852.0,9144.0,10152.0,11208.0,11638.0,12323.0,12980.0,13388.0,13840.0,14441.0,14719.0,14990.0,15236.0,15667.0,16009.0,16405.0,16692.0,17027.0,17356.0,17770.0,18084.0,18472.0,18787.0,19161.0,19452.0,19822.0,20065.0,20435.0,20787.0,21184.0,21184.0,21742.0,22011.0,22290.0,22538.0,22933.0,23113.0,23416.0,23679.0,23958.0,24207.0,24503.0,24738.0,25035.0,25248.0,25556.0,25819.0,26076.0,26321.0,26629.0,26951.0,27361.0,27716.0,28135.0,28441.0,29016.0,29444.0,30230.0,30974.0,31861.0,32557.0,33469.0,34159.0,35007.0,35669.0,36381.0,36945.0,37659.0,38232.0,38955.0,39553.0,40515.0,41316.0,42417.0,43350.0,44665.0,45756.0,47245.0,48414.0,49955.0,51208.0,52836.0,54049.0,55873.0,57172.0,58948.0,60306.0,61900.0,63103.0,64684.0,65799.0,67162.0,68193.0,69529.0,70717.0,72339.0,73559.0,75359.0,76893.0,78800.0,80305.0,82148.0,83531.0,85067.0,86143.0,87143.0,87949.0,88727.0,89287.0,
25 - 29 años,F,,65.0,77.0,91.0,109.0,118.0,131.0,151.0,172.0,182.0,222.0,247.0,266.0,281.0,298.0,344.0,372.0,403.0,432.0,458.0,477.0,494.0,518.0,543.0,574.0,599.0,622.0,660.0,696.0,725.0,750.0,781.0,805.0,838.0,869.0,915.0,1062.0,1138.0,1271.0,1428.0,1615.0,1854.0,2503.0,2956.0,3931.0,4645.0,5731.0,6687.0,7689.0,8710.0,10131.0,11231.0,14731.0,16213.0,17766.0,18388.0,19455.0,20400.0,21027.0,21659.0,22586.0,22973.0,23413.0,23734.0,24349.0,24810.0,25340.0,25739.0,26188.0,26628.0,27183.0,27565.0,28136.0,28533.0,29024.0,29379.0,29818.0,30114.0,30569.0,30972.0,31448.0,31448.0,32178.0,32543.0,32929.0,33268.0,33782.0,33992.0,34372.0,34653.0,34989.0,35294.0,35700.0,36000.0,36399.0,36717.0,37065.0,37403.0,37787.0,38107.0,38510.0,38988.0,39496.0,39936.0,40518.0,40911.0,41693.0,42214.0,43260.0,44134.0,45189.0,46071.0,47208.0,48111.0,49119.0,49913.0,50773.0,51495.0,52339.0,53013.0,53850.0,54512.0,55527.0,56480.0,57828.0,58931.0,60569.0,61825.0,63597.0,65043.0,66884.0,68306.0,70225.0,71601.0,73737.0,75251.0,77289.0,78762.0,80652.0,81979.0,83810.0,84960.0,86504.0,87747.0,89415.0,90854.0,92787.0,94193.0,96333.0,97961.0,100124.0,101842.0,104026.0,105528.0,107293.0,108498.0,109756.0,110659.0,111534.0,112194.0,
30 - 34 años,F,,80.0,98.0,113.0,131.0,144.0,160.0,179.0,205.0,221.0,254.0,267.0,281.0,297.0,309.0,357.0,378.0,413.0,440.0,470.0,494.0,515.0,550.0,575.0,603.0,635.0,659.0,682.0,707.0,731.0,756.0,776.0,816.0,840.0,864.0,901.0,1064.0,1140.0,1255.0,1392.0,1539.0,1773.0,2328.0,2691.0,3710.0,4383.0,5399.0,6293.0,7348.0,8336.0,9643.0,10729.0,13729.0,15087.0,16546.0,17197.0,18140.0,19130.0,19698.0,20193.0,21054.0,21405.0,21813.0,22140.0,22679.0,23118.0,23660.0,23985.0,24413.0,24821.0,25301.0,25694.0,26212.0,26623.0,27075.0,27462.0,27872.0,28163.0,28596.0,28957.0,29398.0,29398.0,30064.0,30395.0,30753.0,31045.0,31528.0,31735.0,32082.0,32388.0,32720.0,32982.0,33295.0,33598.0,33933.0,34244.0,34601.0,34942.0,35309.0,35598.0,35998.0,36364.0,36865.0,37266.0,37817.0,38197.0,39004.0,39521.0,40425.0,41189.0,42174.0,43024.0,44077.0,44907.0,45946.0,46660.0,47533.0,48209.0,49097.0,49795.0,50605.0,51289.0,52382.0,53221.0,54501.0,55516.0,57005.0,58176.0,59936.0,61265.0,63010.0,64447.0,66409.0,67710.0,69622.0,71039.0,72927.0,74295.0,76083.0,77327.0,79089.0,80286.0,81833.0,82967.0,84563.0,85920.0,87813.0,89151.0,91218.0,92830.0,94918.0,96624.0,98651.0,100095.0,101747.0,102866.0,104021.0,104891.0,105798.0,106401.0,
35 - 39 años,F,,79.0,95.0,103.0,115.0,124.0,129.0,149.0,163.0,181.0,206.0,228.0,252.0,263.0,277.0,316.0,334.0,358.0,382.0,392.0,419.0,428.0,459.0,488.0,514.0,552.0,570.0,596.0,610.0,636.0,656.0,680.0,708.0,728.0,751.0,776.0,904.0,957.0,1030.0,1144.0,1268.0,1453.0,1884.0,2163.0,2924.0,3551.0,4311.0,5000.0,5866.0,6646.0,7682.0,8522.0,11028.0,12097.0,13271.0,13770.0,14520.0,15286.0,15724.0,16156.0,16818.0,17099.0,17424.0,17669.0,18125.0,18468.0,18873.0,19115.0,19507.0,19832.0,20223.0,20507.0,20871.0,21171.0,21491.0,21815.0,22135.0,22340.0,22694.0,23003.0,23392.0,23392.0,23921.0,24173.0,24432.0,24703.0,25094.0,25243.0,25530.0,25772.0,26027.0,26272.0,26569.0,26774.0,27052.0,27245.0,27515.0,27788.0,28094.0,28337.0,28652.0,28954.0,29357.0,29676.0,30119.0,30416.0,31011.0,31425.0,32171.0,32761.0,33595.0,34200.0,35139.0,35764.0,36549.0,37157.0,37887.0,38424.0,39073.0,39610.0,40257.0,40804.0,41668.0,42383.0,43434.0,44276.0,45512.0,46495.0,47865.0,48991.0,50421.0,51551.0,53133.0,54233.0,55968.0,57149.0,58766.0,59858.0,61329.0,62367.0,63778.0,64746.0,66011.0,66987.0,68336.0,69398.0,70904.0,72034.0,73835.0,75090.0,76821.0,78082.0,79680.0,80871.0,82222.0,83215.0,84137.0,84846.0,85504.0,86058.0,
40 - 44 años,F,,63.0,82.0,90.0,95.0,108.0,113.0,125.0,154.0,160.0,180.0,194.0,209.0,217.0,232.0,272.0,290.0,314.0,329.0,342.0,369.0,387.0,414.0,446.0,472.0,493.0,513.0,523.0,533.0,548.0,568.0,585.0,611.0,626.0,641.0,664.0,762.0,819.0,907.0,1005.0,1119.0,1247.0,1597.0,1859.0,2440.0,2984.0,3574.0,4170.0,4844.0,5466.0,6309.0,7062.0,9132.0,10081.0,11115.0,11528.0,12174.0,12823.0,13199.0,13607.0,14221.0,14441.0,14745.0,14980.0,15352.0,15636.0,16024.0,16256.0,16560.0,16813.0,17122.0,17391.0,17720.0,17992.0,18286.0,18564.0,18812.0,19012.0,19304.0,19573.0,19868.0,19868.0,20343.0,20535.0,20781.0,20985.0,21334.0,21459.0,21671.0,21882.0,22090.0,22254.0,22472.0,22670.0,22894.0,23100.0,23344.0,23595.0,23869.0,24087.0,24372.0,24617.0,25001.0,25296.0,25697.0,25927.0,26419.0,26723.0,27320.0,27856.0,28588.0,29126.0,29907.0,30493.0,31192.0,31725.0,32362.0,32852.0,33459.0,33918.0,34471.0,34958.0,35757.0,36346.0,37293.0,38028.0,39090.0,39920.0,41150.0,42115.0,43440.0,44432.0,45803.0,46768.0,48287.0,49272.0,50677.0,51685.0,52890.0,53894.0,55167.0,55978.0,57033.0,57828.0,58936.0,59847.0,61165.0,62156.0,63507.0,64630.0,66054.0,67124.0,68448.0,69437.0,70582.0,71378.0,72112.0,72715.0,73289.0,73749.0,
45 - 49 años,F,,48.0,60.0,69.0,79.0,92.0,105.0,120.0,134.0,141.0,156.0,174.0,196.0,204.0,214.0,249.0,266.0,283.0,304.0,319.0,338.0,345.0,367.0,394.0,422.0,449.0,468.0,473.0,483.0,498.0,516.0,530.0,548.0,562.0,580.0,605.0,677.0,734.0,804.0,886.0,988.0,1134.0,1486.0,1734.0,2426.0,2951.0,3612.0,4184.0,4955.0,5666.0,6567.0,7373.0,9685.0,10661.0,11658.0,12108.0,12801.0,13459.0,13864.0,14264.0,14830.0,15114.0,15419.0,15642.0,16037.0,16324.0,16709.0,16941.0,17246.0,17474.0,17780.0,18035.0,18364.0,18620.0,18920.0,19166.0,19459.0,19643.0,19978.0,20242.0,20591.0,20591.0,21093.0,21319.0,21557.0,21796.0,22125.0,22273.0,22514.0,22728.0,22943.0,23156.0,23373.0,23584.0,23826.0,24028.0,24268.0,24479.0,24750.0,24983.0,25261.0,25526.0,25868.0,26119.0,26498.0,26732.0,27241.0,27580.0,28185.0,28734.0,29399.0,29959.0,30745.0,31284.0,32038.0,32652.0,33278.0,33776.0,34413.0,34876.0,35464.0,35981.0,36686.0,37297.0,38191.0,38914.0,39970.0,40825.0,42044.0,43069.0,44296.0,45364.0,46694.0,47666.0,49133.0,50210.0,51621.0,52650.0,53887.0,54765.0,55950.0,56761.0,57748.0,58495.0,59485.0,60283.0,61412.0,62169.0,63340.0,64255.0,65362.0,66252.0,67379.0,68218.0,69251.0,69934.0,70651.0,71182.0,71692.0,72116.0,
50 - 54 años,F,,33.0,46.0,54.0,67.0,71.0,79.0,89.0,110.0,119.0,139.0,154.0,172.0,180.0,194.0,237.0,251.0,271.0,282.0,294.0,315.0,317.0,336.0,357.0,375.0,392.0,406.0,416.0,433.0,450.0,466.0,484.0,505.0,520.0,529.0,548.0,645.0,683.0,757.0,820.0,902.0,1012.0,1340.0,1553.0,2170.0,2619.0,3276.0,3822.0,4492.0,5148.0,6028.0,6858.0,8966.0,9926.0,10969.0,11391.0,12066.0,12709.0,13121.0,13497.0,14112.0,14359.0,14685.0,14900.0,15247.0,15547.0,15897.0,16116.0,16405.0,16663.0,16986.0,17240.0,17529.0,17799.0,18081.0,18321.0,18629.0,18803.0,19145.0,19415.0,19705.0,19705.0,20164.0,20377.0,20607.0,20839.0,21181.0,21296.0,21523.0,21736.0,21961.0,22158.0,22399.0,22579.0,22791.0,22987.0,23251.0,23478.0,23707.0,23926.0,24198.0,24462.0,24826.0,25109.0,25483.0,25732.0,26183.0,26528.0,27122.0,27653.0,28296.0,28869.0,29649.0,30161.0,30951.0,31470.0,32058.0,32515.0,33116.0,33582.0,34170.0,34668.0,35378.0,36004.0,36834.0,37558.0,38539.0,39341.0,40488.0,41425.0,42678.0,43611.0,44839.0,45759.0,47222.0,48201.0,49527.0,50519.0,51611.0,52453.0,53425.0,54092.0,54910.0,55547.0,56390.0,57029.0,57888.0,58461.0,59408.0,60150.0,61193.0,61963.0,62992.0,63672.0,64564.0,65172.0,65807.0,66341.0,66860.0,67278.0,
55 - 59 años,F,,28.0,37.0,39.0,54.0,58.0,66.0,78.0,89.0,94.0,110.0,124.0,130.0,143.0,153.0,185.0,202.0,213.0,225.0,232.0,243.0,258.0,283.0,302.0,321.0,336.0,351.0,365.0,373.0,388.0,403.0,419.0,434.0,454.0,465.0,488.0,565.0,616.0,680.0,749.0,828.0,945.0,1236.0,1443.0,1973.0,2381.0,2940.0,3454.0,4062.0,4661.0,5460.0,6175.0,8106.0,8959.0,9876.0,10279.0,10934.0,11536.0,11880.0,12269.0,12800.0,13016.0,13289.0,13520.0,13828.0,14127.0,14460.0,14670.0,14980.0,15236.0,15543.0,15772.0,16070.0,16297.0,16601.0,16832.0,17094.0,17261.0,17556.0,17810.0,18116.0,18116.0,18546.0,18723.0,18954.0,19141.0,19487.0,19610.0,19816.0,19992.0,20195.0,20374.0,20595.0,20769.0,21025.0,21181.0,21404.0,21621.0,21826.0,22018.0,22265.0,22529.0,22848.0,23086.0,23422.0,23670.0,24143.0,24475.0,25036.0,25527.0,26158.0,26636.0,27360.0,27904.0,28593.0,29072.0,29625.0,30093.0,30647.0,31072.0,31599.0,32042.0,32749.0,33308.0,34104.0,34766.0,35690.0,36408.0,37432.0,38279.0,39485.0,40391.0,41575.0,42379.0,43585.0,44501.0,45642.0,46476.0,47390.0,48079.0,48895.0,49464.0,50137.0,50679.0,51376.0,51942.0,52709.0,53255.0,54097.0,54799.0,55788.0,56528.0,57486.0,58203.0,59085.0,59651.0,60250.0,60758.0,61223.0,61603.0,
60 - 64 años,F,,27.0,34.0,38.0,47.0,50.0,53.0,61.0,70.0,78.0,90.0,99.0,105.0,113.0,124.0,138.0,148.0,155.0,166.0,175.0,188.0,199.0,211.0,220.0,234.0,245.0,251.0,257.0,265.0,273.0,287.0,292.0,297.0,304.0,317.0,328.0,365.0,394.0,439.0,480.0,555.0,650.0,867.0,1002.0,1371.0,1616.0,2025.0,2407.0,2815.0,3221.0,3799.0,4299.0,5626.0,6232.0,6861.0,7149.0,7632.0,8096.0,8376.0,8621.0,9062.0,9213.0,9423.0,9600.0,9865.0,10066.0,10299.0,10466.0,10674.0,10856.0,11058.0,11247.0,11490.0,11696.0,11894.0,12086.0,12305.0,12433.0,12653.0,12822.0,13035.0,13035.0,13373.0,13532.0,13673.0,13824.0,14087.0,14180.0,14332.0,14481.0,14639.0,14793.0,14971.0,15101.0,15264.0,15398.0,15593.0,15745.0,15925.0,16084.0,16269.0,16437.0,16685.0,16887.0,17148.0,17351.0,17691.0,17935.0,18361.0,18752.0,19229.0,19577.0,20104.0,20496.0,20982.0,21366.0,21781.0,22148.0,22562.0,22908.0,23299.0,23657.0,24106.0,24560.0,25136.0,25583.0,26277.0,26815.0,27590.0,28206.0,28989.0,29598.0,30423.0,31026.0,31913.0,32481.0,33249.0,33731.0,34270.0,34710.0,35258.0,35650.0,36159.0,36534.0,37045.0,37498.0,38136.0,38586.0,39295.0,39843.0,40593.0,41225.0,42001.0,42575.0,43276.0,43786.0,44343.0,44765.0,45174.0,45516.0,
65 - 69 años,F,,10.0,13.0,20.0,25.0,29.0,35.0,38.0,45.0,48.0,52.0,60.0,64.0,67.0,74.0,84.0,89.0,99.0,111.0,116.0,119.0,129.0,140.0,147.0,155.0,160.0,166.0,169.0,178.0,182.0,190.0,195.0,208.0,217.0,224.0,233.0,269.0,287.0,315.0,351.0,399.0,450.0,570.0,669.0,906.0,1087.0,1316.0,1547.0,1821.0,2094.0,2502.0,2807.0,3680.0,4074.0,4506.0,4704.0,5003.0,5308.0,5502.0,5706.0,6015.0,6133.0,6287.0,6394.0,6544.0,6676.0,6828.0,6964.0,7128.0,7268.0,7420.0,7541.0,7693.0,7818.0,7966.0,8084.0,8238.0,8328.0,8495.0,8613.0,8771.0,8771.0,9010.0,9116.0,9227.0,9343.0,9514.0,9573.0,9673.0,9782.0,9897.0,9995.0,10089.0,10194.0,10316.0,10413.0,10521.0,10631.0,10746.0,10833.0,10954.0,11067.0,11224.0,11347.0,11501.0,11617.0,11838.0,12013.0,12333.0,12582.0,12962.0,13246.0,13583.0,13866.0,14214.0,14450.0,14779.0,15052.0,15342.0,15590.0,15850.0,16085.0,16400.0,16673.0,17069.0,17385.0,17817.0,18173.0,18623.0,19017.0,19486.0,19846.0,20330.0,20650.0,21069.0,21366.0,21802.0,22128.0,22451.0,22748.0,23148.0,23423.0,23774.0,24043.0,24411.0,24727.0,25159.0,25467.0,25925.0,26320.0,26812.0,27248.0,27817.0,28247.0,28738.0,29093.0,29482.0,29784.0,30089.0,30324.0,
70 - 74 años,F,,7.0,11.0,13.0,16.0,20.0,22.0,25.0,32.0,33.0,43.0,50.0,56.0,58.0,60.0,69.0,74.0,82.0,87.0,94.0,95.0,100.0,110.0,118.0,127.0,133.0,137.0,141.0,143.0,145.0,149.0,153.0,157.0,169.0,173.0,187.0,220.0,229.0,256.0,274.0,300.0,340.0,446.0,509.0,672.0,785.0,965.0,1178.0,1406.0,1601.0,1908.0,2155.0,2813.0,3103.0,3428.0,3558.0,3772.0,4040.0,4173.0,4316.0,4533.0,4624.0,4738.0,4822.0,4943.0,5051.0,5176.0,5264.0,5361.0,5454.0,5552.0,5637.0,5756.0,5859.0,5988.0,6076.0,6173.0,6237.0,6339.0,6449.0,6563.0,6563.0,6731.0,6828.0,6893.0,7002.0,7121.0,7169.0,7241.0,7318.0,7419.0,7484.0,7554.0,7633.0,7712.0,7788.0,7867.0,7939.0,8033.0,8125.0,8223.0,8337.0,8457.0,8573.0,8708.0,8802.0,8964.0,9093.0,9274.0,9483.0,9741.0,9943.0,10201.0,10405.0,10695.0,10898.0,11116.0,11300.0,11519.0,11682.0,11886.0,12044.0,12289.0,12504.0,12778.0,13025.0,13345.0,13567.0,13885.0,14155.0,14456.0,14705.0,14988.0,15210.0,15514.0,15772.0,16075.0,16289.0,16469.0,16672.0,16931.0,17119.0,17329.0,17544.0,17804.0,18011.0,18323.0,18556.0,18875.0,19145.0,19519.0,19854.0,20247.0,20559.0,20919.0,21182.0,21448.0,21693.0,21903.0,22072.0,
75 - 79 años,F,,7.0,8.0,11.0,13.0,13.0,14.0,17.0,22.0,24.0,29.0,35.0,39.0,41.0,42.0,48.0,52.0,57.0,61.0,64.0,64.0,67.0,71.0,79.0,85.0,92.0,95.0,100.0,104.0,107.0,113.0,115.0,121.0,126.0,128.0,134.0,147.0,158.0,186.0,203.0,231.0,258.0,329.0,371.0,505.0,592.0,744.0,880.0,1039.0,1194.0,1415.0,1621.0,2122.0,2339.0,2575.0,2690.0,2858.0,3050.0,3153.0,3255.0,3452.0,3539.0,3630.0,3707.0,3800.0,3883.0,3984.0,4061.0,4142.0,4206.0,4303.0,4378.0,4468.0,4557.0,4635.0,4689.0,4763.0,4814.0,4914.0,4975.0,5063.0,5063.0,5219.0,5286.0,5349.0,5421.0,5512.0,5542.0,5607.0,5673.0,5747.0,5800.0,5866.0,5917.0,5967.0,6029.0,6086.0,6143.0,6211.0,6259.0,6324.0,6414.0,6507.0,6576.0,6656.0,6722.0,6843.0,6936.0,7077.0,7231.0,7429.0,7563.0,7754.0,7924.0,8132.0,8261.0,8432.0,8580.0,8731.0,8846.0,9003.0,9129.0,9302.0,9470.0,9692.0,9882.0,10098.0,10267.0,10494.0,10672.0,10876.0,11043.0,11261.0,11400.0,11631.0,11802.0,12045.0,12228.0,12361.0,12497.0,12710.0,12857.0,13023.0,13172.0,13358.0,13542.0,13745.0,13905.0,14126.0,14365.0,14636.0,14853.0,15134.0,15358.0,15605.0,15809.0,16027.0,16184.0,16344.0,16485.0,
80 y más años,F,,2.0,2.0,3.0,7.0,9.0,11.0,13.0,17.0,19.0,26.0,30.0,31.0,37.0,41.0,58.0,72.0,88.0,95.0,101.0,107.0,113.0,117.0,124.0,137.0,148.0,160.0,168.0,172.0,180.0,193.0,197.0,208.0,224.0,231.0,249.0,293.0,304.0,338.0,377.0,419.0,485.0,597.0,678.0,857.0,1011.0,1291.0,1525.0,1781.0,2054.0,2523.0,2846.0,3769.0,4191.0,4640.0,4819.0,5080.0,5441.0,5631.0,5837.0,6171.0,6324.0,6482.0,6583.0,6742.0,6858.0,7015.0,7122.0,7269.0,7375.0,7531.0,7632.0,7789.0,7925.0,8080.0,8208.0,8341.0,8440.0,8609.0,8729.0,8867.0,8867.0,9160.0,9237.0,9343.0,9447.0,9581.0,9628.0,9702.0,9812.0,9927.0,10017.0,10127.0,10227.0,10311.0,10397.0,10479.0,10573.0,10665.0,10759.0,10864.0,11022.0,11152.0,11262.0,11394.0,11484.0,11670.0,11818.0,12028.0,12238.0,12466.0,12663.0,12898.0,13120.0,13372.0,13594.0,13857.0,14049.0,14283.0,14476.0,14692.0,14855.0,15131.0,15417.0,15711.0,15963.0,16313.0,16622.0,16999.0,17302.0,17580.0,17829.0,18162.0,18410.0,18755.0,19000.0,19386.0,19660.0,19732.0,19932.0,20200.0,20448.0,20670.0,20871.0,21142.0,21392.0,21745.0,21985.0,22338.0,22622.0,23025.0,23359.0,23749.0,24050.0,24492.0,24772.0,25093.0,25367.0,25635.0,25858.0,
00 - 04 años,M,CONFIRMADA,,,,,,,,,,,,,,,,,,,,,,,,,,,,,,,,,,,,,,,,,,,,,,,,,,,,,,,,,,,,,,,,,,,,,,,,,,,,,,,,,,,,,,,,,,,,,,,,,,,,,,,,,,,,,,,,,,,,,,,,,,,,,,,,,,,,,,,,,,,,,,,,,,,,,,,,,,,,,,,,15291.0
05 - 09 años,M,CONFIRMADA,,,,,,,,,,,,,,,,,,,,,,,,,,,,,,,,,,,,,,,,,,,,,,,,,,,,,,,,,,,,,,,,,,,,,,,,,,,,,,,,,,,,,,,,,,,,,,,,,,,,,,,,,,,,,,,,,,,,,,,,,,,,,,,,,,,,,,,,,,,,,,,,,,,,,,,,,,,,,,,,17076.0
10 - 14 años,M,CONFIRMADA,,,,,,,,,,,,,,,,,,,,,,,,,,,,,,,,,,,,,,,,,,,,,,,,,,,,,,,,,,,,,,,,,,,,,,,,,,,,,,,,,,,,,,,,,,,,,,,,,,,,,,,,,,,,,,,,,,,,,,,,,,,,,,,,,,,,,,,,,,,,,,,,,,,,,,,,,,,,,,,,23919.0
15 - 19 años,M,CONFIRMADA,,,,,,,,,,,,,,,,,,,,,,,,,,,,,,,,,,,,,,,,,,,,,,,,,,,,,,,,,,,,,,,,,,,,,,,,,,,,,,,,,,,,,,,,,,,,,,,,,,,,,,,,,,,,,,,,,,,,,,,,,,,,,,,,,,,,,,,,,,,,,,,,,,,,,,,,,,,,,,,,38596.0
20 - 24 años,M,CONFIRMADA,,,,,,,,,,,,,,,,,,,,,,,,,,,,,,,,,,,,,,,,,,,,,,,,,,,,,,,,,,,,,,,,,,,,,,,,,,,,,,,,,,,,,,,,,,,,,,,,,,,,,,,,,,,,,,,,,,,,,,,,,,,,,,,,,,,,,,,,,,,,,,,,,,,,,,,,,,,,,,,,70238.0
25 - 29 años,M,CONFIRMADA,,,,,,,,,,,,,,,,,,,,,,,,,,,,,,,,,,,,,,,,,,,,,,,,,,,,,,,,,,,,,,,,,,,,,,,,,,,,,,,,,,,,,,,,,,,,,,,,,,,,,,,,,,,,,,,,,,,,,,,,,,,,,,,,,,,,,,,,,,,,,,,,,,,,,,,,,,,,,,,,94982.0
30 - 34 años,M,CONFIRMADA,,,,,,,,,,,,,,,,,,,,,,,,,,,,,,,,,,,,,,,,,,,,,,,,,,,,,,,,,,,,,,,,,,,,,,,,,,,,,,,,,,,,,,,,,,,,,,,,,,,,,,,,,,,,,,,,,,,,,,,,,,,,,,,,,,,,,,,,,,,,,,,,,,,,,,,,,,,,,,,,96610.0
35 - 39 años,M,CONFIRMADA,,,,,,,,,,,,,,,,,,,,,,,,,,,,,,,,,,,,,,,,,,,,,,,,,,,,,,,,,,,,,,,,,,,,,,,,,,,,,,,,,,,,,,,,,,,,,,,,,,,,,,,,,,,,,,,,,,,,,,,,,,,,,,,,,,,,,,,,,,,,,,,,,,,,,,,,,,,,,,,,79396.0
40 - 44 años,M,CONFIRMADA,,,,,,,,,,,,,,,,,,,,,,,,,,,,,,,,,,,,,,,,,,,,,,,,,,,,,,,,,,,,,,,,,,,,,,,,,,,,,,,,,,,,,,,,,,,,,,,,,,,,,,,,,,,,,,,,,,,,,,,,,,,,,,,,,,,,,,,,,,,,,,,,,,,,,,,,,,,,,,,,67194.0
45 - 49 años,M,CONFIRMADA,,,,,,,,,,,,,,,,,,,,,,,,,,,,,,,,,,,,,,,,,,,,,,,,,,,,,,,,,,,,,,,,,,,,,,,,,,,,,,,,,,,,,,,,,,,,,,,,,,,,,,,,,,,,,,,,,,,,,,,,,,,,,,,,,,,,,,,,,,,,,,,,,,,,,,,,,,,,,,,,64002.0
50 - 54 años,M,CONFIRMADA,,,,,,,,,,,,,,,,,,,,,,,,,,,,,,,,,,,,,,,,,,,,,,,,,,,,,,,,,,,,,,,,,,,,,,,,,,,,,,,,,,,,,,,,,,,,,,,,,,,,,,,,,,,,,,,,,,,,,,,,,,,,,,,,,,,,,,,,,,,,,,,,,,,,,,,,,,,,,,,,58996.0
55 - 59 años,M,CONFIRMADA,,,,,,,,,,,,,,,,,,,,,,,,,,,,,,,,,,,,,,,,,,,,,,,,,,,,,,,,,,,,,,,,,,,,,,,,,,,,,,,,,,,,,,,,,,,,,,,,,,,,,,,,,,,,,,,,,,,,,,,,,,,,,,,,,,,,,,,,,,,,,,,,,,,,,,,,,,,,,,,,55058.0
60 - 64 años,M,CONFIRMADA,,,,,,,,,,,,,,,,,,,,,,,,,,,,,,,,,,,,,,,,,,,,,,,,,,,,,,,,,,,,,,,,,,,,,,,,,,,,,,,,,,,,,,,,,,,,,,,,,,,,,,,,,,,,,,,,,,,,,,,,,,,,,,,,,,,,,,,,,,,,,,,,,,,,,,,,,,,,,,,,41604.0
65 - 69 años,M,CONFIRMADA,,,,,,,,,,,,,,,,,,,,,,,,,,,,,,,,,,,,,,,,,,,,,,,,,,,,,,,,,,,,,,,,,,,,,,,,,,,,,,,,,,,,,,,,,,,,,,,,,,,,,,,,,,,,,,,,,,,,,,,,,,,,,,,,,,,,,,,,,,,,,,,,,,,,,,,,,,,,,,,,27160.0
70 - 74 años,M,CONFIRMADA,,,,,,,,,,,,,,,,,,,,,,,,,,,,,,,,,,,,,,,,,,,,,,,,,,,,,,,,,,,,,,,,,,,,,,,,,,,,,,,,,,,,,,,,,,,,,,,,,,,,,,,,,,,,,,,,,,,,,,,,,,,,,,,,,,,,,,,,,,,,,,,,,,,,,,,,,,,,,,,,18959.0
75 - 79 años,M,CONFIRMADA,,,,,,,,,,,,,,,,,,,,,,,,,,,,,,,,,,,,,,,,,,,,,,,,,,,,,,,,,,,,,,,,,,,,,,,,,,,,,,,,,,,,,,,,,,,,,,,,,,,,,,,,,,,,,,,,,,,,,,,,,,,,,,,,,,,,,,,,,,,,,,,,,,,,,,,,,,,,,,,,13194.0
80 y más años,M,CONFIRMADA,,,,,,,,,,,,,,,,,,,,,,,,,,,,,,,,,,,,,,,,,,,,,,,,,,,,,,,,,,,,,,,,,,,,,,,,,,,,,,,,,,,,,,,,,,,,,,,,,,,,,,,,,,,,,,,,,,,,,,,,,,,,,,,,,,,,,,,,,,,,,,,,,,,,,,,,,,,,,,,,15193.0
00 - 04 años,F,CONFIRMADA,,,,,,,,,,,,,,,,,,,,,,,,,,,,,,,,,,,,,,,,,,,,,,,,,,,,,,,,,,,,,,,,,,,,,,,,,,,,,,,,,,,,,,,,,,,,,,,,,,,,,,,,,,,,,,,,,,,,,,,,,,,,,,,,,,,,,,,,,,,,,,,,,,,,,,,,,,,,,,,,13867.0
05 - 09 años,F,CONFIRMADA,,,,,,,,,,,,,,,,,,,,,,,,,,,,,,,,,,,,,,,,,,,,,,,,,,,,,,,,,,,,,,,,,,,,,,,,,,,,,,,,,,,,,,,,,,,,,,,,,,,,,,,,,,,,,,,,,,,,,,,,,,,,,,,,,,,,,,,,,,,,,,,,,,,,,,,,,,,,,,,,16326.0
10 - 14 años,F,CONFIRMADA,,,,,,,,,,,,,,,,,,,,,,,,,,,,,,,,,,,,,,,,,,,,,,,,,,,,,,,,,,,,,,,,,,,,,,,,,,,,,,,,,,,,,,,,,,,,,,,,,,,,,,,,,,,,,,,,,,,,,,,,,,,,,,,,,,,,,,,,,,,,,,,,,,,,,,,,,,,,,,,,24346.0
15 - 19 años,F,CONFIRMADA,,,,,,,,,,,,,,,,,,,,,,,,,,,,,,,,,,,,,,,,,,,,,,,,,,,,,,,,,,,,,,,,,,,,,,,,,,,,,,,,,,,,,,,,,,,,,,,,,,,,,,,,,,,,,,,,,,,,,,,,,,,,,,,,,,,,,,,,,,,,,,,,,,,,,,,,,,,,,,,,41097.0
20 - 24 años,F,CONFIRMADA,,,,,,,,,,,,,,,,,,,,,,,,,,,,,,,,,,,,,,,,,,,,,,,,,,,,,,,,,,,,,,,,,,,,,,,,,,,,,,,,,,,,,,,,,,,,,,,,,,,,,,,,,,,,,,,,,,,,,,,,,,,,,,,,,,,,,,,,,,,,,,,,,,,,,,,,,,,,,,,,71255.0
25 - 29 años,F,CONFIRMADA,,,,,,,,,,,,,,,,,,,,,,,,,,,,,,,,,,,,,,,,,,,,,,,,,,,,,,,,,,,,,,,,,,,,,,,,,,,,,,,,,,,,,,,,,,,,,,,,,,,,,,,,,,,,,,,,,,,,,,,,,,,,,,,,,,,,,,,,,,,,,,,,,,,,,,,,,,,,,,,,91713.0
30 - 34 años,F,CONFIRMADA,,,,,,,,,,,,,,,,,,,,,,,,,,,,,,,,,,,,,,,,,,,,,,,,,,,,,,,,,,,,,,,,,,,,,,,,,,,,,,,,,,,,,,,,,,,,,,,,,,,,,,,,,,,,,,,,,,,,,,,,,,,,,,,,,,,,,,,,,,,,,,,,,,,,,,,,,,,,,,,,87611.0
35 - 39 años,F,CONFIRMADA,,,,,,,,,,,,,,,,,,,,,,,,,,,,,,,,,,,,,,,,,,,,,,,,,,,,,,,,,,,,,,,,,,,,,,,,,,,,,,,,,,,,,,,,,,,,,,,,,,,,,,,,,,,,,,,,,,,,,,,,,,,,,,,,,,,,,,,,,,,,,,,,,,,,,,,,,,,,,,,,70833.0
40 - 44 años,F,CONFIRMADA,,,,,,,,,,,,,,,,,,,,,,,,,,,,,,,,,,,,,,,,,,,,,,,,,,,,,,,,,,,,,,,,,,,,,,,,,,,,,,,,,,,,,,,,,,,,,,,,,,,,,,,,,,,,,,,,,,,,,,,,,,,,,,,,,,,,,,,,,,,,,,,,,,,,,,,,,,,,,,,,60569.0
45 - 49 años,F,CONFIRMADA,,,,,,,,,,,,,,,,,,,,,,,,,,,,,,,,,,,,,,,,,,,,,,,,,,,,,,,,,,,,,,,,,,,,,,,,,,,,,,,,,,,,,,,,,,,,,,,,,,,,,,,,,,,,,,,,,,,,,,,,,,,,,,,,,,,,,,,,,,,,,,,,,,,,,,,,,,,,,,,,59413.0
50 - 54 años,F,CONFIRMADA,,,,,,,,,,,,,,,,,,,,,,,,,,,,,,,,,,,,,,,,,,,,,,,,,,,,,,,,,,,,,,,,,,,,,,,,,,,,,,,,,,,,,,,,,,,,,,,,,,,,,,,,,,,,,,,,,,,,,,,,,,,,,,,,,,,,,,,,,,,,,,,,,,,,,,,,,,,,,,,,55876.0
55 - 59 años,F,CONFIRMADA,,,,,,,,,,,,,,,,,,,,,,,,,,,,,,,,,,,,,,,,,,,,,,,,,,,,,,,,,,,,,,,,,,,,,,,,,,,,,,,,,,,,,,,,,,,,,,,,,,,,,,,,,,,,,,,,,,,,,,,,,,,,,,,,,,,,,,,,,,,,,,,,,,,,,,,,,,,,,,,,51697.0
60 - 64 años,F,CONFIRMADA,,,,,,,,,,,,,,,,,,,,,,,,,,,,,,,,,,,,,,,,,,,,,,,,,,,,,,,,,,,,,,,,,,,,,,,,,,,,,,,,,,,,,,,,,,,,,,,,,,,,,,,,,,,,,,,,,,,,,,,,,,,,,,,,,,,,,,,,,,,,,,,,,,,,,,,,,,,,,,,,38805.0
65 - 69 años,F,CONFIRMADA,,,,,,,,,,,,,,,,,,,,,,,,,,,,,,,,,,,,,,,,,,,,,,,,,,,,,,,,,,,,,,,,,,,,,,,,,,,,,,,,,,,,,,,,,,,,,,,,,,,,,,,,,,,,,,,,,,,,,,,,,,,,,,,,,,,,,,,,,,,,,,,,,,,,,,,,,,,,,,,,26263.0
70 - 74 años,F,CONFIRMADA,,,,,,,,,,,,,,,,,,,,,,,,,,,,,,,,,,,,,,,,,,,,,,,,,,,,,,,,,,,,,,,,,,,,,,,,,,,,,,,,,,,,,,,,,,,,,,,,,,,,,,,,,,,,,,,,,,,,,,,,,,,,,,,,,,,,,,,,,,,,,,,,,,,,,,,,,,,,,,,,19428.0
75 - 79 años,F,CONFIRMADA,,,,,,,,,,,,,,,,,,,,,,,,,,,,,,,,,,,,,,,,,,,,,,,,,,,,,,,,,,,,,,,,,,,,,,,,,,,,,,,,,,,,,,,,,,,,,,,,,,,,,,,,,,,,,,,,,,,,,,,,,,,,,,,,,,,,,,,,,,,,,,,,,,,,,,,,,,,,,,,,14546.0
80 y más años,F,CONFIRMADA,,,,,,,,,,,,,,,,,,,,,,,,,,,,,,,,,,,,,,,,,,,,,,,,,,,,,,,,,,,,,,,,,,,,,,,,,,,,,,,,,,,,,,,,,,,,,,,,,,,,,,,,,,,,,,,,,,,,,,,,,,,,,,,,,,,,,,,,,,,,,,,,,,,,,,,,,,,,,,,,23028.0
00 - 04 años,M,PROBABLE,,,,,,,,,,,,,,,,,,,,,,,,,,,,,,,,,,,,,,,,,,,,,,,,,,,,,,,,,,,,,,,,,,,,,,,,,,,,,,,,,,,,,,,,,,,,,,,,,,,,,,,,,,,,,,,,,,,,,,,,,,,,,,,,,,,,,,,,,,,,,,,,,,,,,,,,,,,,,,,,7562.0
05 - 09 años,M,PROBABLE,,,,,,,,,,,,,,,,,,,,,,,,,,,,,,,,,,,,,,,,,,,,,,,,,,,,,,,,,,,,,,,,,,,,,,,,,,,,,,,,,,,,,,,,,,,,,,,,,,,,,,,,,,,,,,,,,,,,,,,,,,,,,,,,,,,,,,,,,,,,,,,,,,,,,,,,,,,,,,,,7782.0
10 - 14 años,M,PROBABLE,,,,,,,,,,,,,,,,,,,,,,,,,,,,,,,,,,,,,,,,,,,,,,,,,,,,,,,,,,,,,,,,,,,,,,,,,,,,,,,,,,,,,,,,,,,,,,,,,,,,,,,,,,,,,,,,,,,,,,,,,,,,,,,,,,,,,,,,,,,,,,,,,,,,,,,,,,,,,,,,8159.0
15 - 19 años,M,PROBABLE,,,,,,,,,,,,,,,,,,,,,,,,,,,,,,,,,,,,,,,,,,,,,,,,,,,,,,,,,,,,,,,,,,,,,,,,,,,,,,,,,,,,,,,,,,,,,,,,,,,,,,,,,,,,,,,,,,,,,,,,,,,,,,,,,,,,,,,,,,,,,,,,,,,,,,,,,,,,,,,,10025.0
20 - 24 años,M,PROBABLE,,,,,,,,,,,,,,,,,,,,,,,,,,,,,,,,,,,,,,,,,,,,,,,,,,,,,,,,,,,,,,,,,,,,,,,,,,,,,,,,,,,,,,,,,,,,,,,,,,,,,,,,,,,,,,,,,,,,,,,,,,,,,,,,,,,,,,,,,,,,,,,,,,,,,,,,,,,,,,,,14750.0
25 - 29 años,M,PROBABLE,,,,,,,,,,,,,,,,,,,,,,,,,,,,,,,,,,,,,,,,,,,,,,,,,,,,,,,,,,,,,,,,,,,,,,,,,,,,,,,,,,,,,,,,,,,,,,,,,,,,,,,,,,,,,,,,,,,,,,,,,,,,,,,,,,,,,,,,,,,,,,,,,,,,,,,,,,,,,,,,16661.0
30 - 34 años,M,PROBABLE,,,,,,,,,,,,,,,,,,,,,,,,,,,,,,,,,,,,,,,,,,,,,,,,,,,,,,,,,,,,,,,,,,,,,,,,,,,,,,,,,,,,,,,,,,,,,,,,,,,,,,,,,,,,,,,,,,,,,,,,,,,,,,,,,,,,,,,,,,,,,,,,,,,,,,,,,,,,,,,,15229.0
35 - 39 años,M,PROBABLE,,,,,,,,,,,,,,,,,,,,,,,,,,,,,,,,,,,,,,,,,,,,,,,,,,,,,,,,,,,,,,,,,,,,,,,,,,,,,,,,,,,,,,,,,,,,,,,,,,,,,,,,,,,,,,,,,,,,,,,,,,,,,,,,,,,,,,,,,,,,,,,,,,,,,,,,,,,,,,,,11748.0
40 - 44 años,M,PROBABLE,,,,,,,,,,,,,,,,,,,,,,,,,,,,,,,,,,,,,,,,,,,,,,,,,,,,,,,,,,,,,,,,,,,,,,,,,,,,,,,,,,,,,,,,,,,,,,,,,,,,,,,,,,,,,,,,,,,,,,,,,,,,,,,,,,,,,,,,,,,,,,,,,,,,,,,,,,,,,,,,9117.0
45 - 49 años,M,PROBABLE,,,,,,,,,,,,,,,,,,,,,,,,,,,,,,,,,,,,,,,,,,,,,,,,,,,,,,,,,,,,,,,,,,,,,,,,,,,,,,,,,,,,,,,,,,,,,,,,,,,,,,,,,,,,,,,,,,,,,,,,,,,,,,,,,,,,,,,,,,,,,,,,,,,,,,,,,,,,,,,,8112.0
50 - 54 años,M,PROBABLE,,,,,,,,,,,,,,,,,,,,,,,,,,,,,,,,,,,,,,,,,,,,,,,,,,,,,,,,,,,,,,,,,,,,,,,,,,,,,,,,,,,,,,,,,,,,,,,,,,,,,,,,,,,,,,,,,,,,,,,,,,,,,,,,,,,,,,,,,,,,,,,,,,,,,,,,,,,,,,,,7159.0
55 - 59 años,M,PROBABLE,,,,,,,,,,,,,,,,,,,,,,,,,,,,,,,,,,,,,,,,,,,,,,,,,,,,,,,,,,,,,,,,,,,,,,,,,,,,,,,,,,,,,,,,,,,,,,,,,,,,,,,,,,,,,,,,,,,,,,,,,,,,,,,,,,,,,,,,,,,,,,,,,,,,,,,,,,,,,,,,6388.0
60 - 64 años,M,PROBABLE,,,,,,,,,,,,,,,,,,,,,,,,,,,,,,,,,,,,,,,,,,,,,,,,,,,,,,,,,,,,,,,,,,,,,,,,,,,,,,,,,,,,,,,,,,,,,,,,,,,,,,,,,,,,,,,,,,,,,,,,,,,,,,,,,,,,,,,,,,,,,,,,,,,,,,,,,,,,,,,,4764.0
65 - 69 años,M,PROBABLE,,,,,,,,,,,,,,,,,,,,,,,,,,,,,,,,,,,,,,,,,,,,,,,,,,,,,,,,,,,,,,,,,,,,,,,,,,,,,,,,,,,,,,,,,,,,,,,,,,,,,,,,,,,,,,,,,,,,,,,,,,,,,,,,,,,,,,,,,,,,,,,,,,,,,,,,,,,,,,,,2979.0
70 - 74 años,M,PROBABLE,,,,,,,,,,,,,,,,,,,,,,,,,,,,,,,,,,,,,,,,,,,,,,,,,,,,,,,,,,,,,,,,,,,,,,,,,,,,,,,,,,,,,,,,,,,,,,,,,,,,,,,,,,,,,,,,,,,,,,,,,,,,,,,,,,,,,,,,,,,,,,,,,,,,,,,,,,,,,,,,2002.0
75 - 79 años,M,PROBABLE,,,,,,,,,,,,,,,,,,,,,,,,,,,,,,,,,,,,,,,,,,,,,,,,,,,,,,,,,,,,,,,,,,,,,,,,,,,,,,,,,,,,,,,,,,,,,,,,,,,,,,,,,,,,,,,,,,,,,,,,,,,,,,,,,,,,,,,,,,,,,,,,,,,,,,,,,,,,,,,,1386.0
80 y más años,M,PROBABLE,,,,,,,,,,,,,,,,,,,,,,,,,,,,,,,,,,,,,,,,,,,,,,,,,,,,,,,,,,,,,,,,,,,,,,,,,,,,,,,,,,,,,,,,,,,,,,,,,,,,,,,,,,,,,,,,,,,,,,,,,,,,,,,,,,,,,,,,,,,,,,,,,,,,,,,,,,,,,,,,1860.0
00 - 04 años,F,PROBABLE,,,,,,,,,,,,,,,,,,,,,,,,,,,,,,,,,,,,,,,,,,,,,,,,,,,,,,,,,,,,,,,,,,,,,,,,,,,,,,,,,,,,,,,,,,,,,,,,,,,,,,,,,,,,,,,,,,,,,,,,,,,,,,,,,,,,,,,,,,,,,,,,,,,,,,,,,,,,,,,,6745.0
05 - 09 años,F,PROBABLE,,,,,,,,,,,,,,,,,,,,,,,,,,,,,,,,,,,,,,,,,,,,,,,,,,,,,,,,,,,,,,,,,,,,,,,,,,,,,,,,,,,,,,,,,,,,,,,,,,,,,,,,,,,,,,,,,,,,,,,,,,,,,,,,,,,,,,,,,,,,,,,,,,,,,,,,,,,,,,,,7605.0
10 - 14 años,F,PROBABLE,,,,,,,,,,,,,,,,,,,,,,,,,,,,,,,,,,,,,,,,,,,,,,,,,,,,,,,,,,,,,,,,,,,,,,,,,,,,,,,,,,,,,,,,,,,,,,,,,,,,,,,,,,,,,,,,,,,,,,,,,,,,,,,,,,,,,,,,,,,,,,,,,,,,,,,,,,,,,,,,9439.0
15 - 19 años,F,PROBABLE,,,,,,,,,,,,,,,,,,,,,,,,,,,,,,,,,,,,,,,,,,,,,,,,,,,,,,,,,,,,,,,,,,,,,,,,,,,,,,,,,,,,,,,,,,,,,,,,,,,,,,,,,,,,,,,,,,,,,,,,,,,,,,,,,,,,,,,,,,,,,,,,,,,,,,,,,,,,,,,,13497.0
20 - 24 años,F,PROBABLE,,,,,,,,,,,,,,,,,,,,,,,,,,,,,,,,,,,,,,,,,,,,,,,,,,,,,,,,,,,,,,,,,,,,,,,,,,,,,,,,,,,,,,,,,,,,,,,,,,,,,,,,,,,,,,,,,,,,,,,,,,,,,,,,,,,,,,,,,,,,,,,,,,,,,,,,,,,,,,,,18654.0
25 - 29 años,F,PROBABLE,,,,,,,,,,,,,,,,,,,,,,,,,,,,,,,,,,,,,,,,,,,,,,,,,,,,,,,,,,,,,,,,,,,,,,,,,,,,,,,,,,,,,,,,,,,,,,,,,,,,,,,,,,,,,,,,,,,,,,,,,,,,,,,,,,,,,,,,,,,,,,,,,,,,,,,,,,,,,,,,21149.0
30 - 34 años,F,PROBABLE,,,,,,,,,,,,,,,,,,,,,,,,,,,,,,,,,,,,,,,,,,,,,,,,,,,,,,,,,,,,,,,,,,,,,,,,,,,,,,,,,,,,,,,,,,,,,,,,,,,,,,,,,,,,,,,,,,,,,,,,,,,,,,,,,,,,,,,,,,,,,,,,,,,,,,,,,,,,,,,,19468.0
35 - 39 años,F,PROBABLE,,,,,,,,,,,,,,,,,,,,,,,,,,,,,,,,,,,,,,,,,,,,,,,,,,,,,,,,,,,,,,,,,,,,,,,,,,,,,,,,,,,,,,,,,,,,,,,,,,,,,,,,,,,,,,,,,,,,,,,,,,,,,,,,,,,,,,,,,,,,,,,,,,,,,,,,,,,,,,,,15799.0
40 - 44 años,F,PROBABLE,,,,,,,,,,,,,,,,,,,,,,,,,,,,,,,,,,,,,,,,,,,,,,,,,,,,,,,,,,,,,,,,,,,,,,,,,,,,,,,,,,,,,,,,,,,,,,,,,,,,,,,,,,,,,,,,,,,,,,,,,,,,,,,,,,,,,,,,,,,,,,,,,,,,,,,,,,,,,,,,13639.0
45 - 49 años,F,PROBABLE,,,,,,,,,,,,,,,,,,,,,,,,,,,,,,,,,,,,,,,,,,,,,,,,,,,,,,,,,,,,,,,,,,,,,,,,,,,,,,,,,,,,,,,,,,,,,,,,,,,,,,,,,,,,,,,,,,,,,,,,,,,,,,,,,,,,,,,,,,,,,,,,,,,,,,,,,,,,,,,,13130.0
50 - 54 años,F,PROBABLE,,,,,,,,,,,,,,,,,,,,,,,,,,,,,,,,,,,,,,,,,,,,,,,,,,,,,,,,,,,,,,,,,,,,,,,,,,,,,,,,,,,,,,,,,,,,,,,,,,,,,,,,,,,,,,,,,,,,,,,,,,,,,,,,,,,,,,,,,,,,,,,,,,,,,,,,,,,,,,,,11816.0
55 - 59 años,F,PROBABLE,,,,,,,,,,,,,,,,,,,,,,,,,,,,,,,,,,,,,,,,,,,,,,,,,,,,,,,,,,,,,,,,,,,,,,,,,,,,,,,,,,,,,,,,,,,,,,,,,,,,,,,,,,,,,,,,,,,,,,,,,,,,,,,,,,,,,,,,,,,,,,,,,,,,,,,,,,,,,,,,10329.0
60 - 64 años,F,PROBABLE,,,,,,,,,,,,,,,,,,,,,,,,,,,,,,,,,,,,,,,,,,,,,,,,,,,,,,,,,,,,,,,,,,,,,,,,,,,,,,,,,,,,,,,,,,,,,,,,,,,,,,,,,,,,,,,,,,,,,,,,,,,,,,,,,,,,,,,,,,,,,,,,,,,,,,,,,,,,,,,,7098.0
65 - 69 años,F,PROBABLE,,,,,,,,,,,,,,,,,,,,,,,,,,,,,,,,,,,,,,,,,,,,,,,,,,,,,,,,,,,,,,,,,,,,,,,,,,,,,,,,,,,,,,,,,,,,,,,,,,,,,,,,,,,,,,,,,,,,,,,,,,,,,,,,,,,,,,,,,,,,,,,,,,,,,,,,,,,,,,,,4355.0
70 - 74 años,F,PROBABLE,,,,,,,,,,,,,,,,,,,,,,,,,,,,,,,,,,,,,,,,,,,,,,,,,,,,,,,,,,,,,,,,,,,,,,,,,,,,,,,,,,,,,,,,,,,,,,,,,,,,,,,,,,,,,,,,,,,,,,,,,,,,,,,,,,,,,,,,,,,,,,,,,,,,,,,,,,,,,,,,2853.0
75 - 79 años,F,PROBABLE,,,,,,,,,,,,,,,,,,,,,,,,,,,,,,,,,,,,,,,,,,,,,,,,,,,,,,,,,,,,,,,,,,,,,,,,,,,,,,,,,,,,,,,,,,,,,,,,,,,,,,,,,,,,,,,,,,,,,,,,,,,,,,,,,,,,,,,,,,,,,,,,,,,,,,,,,,,,,,,,2089.0
80 y más años,F,PROBABLE,,,,,,,,,,,,,,,,,,,,,,,,,,,,,,,,,,,,,,,,,,,,,,,,,,,,,,,,,,,,,,,,,,,,,,,,,,,,,,,,,,,,,,,,,,,,,,,,,,,,,,,,,,,,,,,,,,,,,,,,,,,,,,,,,,,,,,,,,,,,,,,,,,,,,,,,,,,,,,,,3088.0
