semana_epidemiologica,edad,estado_vacunacion,casos_confirmados,casos_hospi,casos_uci,casos_def,poblacion,incidencia_cruda_confirmados,incidencia_cruda_hospi,incidencia_cruda_uci,incidencia_cruda_def,incidencia_ponderada_confirmados,incidencia_ponderada_hospi,incidencia_ponderada_uci,incidencia_ponderada_def
2021-40,03 - 05 años,Sin esquema completo,114,2,0,0,706924,16.126203099625986,0.28291584385308743,0,0,0.8559875447645303,0.015017325346746144,0,0
2021-40,06 - 11 años,Sin esquema completo,335,1,0,0,1542062,21.724158950807425,0.06484823567405201,0,0,2.5182942691805628,0.007517296325912128,0,0
2021-40,12 - 20 años,Sin esquema completo,284,4,1,0,913774,31.079895028748904,0.43774500040491415,0.10943625010122854,0,5.116378939496631,0.0720616752041779,0.018015418801044476,0
2021-40,21 - 30 años,Sin esquema completo,309,6,0,1,435565,70.94233926050073,1.3775211506893346,0,0.2295868584482224,11.961718138888315,0.23226637162889935,0,0.03871106193814989
2021-40,31 - 40 años,Sin esquema completo,241,22,10,1,502462,47.96382612018421,4.378440558689015,1.9902002539495525,0.19902002539495522,7.757494026749839,0.7081529816950062,0.3218877189522755,0.03218877189522755
2021-40,41 - 50 años,Sin esquema completo,144,20,6,4,355956,40.45443818898965,5.618671970693007,1.685601591207902,1.1237343941386013,5.4967388518108,0.763435951640389,0.2290307854921167,0.1526871903280778
2021-40,51 - 60 años,Sin esquema completo,111,27,7,4,144851,76.63046855044148,18.63984370145874,4.832552070748562,2.761458326142036,6.90262456823015,1.6790167868667936,0.43530064844694644,0.24874322768396942
2021-40,61 - 70 años,Sin esquema completo,53,16,9,4,220519,24.034210204109396,7.255610627655667,4.081280978056313,1.813902656913917,1.4359245348675116,0.4334866520354752,0.24383624176995483,0.10837166300886882
2021-40,71 - 80 años,Sin esquema completo,28,11,4,5,102857,27.222260030916708,10.694459297860137,3.8888942901309584,4.861117862663698,1.024035579883214,0.40229969209697697,0.14629079712617343,0.18286349640771676
2021-40,80 años o más,Sin esquema completo,20,11,2,6,94737,21.11107592598457,11.611091759291511,2.1111075925984566,6.333322777795371,0.2684382928657532,0.14764106107616426,0.02684382928657532,0.08053148785972597
2021-40,Total,Sin esquema completo,1639,120,39,25,5019707,32.65130813412018,2.390577776750715,0.7769377774439823,0.49803703682306555,43.33763474673731,4.46089579391654,1.4212054398750866,0.8440968991217362
2021-40,03 - 05 años,Esquema completo > 6 meses,0,0,0,0,0,0,0,0,0,0,0,0,0
2021-40,06 - 11 años,Esquema completo > 6 meses,0,0,0,0,0,0,0,0,0,0,0,0,0
2021-40,12 - 20 años,Esquema completo > 6 meses,3,0,0,0,28185,10.643959552953698,0,0,0,1.7522108887180001,0,0,0
2021-40,21 - 30 años,Esquema completo > 6 meses,178,1,0,0,281656,63.19765955633823,0.35504303121538333,0,0,10.655873467527998,0.05986445768274156,0,0
2021-40,31 - 40 años,Esquema completo > 6 meses,165,6,1,0,376523,43.82202415257501,1.5935281510027275,0.26558802516712127,0,7.087614106344822,0.2577314220489026,0.04295523700815044,0
2021-40,41 - 50 años,Esquema completo > 6 meses,121,4,1,0,404712,29.89780387040661,0.9883571527407143,0.24708928818517858,0,4.062358234973866,0.13429283421401209,0.03357320855350302,0
2021-40,51 - 60 años,Esquema completo > 6 meses,166,9,2,2,524021,31.678119770009218,1.71748842126556,0.3816640936145689,0.38166409361456893,2.853462492609842,0.15470579779209986,0.03437906617602219,0.0343790661760222
2021-40,61 - 70 años,Esquema completo > 6 meses,161,18,7,2,374510,42.9895062882166,4.806280206136018,1.8691089690528957,0.534031134015113,2.5684092090755195,0.28715134014508914,0.1116699656119791,0.031905704460565454
2021-40,71 - 80 años,Esquema completo > 6 meses,66,21,8,3,173984,37.93452271473239,12.070075409233032,4.598123965422108,1.7242964870332904,1.427004992298789,0.45404704300416016,0.17297030209682293,0.0648638632863086
2021-40,80 años o más,Esquema completo > 6 meses,47,15,0,4,109970,42.738928798763304,13.640083659179776,0,3.63735564244794,0.5434476729596593,0.17344074668925294,0,0.04625086578380078
2021-40,Total,Esquema completo > 6 meses,907,74,19,11,2273561,39.893365517793455,3.254806006964405,0.8356934342205906,0.4838225145487629,30.9503810645085,1.5212336415762584,0.3955477794464777,0.17739949970669702
2021-40,03 - 05 años,Esquema completo > 14 días y < 6 meses,0,0,0,0,0,0,0,0,0,0,0,0,0
2021-40,06 - 11 años,Esquema completo > 14 días y < 6 meses,0,0,0,0,71,0,0,0,0,0,0,0,0
2021-40,12 - 20 años,Esquema completo > 14 días y < 6 meses,217,0,0,0,1322885,16.403542258019403,0,0,0,2.7003546203885582,0,0,0
2021-40,21 - 30 años,Esquema completo > 14 días y < 6 meses,1027,12,2,0,2204044,46.596165956759485,0.5444537404879395,0.09074229008132324,0,7.856665135906404,0.09180134530757239,0.015300224217928732,0
2021-40,31 - 40 años,Esquema completo > 14 días y < 6 meses,1077,24,11,1,2064042,52.17917077268776,1.162767036717276,0.5329348918287515,0.048448626529886504,8.439268472361197,0.1880616929774083,0.08619494261464548,0.00783590387405868
2021-40,41 - 50 años,Esquema completo > 14 días y < 6 meses,837,40,10,1,1731939,48.32733716372228,2.3095501631408495,0.5773875407852124,0.05773875407852124,6.566467455348109,0.3138096752854532,0.0784524188213633,0.007845241882136332
2021-40,51 - 60 años,Esquema completo > 14 días y < 6 meses,542,34,14,0,1137046,47.667376693643,2.990204442036646,1.2312606526033247,0,4.29372300199417,0.2693479373944682,0.11090797422125163,0
2021-40,61 - 70 años,Esquema completo > 14 días y < 6 meses,86,11,6,5,241882,35.55452658734424,4.547672005357985,2.4805483665589008,2.067123638799084,2.124206146937903,0.27170078623624344,0.1482004288561328,0.12350035738011066
2021-40,71 - 80 años,Esquema completo > 14 días y < 6 meses,23,8,3,2,76774,29.958058717795087,10.420194336624379,3.9075728762341417,2.6050485841560946,1.1269497094073413,0.3919825076199448,0.1469934403574793,0.0979956269049862
2021-40,80 años o más,Esquema completo > 14 días y < 6 meses,9,6,0,0,32647,27.56761723894998,18.37841149263332,0,0,0.35053656838454644,0.2336910455896976,0,0
2021-40,Total,Esquema completo > 14 días y < 6 meses,3818,135,46,9,8811330,43.330575520381146,1.5321183067709414,0.5220551267515801,0.1021412204513961,33.45817111072823,1.760394990410788,0.5860494290888012,0.23717713004129187
2021-40,03 - 05 años,1° Dosis refuerzo > 6 meses,0,0,0,0,0,0,0,0,0,0,0,0,0
2021-40,06 - 11 años,1° Dosis refuerzo > 6 meses,0,0,0,0,0,0,0,0,0,0,0,0,0
2021-40,12 - 20 años,1° Dosis refuerzo > 6 meses,0,0,0,0,0,0,0,0,0,0,0,0,0
2021-40,21 - 30 años,1° Dosis refuerzo > 6 meses,0,0,0,0,0,0,0,0,0,0,0,0,0
2021-40,31 - 40 años,1° Dosis refuerzo > 6 meses,0,0,0,0,0,0,0,0,0,0,0,0,0
2021-40,41 - 50 años,1° Dosis refuerzo > 6 meses,0,0,0,0,0,0,0,0,0,0,0,0,0
2021-40,51 - 60 años,1° Dosis refuerzo > 6 meses,0,0,0,0,0,0,0,0,0,0,0,0,0
2021-40,61 - 70 años,1° Dosis refuerzo > 6 meses,0,0,0,0,0,0,0,0,0,0,0,0,0
2021-40,71 - 80 años,1° Dosis refuerzo > 6 meses,0,0,0,0,0,0,0,0,0,0,0,0,0
2021-40,80 años o más,1° Dosis refuerzo > 6 meses,0,0,0,0,0,0,0,0,0,0,0,0,0
2021-40,Total,1° Dosis refuerzo > 6 meses,0,0,0,0,0,0,0,0,0,0,0,0,0
2021-40,03 - 05 años,1° Dosis refuerzo > 14 días y < 6 meses,0,0,0,0,0,0,0,0,0,0,0,0,0
2021-40,06 - 11 años,1° Dosis refuerzo > 14 días y < 6 meses,0,0,0,0,0,0,0,0,0,0,0,0,0
2021-40,12 - 20 años,1° Dosis refuerzo > 14 días y < 6 meses,0,0,0,0,6491,0,0,0,0,0,0,0,0
2021-40,21 - 30 años,1° Dosis refuerzo > 14 días y < 6 meses,5,0,0,0,134492,3.7176932456949117,0,0,0,0.6268470873022284,0,0,0
2021-40,31 - 40 años,1° Dosis refuerzo > 14 días y < 6 meses,8,2,1,0,181747,4.4017232746620305,1.1004308186655076,0.5502154093327538,0,0.7119186431256561,0.17797966078141403,0.08898983039070701,0
2021-40,41 - 50 años,1° Dosis refuerzo > 14 días y < 6 meses,8,0,0,0,163521,4.892337987169843,0,0,0,0.6647454641351418,0,0,0
2021-40,51 - 60 años,1° Dosis refuerzo > 14 días y < 6 meses,31,0,1,0,577360,5.369267008452265,0,0.1732021615629763,0,0.48364619278732945,0,0.015601490089913853,0
2021-40,61 - 70 años,1° Dosis refuerzo > 14 días y < 6 meses,76,3,1,1,1001716,7.586980741048361,0.2994860818834879,0.09982869396116265,0.09982869396116263,0.45328436836987934,0.0178928040146005,0.0059642680048668335,0.005964268004866833
2021-40,71 - 80 años,1° Dosis refuerzo > 14 días y < 6 meses,52,4,1,1,665486,7.813838307642835,0.601064485203295,0.15026612130082376,0.15026612130082376,0.293937697802942,0.022610592138687845,0.005652648034671961,0.005652648034671961
2021-40,80 años o más,1° Dosis refuerzo > 14 días y < 6 meses,28,8,1,2,282133,9.92439735869253,2.8355421024835805,0.35444276281044756,0.7088855256208951,0.12619386591328205,0.03605539026093773,0.004506923782617216,0.009013847565234432
2021-40,Total,1° Dosis refuerzo > 14 días y < 6 meses,208,17,5,4,3012946,6.9035422473552455,0.5642318182934577,0.1659505347921934,0.13276042783375475,3.360573319436459,0.2545384471956401,0.12071516030277687,0.020630763604773228
2021-40,03 - 05 años,2° Dosis refuerzo > 6 meses,0,0,0,0,0,0,0,0,0,0,0,0,0
2021-40,06 - 11 años,2° Dosis refuerzo > 6 meses,0,0,0,0,0,0,0,0,0,0,0,0,0
2021-40,12 - 20 años,2° Dosis refuerzo > 6 meses,0,0,0,0,0,0,0,0,0,0,0,0,0
2021-40,21 - 30 años,2° Dosis refuerzo > 6 meses,0,0,0,0,0,0,0,0,0,0,0,0,0
2021-40,31 - 40 años,2° Dosis refuerzo > 6 meses,0,0,0,0,0,0,0,0,0,0,0,0,0
2021-40,41 - 50 años,2° Dosis refuerzo > 6 meses,0,0,0,0,0,0,0,0,0,0,0,0,0
2021-40,51 - 60 años,2° Dosis refuerzo > 6 meses,0,0,0,0,0,0,0,0,0,0,0,0,0
2021-40,61 - 70 años,2° Dosis refuerzo > 6 meses,0,0,0,0,0,0,0,0,0,0,0,0,0
2021-40,71 - 80 años,2° Dosis refuerzo > 6 meses,0,0,0,0,0,0,0,0,0,0,0,0,0
2021-40,80 años o más,2° Dosis refuerzo > 6 meses,0,0,0,0,0,0,0,0,0,0,0,0,0
2021-40,Total,2° Dosis refuerzo > 6 meses,0,0,0,0,0,0,0,0,0,0,0,0,0
2021-40,03 - 05 años,2° Dosis refuerzo > 14 días y < 6 meses,0,0,0,0,0,0,0,0,0,0,0,0,0
2021-40,06 - 11 años,2° Dosis refuerzo > 14 días y < 6 meses,0,0,0,0,0,0,0,0,0,0,0,0,0
2021-40,12 - 20 años,2° Dosis refuerzo > 14 días y < 6 meses,0,0,0,0,0,0,0,0,0,0,0,0,0
2021-40,21 - 30 años,2° Dosis refuerzo > 14 días y < 6 meses,0,0,0,0,0,0,0,0,0,0,0,0,0
2021-40,31 - 40 años,2° Dosis refuerzo > 14 días y < 6 meses,0,0,0,0,0,0,0,0,0,0,0,0,0
2021-40,41 - 50 años,2° Dosis refuerzo > 14 días y < 6 meses,0,0,0,0,0,0,0,0,0,0,0,0,0
2021-40,51 - 60 años,2° Dosis refuerzo > 14 días y < 6 meses,0,0,0,0,0,0,0,0,0,0,0,0,0
2021-40,61 - 70 años,2° Dosis refuerzo > 14 días y < 6 meses,0,0,0,0,0,0,0,0,0,0,0,0,0
2021-40,71 - 80 años,2° Dosis refuerzo > 14 días y < 6 meses,0,0,0,0,0,0,0,0,0,0,0,0,0
2021-40,80 años o más,2° Dosis refuerzo > 14 días y < 6 meses,0,0,0,0,0,0,0,0,0,0,0,0,0
2021-40,Total,2° Dosis refuerzo > 14 días y < 6 meses,0,0,0,0,0,0,0,0,0,0,0,0,0
2021-41,03 - 05 años,Sin esquema completo,131,2,0,1,706923,18.531013985964524,0.2829162440605271,0,0.14145812203026356,0.9836362016432026,0.015017346589972561,0,0.007508673294986281
2021-41,06 - 11 años,Sin esquema completo,451,6,1,0,1542036,29.247047410047493,0.3890959744130487,0.06484932906884146,0,3.3903578062540998,0.045104538442404876,0.007517423073734147,0
2021-41,12 - 20 años,Sin esquema completo,412,8,4,0,902214,45.665440793425944,0.8867075882218631,0.44335379411093156,0,7.5174545899269045,0.14596999203741565,0.07298499601870782,0
2021-41,21 - 30 años,Sin esquema completo,429,12,3,0,412508,103.99798306941926,2.909034491452287,0.7272586228630717,0,17.535290962443685,0.4904976492991241,0.12262441232478102,0
2021-41,31 - 40 años,Sin esquema completo,335,24,7,0,486633,68.84037868373086,4.931848025103107,1.438455673988406,0,11.133991377170561,0.7976590837375925,0.23265056609013113,0
2021-41,41 - 50 años,Sin esquema completo,174,16,5,2,348071,49.98980093141916,4.596763304038544,1.436488532512045,0.574595413004818,6.792354393610283,0.624584312056118,0.19518259751753686,0.07807303900701475
2021-41,51 - 60 años,Sin esquema completo,142,27,14,0,140141,101.32652114655954,19.26631035885287,9.989938704590378,0,9.127165049488717,1.7354468756070094,0.8998613429073382,0
2021-41,61 - 70 años,Sin esquema completo,76,21,9,4,218352,34.80618450941599,9.617498351285997,4.121785007693998,1.8319044478639994,2.0794964293709337,0.5745976975893369,0.2462561561097158,0.10944718049320702
2021-41,71 - 80 años,Sin esquema completo,27,12,4,2,101928,26.489286555215443,11.77301624676242,3.924338748920807,1.9621693744604034,0.9964628905702655,0.44287239580900695,0.14762413193633564,0.07381206596816782
2021-41,80 años o más,Sin esquema completo,26,10,2,9,94369,27.551420487660145,10.596700187561593,2.119340037512319,9.537030168805435,0.3503306182813183,0.1347425454928147,0.02694850909856294,0.12126829094353325
2021-41,Total,Sin esquema completo,2203,138,49,18,4953175,44.47652263447183,2.7860917492315536,0.9892644616836677,0.3634032716388983,59.90654031875997,5.006492436660795,1.9516501350768436,0.39010924970690913
2021-41,03 - 05 años,Esquema completo > 6 meses,0,0,0,0,0,0,0,0,0,0,0,0,0
2021-41,06 - 11 años,Esquema completo > 6 meses,0,0,0,0,0,0,0,0,0,0,0,0,0
2021-41,12 - 20 años,Esquema completo > 6 meses,18,1,0,0,53046,33.93281303020021,1.885156279455567,0,0,5.586026908552975,0.310334828252943,0,0
2021-41,21 - 30 años,Esquema completo > 6 meses,325,1,0,0,342232,94.96481918698427,0.2921994436522593,0,0,16.01219260692844,0.049268284944395196,0,0
2021-41,31 - 40 años,Esquema completo > 6 meses,390,8,4,0,440130,88.61018335491787,1.817644786767546,0.908822393383773,0,14.331487366386595,0.293979228028443,0.1469896140142215,0
2021-41,41 - 50 años,Esquema completo > 6 meses,283,8,2,0,488994,57.8739207434038,1.636011893806468,0.409002973451617,0,7.863607626207692,0.22229279508714325,0.05557319877178581,0
2021-41,51 - 60 años,Esquema completo > 6 meses,281,16,3,0,606188,46.35525612516249,2.6394451886213517,0.49489597286650344,0,4.175531428279442,0.2377526791902885,0.04457862734817909,0
2021-41,61 - 70 años,Esquema completo > 6 meses,227,30,10,0,370610,61.25037100995655,8.094762688540515,2.6982542295135046,0,3.6594050628672807,0.4836218144758521,0.1612072714919507,0
2021-41,71 - 80 años,Esquema completo > 6 meses,90,20,6,6,171542,52.46528546944771,11.658952326543936,3.497685697963181,3.4976856979631807,1.9736171415755523,0.43858158701678945,0.13157447610503684,0.13157447610503684
2021-41,80 años o más,Esquema completo > 6 meses,48,19,3,4,109273,43.92667905154979,17.387643791238457,2.745417440721862,3.660556587629149,0.5585505341935783,0.22109291978495801,0.03490940838709864,0.04654587784946485
2021-41,Total,Esquema completo > 6 meses,1662,103,28,10,2582015,64.36833248451306,3.9891325185949738,1.084424373986983,0.3872944192810654,54.160418674991554,2.2569241367808126,0.5748325961182725,0.17812035395450168
2021-41,03 - 05 años,Esquema completo > 14 días y < 6 meses,0,0,0,0,0,0,0,0,0,0,0,0,0
2021-41,06 - 11 años,Esquema completo > 14 días y < 6 meses,0,0,0,0,97,0,0,0,0,0,0,0,0
2021-41,12 - 20 años,Esquema completo > 14 días y < 6 meses,341,4,1,0,1306422,26.10182620929531,0.3061797795811767,0.07654494489529418,0,4.2968881901341325,0.05040338052943265,0.012600845132358162,0
2021-41,21 - 30 años,Esquema completo > 14 días y < 6 meses,1618,8,2,0,2119220,76.34884532988552,0.37749738111191855,0.09437434527797964,0,12.87331905862536,0.06365052686588558,0.015912631716471396,0
2021-41,31 - 40 años,Esquema completo > 14 días y < 6 meses,1513,24,5,1,1936548,78.12871150108337,1.239318622621283,0.25819137971276723,0.05163827594255345,12.63625239714275,0.20044286684165633,0.041758930592011724,0.008351786118402345
2021-41,41 - 50 años,Esquema completo > 14 días y < 6 meses,1020,42,14,0,1546974,65.9351740882523,2.7149777565750943,0.9049925855250315,0,8.958928842829565,0.3688970699988644,0.12296568999962147,0
2021-41,51 - 60 años,Esquema completo > 14 días y < 6 meses,583,31,15,6,948247,61.48187128459146,3.2691904113590655,1.5818663280769674,0.6327465312307868,5.538087959757618,0.2944780904845389,0.14248939862155108,0.056995759448620426
2021-41,61 - 70 años,Esquema completo > 14 días y < 6 meses,106,15,3,2,207021,51.20253500852571,7.245641746489486,1.4491283492978972,0.9660855661985982,3.0590968307992794,0.4328910609621621,0.08657821219243243,0.057718808128288286
2021-41,71 - 80 años,Esquema completo > 14 días y < 6 meses,24,7,3,4,67344,35.637918745545264,10.3943929674507,4.454739843193157,5.939653124257544,1.3406123057739505,0.3910119225174022,0.1675765382217438,0.22343538429565843
2021-41,80 años o más,Esquema completo > 14 días y < 6 meses,15,5,0,4,28094,53.39218338435253,17.797394461450843,0,14.237915569160675,0.678909336990715,0.2263031123302383,0,0.18104248986419066
2021-41,Total,Esquema completo > 14 días y < 6 meses,5220,136,43,17,8159967,63.97084694092513,1.6666734068900033,0.5269629154137511,0.20833417586125041,49.38209492205337,2.0280780305301804,0.58988224647619,0.5275442278551602
2021-41,03 - 05 años,1° Dosis refuerzo > 6 meses,0,0,0,0,0,0,0,0,0,0,0,0,0
2021-41,06 - 11 años,1° Dosis refuerzo > 6 meses,0,0,0,0,0,0,0,0,0,0,0,0,0
2021-41,12 - 20 años,1° Dosis refuerzo > 6 meses,0,0,0,0,0,0,0,0,0,0,0,0,0
2021-41,21 - 30 años,1° Dosis refuerzo > 6 meses,0,0,0,0,0,0,0,0,0,0,0,0,0
2021-41,31 - 40 años,1° Dosis refuerzo > 6 meses,0,0,0,0,0,0,0,0,0,0,0,0,0
2021-41,41 - 50 años,1° Dosis refuerzo > 6 meses,0,0,0,0,0,0,0,0,0,0,0,0,0
2021-41,51 - 60 años,1° Dosis refuerzo > 6 meses,0,0,0,0,0,0,0,0,0,0,0,0,0
2021-41,61 - 70 años,1° Dosis refuerzo > 6 meses,0,0,0,0,0,0,0,0,0,0,0,0,0
2021-41,71 - 80 años,1° Dosis refuerzo > 6 meses,0,0,0,0,0,0,0,0,0,0,0,0,0
2021-41,80 años o más,1° Dosis refuerzo > 6 meses,0,0,0,0,0,0,0,0,0,0,0,0,0
2021-41,Total,1° Dosis refuerzo > 6 meses,0,0,0,0,0,0,0,0,0,0,0,0,0
2021-41,03 - 05 años,1° Dosis refuerzo > 14 días y < 6 meses,0,0,0,0,0,0,0,0,0,0,0,0,0
2021-41,06 - 11 años,1° Dosis refuerzo > 14 días y < 6 meses,0,0,0,0,0,0,0,0,0,0,0,0,0
2021-41,12 - 20 años,1° Dosis refuerzo > 14 días y < 6 meses,0,0,0,0,9653,0,0,0,0,0,0,0,0
2021-41,21 - 30 años,1° Dosis refuerzo > 14 días y < 6 meses,5,0,0,0,181797,2.750320412328036,0,0,0,0.4637365768711875,0,0,0
2021-41,31 - 40 años,1° Dosis refuerzo > 14 días y < 6 meses,11,0,0,0,261463,4.2070962239399075,0,0,0,0.6804403749066525,0,0,0
2021-41,41 - 50 años,1° Dosis refuerzo > 14 días y < 6 meses,16,1,0,0,272089,5.8804288302724474,0.36752680189202797,0,0,0.7990021135793253,0.04993763209870783,0,0
2021-41,51 - 60 años,1° Dosis refuerzo > 14 días y < 6 meses,59,5,1,0,688702,8.56684022988172,0.7260034093120101,0.14520068186240204,0,0.7716732386147378,0.06539603717074048,0.013079207434148098,0
2021-41,61 - 70 años,1° Dosis refuerzo > 14 días y < 6 meses,108,14,4,0,1042644,10.35828144601609,1.3427401874465301,0.3836400535561515,0,0.6188558035018894,0.08022204860209677,0.022920585314884792,0
2021-41,71 - 80 años,1° Dosis refuerzo > 14 días y < 6 meses,80,12,10,3,678287,11.794417407380651,1.7691626111070977,1.4743021759225814,0.4422906527767744,0.44367745570847794,0.0665516183562717,0.05545968196355974,0.01663790458906792
2021-41,80 años o más,1° Dosis refuerzo > 14 días y < 6 meses,44,9,0,0,287751,15.290998119902275,3.127704160889102,0,0,0.19443298133695552,0.03977038254619546,0,0
2021-41,Total,1° Dosis refuerzo > 14 días y < 6 meses,323,41,15,3,3422386,9.43786001929648,1.1979946154524943,0.43829071297042477,0.08765814259408494,3.971818544519226,0.30187771877401226,0.09145947471259264,0.01663790458906792
2021-41,03 - 05 años,2° Dosis refuerzo > 6 meses,0,0,0,0,0,0,0,0,0,0,0,0,0
2021-41,06 - 11 años,2° Dosis refuerzo > 6 meses,0,0,0,0,0,0,0,0,0,0,0,0,0
2021-41,12 - 20 años,2° Dosis refuerzo > 6 meses,0,0,0,0,0,0,0,0,0,0,0,0,0
2021-41,21 - 30 años,2° Dosis refuerzo > 6 meses,0,0,0,0,0,0,0,0,0,0,0,0,0
2021-41,31 - 40 años,2° Dosis refuerzo > 6 meses,0,0,0,0,0,0,0,0,0,0,0,0,0
2021-41,41 - 50 años,2° Dosis refuerzo > 6 meses,0,0,0,0,0,0,0,0,0,0,0,0,0
2021-41,51 - 60 años,2° Dosis refuerzo > 6 meses,0,0,0,0,0,0,0,0,0,0,0,0,0
2021-41,61 - 70 años,2° Dosis refuerzo > 6 meses,0,0,0,0,0,0,0,0,0,0,0,0,0
2021-41,71 - 80 años,2° Dosis refuerzo > 6 meses,0,0,0,0,0,0,0,0,0,0,0,0,0
2021-41,80 años o más,2° Dosis refuerzo > 6 meses,0,0,0,0,0,0,0,0,0,0,0,0,0
2021-41,Total,2° Dosis refuerzo > 6 meses,0,0,0,0,0,0,0,0,0,0,0,0,0
2021-41,03 - 05 años,2° Dosis refuerzo > 14 días y < 6 meses,0,0,0,0,0,0,0,0,0,0,0,0,0
2021-41,06 - 11 años,2° Dosis refuerzo > 14 días y < 6 meses,0,0,0,0,0,0,0,0,0,0,0,0,0
2021-41,12 - 20 años,2° Dosis refuerzo > 14 días y < 6 meses,0,0,0,0,0,0,0,0,0,0,0,0,0
2021-41,21 - 30 años,2° Dosis refuerzo > 14 días y < 6 meses,0,0,0,0,0,0,0,0,0,0,0,0,0
2021-41,31 - 40 años,2° Dosis refuerzo > 14 días y < 6 meses,0,0,0,0,0,0,0,0,0,0,0,0,0
2021-41,41 - 50 años,2° Dosis refuerzo > 14 días y < 6 meses,0,0,0,0,0,0,0,0,0,0,0,0,0
2021-41,51 - 60 años,2° Dosis refuerzo > 14 días y < 6 meses,0,0,0,0,0,0,0,0,0,0,0,0,0
2021-41,61 - 70 años,2° Dosis refuerzo > 14 días y < 6 meses,0,0,0,0,0,0,0,0,0,0,0,0,0
2021-41,71 - 80 años,2° Dosis refuerzo > 14 días y < 6 meses,0,0,0,0,0,0,0,0,0,0,0,0,0
2021-41,80 años o más,2° Dosis refuerzo > 14 días y < 6 meses,0,0,0,0,0,0,0,0,0,0,0,0,0
2021-41,Total,2° Dosis refuerzo > 14 días y < 6 meses,0,0,0,0,0,0,0,0,0,0,0,0,0
2021-42,03 - 05 años,Sin esquema completo,221,3,0,0,706923,31.262244968688243,0.42437436609079066,0,0,1.6594167981919679,0.02252601988495884,0,0
2021-42,06 - 11 años,Sin esquema completo,496,4,2,0,1541903,32.16804169912115,0.25941969112194474,0.12970984556097237,0,3.728963466208081,0.030072286017807107,0.015036143008903553,0
2021-42,12 - 20 años,Sin esquema completo,507,11,3,0,893702,56.730319502473975,1.2308353343732028,0.33568236391996437,0,9.338957279774853,0.2026203749063578,0.05526010224718848,0
2021-42,21 - 30 años,Sin esquema completo,587,12,5,1,394577,148.76690734634812,3.0412314960071165,1.267179790002965,0.25343595800059304,25.08386152219714,0.5127876290738768,0.2136615121141153,0.04273230242282307
2021-42,31 - 40 años,Sin esquema completo,432,20,5,0,474673,91.01002163594727,4.2134269275901515,1.0533567318975379,0,14.71962844344752,0.6814642797892371,0.17036606994730927,0
2021-42,41 - 50 años,Sin esquema completo,289,29,9,1,341993,84.50465360402113,8.479705724970978,2.63163281119789,0.29240364568865446,11.48205322872233,1.1521783516710988,0.3575725918979273,0.03973028798865859
2021-42,51 - 60 años,Sin esquema completo,174,31,15,4,136646,127.33632890827393,22.68635744917524,10.977269733471891,2.9272719289258378,11.470044343679312,2.043513647437119,0.9887969261792511,0.26367918031446697
2021-42,61 - 70 años,Sin esquema completo,98,23,11,4,216746,45.214213872459005,10.611499174148543,5.075064822418868,1.8454781172432249,2.7013244235132,0.6339843034775878,0.30320988427188983,0.11025813973523267
2021-42,71 - 80 años,Sin esquema completo,48,20,7,10,101247,47.408812112951495,19.75367171372979,6.913785099805426,9.876835856864895,1.783404843996186,0.7430853516650775,0.2600798730827771,0.37154267583253875
2021-42,80 años o más,Sin esquema completo,41,21,3,7,94025,43.605424089337944,22.334485509173092,3.1906407870247273,7.444828503057697,0.5544656105291876,0.28399458100275465,0.040570654428964945,0.09466486033425155
2021-42,Total,Sin esquema completo,2893,174,60,27,4902435,59.01149122833858,3.549256644912171,1.2238816016938523,0.5507467207622335,82.52211996025977,6.306226824925876,2.4045537571783266,0.9226074466279716
2021-42,03 - 05 años,Esquema completo > 6 meses,0,0,0,0,0,0,0,0,0,0,0,0,0
2021-42,06 - 11 años,Esquema completo > 6 meses,0,0,0,0,0,0,0,0,0,0,0,0,0
2021-42,12 - 20 años,Esquema completo > 6 meses,40,3,2,0,73973,54.073783677828395,4.05553377583713,2.7036891838914197,0,8.901637786492701,0.6676228339869527,0.445081889324635,0
2021-42,21 - 30 años,Esquema completo > 6 meses,487,5,1,0,387318,125.73647493790631,1.2909289007998594,0.2581857801599719,0,21.200658008496777,0.21766589331105518,0.04353317866221104,0
2021-42,31 - 40 años,Esquema completo > 6 meses,517,15,6,0,555416,93.08338254569549,2.7006784104166965,1.0802713641666786,0,15.054966263086138,0.43679786063112586,0.17471914425245033,0
2021-42,41 - 50 años,Esquema completo > 6 meses,371,12,3,0,625850,59.27938004314133,1.917392346408884,0.479348086602221,0,8.054574132809893,0.26052530887794806,0.06513132721948701,0
2021-42,51 - 60 años,Esquema completo > 6 meses,410,23,9,0,729711,56.18662730861944,3.1519327514591393,1.2333649897014023,0,5.061109522137109,0.28391590002232564,0.11109752609569262,0
2021-42,61 - 70 años,Esquema completo > 6 meses,312,42,15,3,371784,83.91969530695242,11.296882060551289,4.034600735911174,0.8069201471822349,5.013784452515745,0.6749325224540427,0.24104732944787233,0.04820946588957448
2021-42,71 - 80 años,Esquema completo > 6 meses,104,29,7,4,170535,60.98454862638168,17.005306828510278,4.104729234467998,2.3455595625531416,2.294091215997756,0.6396985121532205,0.15440998569215666,0.08823427753837523
2021-42,80 años o más,Esquema completo > 6 meses,63,16,3,14,108730,57.941690425825435,14.715349949415984,2.759128115515497,12.875931205738988,0.7367586814710936,0.18711331592916663,0.03508374673671875,0.16372415143802083
2021-42,Total,Esquema completo > 6 meses,2304,145,46,21,3023317,76.20768844285928,4.7960567813431405,1.5215076685640307,0.6946013269531445,66.31758006300721,3.368272147365837,1.2701041274312237,0.3001678948659705
2021-42,03 - 05 años,Esquema completo > 14 días y < 6 meses,0,0,0,0,0,0,0,0,0,0,0,0,0
2021-42,06 - 11 años,Esquema completo > 14 días y < 6 meses,2,0,0,0,227,881.057268722467,0,0,0,102.13336569981242,0,0,0
2021-42,12 - 20 años,Esquema completo > 14 días y < 6 meses,476,2,0,0,1282760,37.10748698119679,0.15591381084536468,0,0,6.1086424105558885,0.02566656475023483,0,0
2021-42,21 - 30 años,Esquema completo > 14 días y < 6 meses,2075,23,3,0,2025601,102.43873299825583,1.1354654741975345,0.14810419228663493,0,17.27238294371018,0.19145291937606465,0.024972119918617128,0
2021-42,31 - 40 años,Esquema completo > 14 días y < 6 meses,1755,37,13,1,1741050,100.80124063065392,2.125154360874185,0.7466758565233623,0.05743660434795095,16.303224436721976,0.3437147032243379,0.12076462545719982,0.009289586573630755
2021-42,41 - 50 años,Esquema completo > 14 días y < 6 meses,1144,27,16,1,1313059,87.12479789560103,2.056267083200374,1.218528641896518,0.07615804011853237,11.8380648202712,0.2793948864924147,0.16556734014365315,0.010347958758978322
2021-42,51 - 60 años,Esquema completo > 14 días y < 6 meses,597,36,11,2,744832,80.15230280116859,4.833304691527754,1.4768431001890359,0.2685169273070975,7.21985999800312,0.4353684420906404,0.13302924619436235,0.024187135671702248
2021-42,61 - 70 años,Esquema completo > 14 días y < 6 meses,109,13,5,0,180937,60.24196267209028,7.18482123612086,2.7633927831234075,0,3.5991576796077482,0.4292573379348691,0.1650989761287958,0
2021-42,71 - 80 años,Esquema completo > 14 días y < 6 meses,39,9,7,2,60283,64.69485592953238,14.929582137584394,11.611897218121195,3.3176849194631988,2.4336640026220744,0.5616147698358632,0.43681148765011585,0.1248032821857474
2021-42,80 años o más,Esquema completo > 14 días y < 6 meses,14,5,1,0,24690,56.70311867152693,20.251113811259618,4.050222762251924,0,0.7210095984550832,0.2575034280196725,0.05150068560393451,0
2021-42,Total,Esquema completo > 14 días y < 6 meses,6211,152,56,6,7373439,84.23477837139494,2.0614532784498523,0.7594827867973141,0.08137315572828364,167.6293715897597,2.5239730517240972,1.0977444810966785,0.16862796319005874
2021-42,03 - 05 años,1° Dosis refuerzo > 6 meses,0,0,0,0,0,0,0,0,0,0,0,0,0
2021-42,06 - 11 años,1° Dosis refuerzo > 6 meses,0,0,0,0,0,0,0,0,0,0,0,0,0
2021-42,12 - 20 años,1° Dosis refuerzo > 6 meses,0,0,0,0,0,0,0,0,0,0,0,0,0
2021-42,21 - 30 años,1° Dosis refuerzo > 6 meses,0,0,0,0,0,0,0,0,0,0,0,0,0
2021-42,31 - 40 años,1° Dosis refuerzo > 6 meses,0,0,0,0,0,0,0,0,0,0,0,0,0
2021-42,41 - 50 años,1° Dosis refuerzo > 6 meses,0,0,0,0,0,0,0,0,0,0,0,0,0
2021-42,51 - 60 años,1° Dosis refuerzo > 6 meses,0,0,0,0,0,0,0,0,0,0,0,0,0
2021-42,61 - 70 años,1° Dosis refuerzo > 6 meses,0,0,0,0,0,0,0,0,0,0,0,0,0
2021-42,71 - 80 años,1° Dosis refuerzo > 6 meses,0,0,0,0,0,0,0,0,0,0,0,0,0
2021-42,80 años o más,1° Dosis refuerzo > 6 meses,0,0,0,0,0,0,0,0,0,0,0,0,0
2021-42,Total,1° Dosis refuerzo > 6 meses,0,0,0,0,0,0,0,0,0,0,0,0,0
2021-42,03 - 05 años,1° Dosis refuerzo > 14 días y < 6 meses,0,0,0,0,0,0,0,0,0,0,0,0,0
2021-42,06 - 11 años,1° Dosis refuerzo > 14 días y < 6 meses,0,0,0,0,0,0,0,0,0,0,0,0,0
2021-42,12 - 20 años,1° Dosis refuerzo > 14 días y < 6 meses,1,0,0,0,20900,4.784688995215311,0,0,0,0.7876565215074457,0,0,0
2021-42,21 - 30 años,1° Dosis refuerzo > 14 días y < 6 meses,27,0,0,0,248261,10.875651028554625,0,0,0,1.8337634977440551,0,0,0
2021-42,31 - 40 años,1° Dosis refuerzo > 14 días y < 6 meses,23,1,1,0,353635,6.503881120364218,0.28277744001583555,0.28277744001583555,0,1.0519139739914207,0.04573539017354002,0.04573539017354002,0
2021-42,41 - 50 años,1° Dosis refuerzo > 14 días y < 6 meses,40,0,0,0,375226,10.660242094097958,0,0,0,1.4484583030072882,0,0,0
2021-42,51 - 60 años,1° Dosis refuerzo > 14 días y < 6 meses,87,4,0,0,772089,11.26813100562241,0.5180749887642487,0,0,1.0149967681098964,0.04666651807401822,0,0
2021-42,61 - 70 años,1° Dosis refuerzo > 14 días y < 6 meses,170,9,6,1,1069160,15.9003329716787,0.8417823337947548,0.5611882225298365,0.09353137042163942,0.9499658209152432,0.05029230816610111,0.033528205444067406,0.005588034240677902
2021-42,71 - 80 años,1° Dosis refuerzo > 14 días y < 6 meses,100,11,5,1,687036,14.555278034921024,1.6010805838413125,0.7277639017460511,0.14555278034921024,0.5475343548229941,0.06022877903052934,0.0273767177411497,0.00547534354822994
2021-42,80 años o más,1° Dosis refuerzo > 14 días y < 6 meses,50,11,4,4,292042,17.120825086802583,3.7665815190965684,1.3696660069442066,1.3696660069442066,0.21770018140560998,0.0478940399092342,0.0174160145124488,0.0174160145124488
2021-42,Total,1° Dosis refuerzo > 14 días y < 6 meses,498,36,16,6,3818349,13.042286077045341,0.9428158609912295,0.41902927155165753,0.15713597683187158,7.851989421503953,0.2508170353534229,0.12405632787120593,0.02847939230135664
2021-42,03 - 05 años,2° Dosis refuerzo > 6 meses,0,0,0,0,0,0,0,0,0,0,0,0,0
2021-42,06 - 11 años,2° Dosis refuerzo > 6 meses,0,0,0,0,0,0,0,0,0,0,0,0,0
2021-42,12 - 20 años,2° Dosis refuerzo > 6 meses,0,0,0,0,0,0,0,0,0,0,0,0,0
2021-42,21 - 30 años,2° Dosis refuerzo > 6 meses,0,0,0,0,0,0,0,0,0,0,0,0,0
2021-42,31 - 40 años,2° Dosis refuerzo > 6 meses,0,0,0,0,0,0,0,0,0,0,0,0,0
2021-42,41 - 50 años,2° Dosis refuerzo > 6 meses,0,0,0,0,0,0,0,0,0,0,0,0,0
2021-42,51 - 60 años,2° Dosis refuerzo > 6 meses,0,0,0,0,0,0,0,0,0,0,0,0,0
2021-42,61 - 70 años,2° Dosis refuerzo > 6 meses,0,0,0,0,0,0,0,0,0,0,0,0,0
2021-42,71 - 80 años,2° Dosis refuerzo > 6 meses,0,0,0,0,0,0,0,0,0,0,0,0,0
2021-42,80 años o más,2° Dosis refuerzo > 6 meses,0,0,0,0,0,0,0,0,0,0,0,0,0
2021-42,Total,2° Dosis refuerzo > 6 meses,0,0,0,0,0,0,0,0,0,0,0,0,0
2021-42,03 - 05 años,2° Dosis refuerzo > 14 días y < 6 meses,0,0,0,0,0,0,0,0,0,0,0,0,0
2021-42,06 - 11 años,2° Dosis refuerzo > 14 días y < 6 meses,0,0,0,0,0,0,0,0,0,0,0,0,0
2021-42,12 - 20 años,2° Dosis refuerzo > 14 días y < 6 meses,0,0,0,0,0,0,0,0,0,0,0,0,0
2021-42,21 - 30 años,2° Dosis refuerzo > 14 días y < 6 meses,0,0,0,0,0,0,0,0,0,0,0,0,0
2021-42,31 - 40 años,2° Dosis refuerzo > 14 días y < 6 meses,0,0,0,0,0,0,0,0,0,0,0,0,0
2021-42,41 - 50 años,2° Dosis refuerzo > 14 días y < 6 meses,0,0,0,0,0,0,0,0,0,0,0,0,0
2021-42,51 - 60 años,2° Dosis refuerzo > 14 días y < 6 meses,0,0,0,0,0,0,0,0,0,0,0,0,0
2021-42,61 - 70 años,2° Dosis refuerzo > 14 días y < 6 meses,0,0,0,0,0,0,0,0,0,0,0,0,0
2021-42,71 - 80 años,2° Dosis refuerzo > 14 días y < 6 meses,0,0,0,0,0,0,0,0,0,0,0,0,0
2021-42,80 años o más,2° Dosis refuerzo > 14 días y < 6 meses,0,0,0,0,0,0,0,0,0,0,0,0,0
2021-42,Total,2° Dosis refuerzo > 14 días y < 6 meses,0,0,0,0,0,0,0,0,0,0,0,0,0
2021-43,03 - 05 años,Sin esquema completo,235,2,0,0,706921,33.24275272625937,0.28291704447880317,0,0,1.7645432165011687,0.015017389076605693,0,0
2021-43,06 - 11 años,Sin esquema completo,597,5,0,0,1527123,39.09311823605564,0.32741305055322983,0,0,4.531727826204201,0.037954169398695156,0,0
2021-43,12 - 20 años,Sin esquema completo,504,10,2,0,770780,65.38830794779315,1.2973870624562132,0.2594774124912426,0,10.76423718175203,0.213576134558572,0.0427152269117144,0
2021-43,21 - 30 años,Sin esquema completo,632,22,8,0,381275,165.75962231984786,5.770113435184578,2.0982230673398465,0,27.949034408322184,0.9729094256061521,0.3537852456749644,0
2021-43,31 - 40 años,Sin esquema completo,467,19,6,1,464985,100.43334731227888,4.086153316773659,1.290364205296945,0.21506070088282417,16.243722715307502,0.6608795109011617,0.20869879291615634,0.03478313215269272
2021-43,41 - 50 años,Sin esquema completo,298,34,13,0,337125,88.39451242120874,10.085279940674823,3.85613644790508,0,12.010587032321494,1.3703354332178885,0.5239517832891928,0
2021-43,51 - 60 años,Sin esquema completo,218,35,16,4,133916,162.78861375787807,26.13578661250336,11.947788165715822,2.9869470414289556,14.663471410377852,2.3542270612991967,1.0762180851653471,0.2690545212913368
2021-43,61 - 70 años,Sin esquema completo,105,43,22,10,215565,48.70920603994155,19.947579616357014,10.205738408368706,4.638972003803957,2.9101328245315075,1.1917686805224268,0.6097421156161255,0.27715550709823883
2021-43,71 - 80 años,Sin esquema completo,67,18,8,6,100754,66.49860055183913,17.86529567064335,7.940131409174822,5.955098556881117,2.5015165125961674,0.6720492123392688,0.29868853881745283,0.22401640411308962
2021-43,80 años o más,Sin esquema completo,39,17,4,16,93753,41.598668842597036,18.132753085234604,4.26653013770226,17.06612055080904,0.5289486755078192,0.23056737137520325,0.054251146205930176,0.2170045848237207
2021-43,Total,Sin esquema completo,3162,205,79,37,4732197,66.81885813291375,4.332025906782833,1.6694148616382625,0.7818778465900722,93.86792180342192,7.719284388295171,3.1680509345968835,1.0220141494790786
2021-43,03 - 05 años,Esquema completo > 6 meses,0,0,0,0,0,0,0,0,0,0,0,0,0
2021-43,06 - 11 años,Esquema completo > 6 meses,0,0,0,0,0,0,0,0,0,0,0,0,0
2021-43,12 - 20 años,Esquema completo > 6 meses,52,0,0,0,82087,63.347424074457585,0,0,0,10.428266443825354,0,0,0
2021-43,21 - 30 años,Esquema completo > 6 meses,580,2,0,0,442108,131.18966406398437,0.45237815194477365,0,0,22.12013024417642,0.07627631118681524,0,0
2021-43,31 - 40 años,Esquema completo > 6 meses,650,16,5,0,697770,93.15390458173897,2.293019189704344,0.7165684967826075,0,15.06637223958165,0.370864547435856,0.11589517107370499,0
2021-43,41 - 50 años,Esquema completo > 6 meses,512,23,6,0,716968,71.41183427991207,3.207953493042925,0.8368574329677196,0,9.703068971856375,0.43588005147011055,0.1137078395139419,0
2021-43,51 - 60 años,Esquema completo > 6 meses,609,37,13,1,806155,75.54378500412452,4.589688087278501,1.6125931117465004,0.12404562398050002,6.804739631773557,0.4134242469222029,0.1452571678375308,0.011173628295194674
2021-43,61 - 70 años,Esquema completo > 6 meses,317,46,19,4,372909,85.00733422899421,12.33544913102124,5.095076814987034,1.072647750523586,5.078765469157166,0.736981740003879,0.30440550130595,0.06408536869598946
2021-43,71 - 80 años,Esquema completo > 6 meses,143,30,9,6,170288,83.9753828807667,17.61721319176924,5.285163957530772,3.5234426383538477,3.1589507927173015,0.6627169495211122,0.19881508485633367,0.13254338990422243
2021-43,80 años o más,Esquema completo > 6 meses,79,25,3,18,108242,72.9846085622956,23.096395114650505,2.771567413758061,16.629404482548363,0.9280371969968249,0.29368265727747617,0.03524191887329715,0.21145151323978284
2021-43,Total,Esquema completo > 6 meses,2942,179,55,29,3396527,86.61788939113394,5.270089123389862,1.6193011272985613,0.853813321666514,73.28833099008465,2.989826503817452,0.9133226834607585,0.41925390013518943
2021-43,03 - 05 años,Esquema completo > 14 días y < 6 meses,0,0,0,0,0,0,0,0,0,0,0,0,0
2021-43,06 - 11 años,Esquema completo > 14 días y < 6 meses,6,0,0,0,15006,39.98400639744102,0,0,0,4.635000802450503,0,0,0
2021-43,12 - 20 años,Esquema completo > 14 días y < 6 meses,520,1,0,0,1387087,37.48863625713456,0.0720935312637203,0,0,6.171387285543675,0.011868052472199374,0,0
2021-43,21 - 30 años,Esquema completo > 14 días y < 6 meses,2080,18,3,1,1926466,107.96972279811841,0.9343533703683324,0.1557255617280554,0.05190852057601847,18.204973293911095,0.15754303812038448,0.02625717302006408,0.008752391006688027
2021-43,31 - 40 años,Esquema completo > 14 días y < 6 meses,1802,35,8,1,1536264,117.29754781730223,2.278254258382674,0.5207438304874683,0.06509297881093354,18.971276900743444,0.3684765213795897,0.08422320488676335,0.01052790061084542
2021-43,41 - 50 años,Esquema completo > 14 días y < 6 meses,1162,41,14,0,1113241,104.37991414258009,3.682940171984323,1.2575893270190373,0,14.182600354893843,0.5004187732793869,0.17087470307101016,0
2021-43,51 - 60 años,Esquema completo > 14 días y < 6 meses,490,34,9,6,523505,93.59987010630272,6.494684864518963,1.7191812876667845,1.146120858444523,8.431173333536844,0.5850201904903115,0.15485828571802365,0.1032388571453491
2021-43,61 - 70 años,Esquema completo > 14 días y < 6 meses,103,14,7,1,155409,66.27672786003384,9.008487281946348,4.504243640973174,0.6434633772818821,3.9597048880219807,0.5382123148767741,0.26910615743838706,0.03844373677691244
2021-43,71 - 80 años,Esquema completo > 14 días y < 6 meses,24,7,1,4,53527,44.83718497207017,13.077512283520466,1.8682160405029238,7.472864162011695,1.6866664509507523,0.49194438152730274,0.07027776878961468,0.28111107515845873
2021-43,80 años o más,Esquema completo > 14 días y < 6 meses,17,1,0,1,22048,77.1044992743106,4.5355587808418,0,4.5355587808418,0.980423746758864,0.05767198510346259,0,0.05767198510346259
2021-43,Total,Esquema completo > 14 días y < 6 meses,6204,151,42,14,6732553,92.14929314332913,2.2428341819217765,0.6238346731173152,0.20794489103910507,77.223207056811,2.7111552572494113,0.775597292923863,0.49974594580171633
2021-43,03 - 05 años,1° Dosis refuerzo > 6 meses,0,0,0,0,0,0,0,0,0,0,0,0,0
2021-43,06 - 11 años,1° Dosis refuerzo > 6 meses,0,0,0,0,0,0,0,0,0,0,0,0,0
2021-43,12 - 20 años,1° Dosis refuerzo > 6 meses,0,0,0,0,0,0,0,0,0,0,0,0,0
2021-43,21 - 30 años,1° Dosis refuerzo > 6 meses,0,0,0,0,0,0,0,0,0,0,0,0,0
2021-43,31 - 40 años,1° Dosis refuerzo > 6 meses,0,0,0,0,0,0,0,0,0,0,0,0,0
2021-43,41 - 50 años,1° Dosis refuerzo > 6 meses,0,0,0,0,0,0,0,0,0,0,0,0,0
2021-43,51 - 60 años,1° Dosis refuerzo > 6 meses,0,0,0,0,0,0,0,0,0,0,0,0,0
2021-43,61 - 70 años,1° Dosis refuerzo > 6 meses,0,0,0,0,0,0,0,0,0,0,0,0,0
2021-43,71 - 80 años,1° Dosis refuerzo > 6 meses,0,0,0,0,0,0,0,0,0,0,0,0,0
2021-43,80 años o más,1° Dosis refuerzo > 6 meses,0,0,0,0,0,0,0,0,0,0,0,0,0
2021-43,Total,1° Dosis refuerzo > 6 meses,0,0,0,0,0,0,0,0,0,0,0,0,0
2021-43,03 - 05 años,1° Dosis refuerzo > 14 días y < 6 meses,0,0,0,0,0,0,0,0,0,0,0,0,0
2021-43,06 - 11 años,1° Dosis refuerzo > 14 días y < 6 meses,0,0,0,0,0,0,0,0,0,0,0,0,0
2021-43,12 - 20 años,1° Dosis refuerzo > 14 días y < 6 meses,0,0,0,0,31381,0,0,0,0,0,0,0,0
2021-43,21 - 30 años,1° Dosis refuerzo > 14 días y < 6 meses,36,0,0,0,305908,11.768244047229885,0,0,0,1.9842652462545902,0,0,0
2021-43,31 - 40 años,1° Dosis refuerzo > 14 días y < 6 meses,36,2,1,0,425755,8.4555671689117,0.4697537316062054,0.2348768658031027,0,1.3675725460528092,0.07597625255848939,0.037988126279244694,0
2021-43,41 - 50 años,1° Dosis refuerzo > 14 días y < 6 meses,38,1,0,1,488794,7.774236181295188,0.20458516266566285,0,0.20458516266566282,1.0563228158365323,0.027797968837803486,0,0.027797968837803482
2021-43,51 - 60 años,1° Dosis refuerzo > 14 días y < 6 meses,105,4,1,0,919702,11.416741509749897,0.43492348608571035,0.10873087152142759,0,1.0283831212967132,0.0391764998589224,0.0097941249647306,0
2021-43,61 - 70 años,1° Dosis refuerzo > 14 días y < 6 meses,193,11,3,1,1094744,17.62969242124186,1.0048011224541993,0.27403666976023616,0.0913455565867454,1.0532864477277744,0.0600318700777488,0.0163723282030224,0.005457442734340801
2021-43,71 - 80 años,1° Dosis refuerzo > 14 días y < 6 meses,148,22,6,2,694532,21.30931332177639,3.1676006289127066,0.8638910806125564,0.2879636935375188,0.8016048263294597,0.11915747418410888,0.032497492959302425,0.010832497653100806
2021-43,80 años o más,1° Dosis refuerzo > 14 días y < 6 meses,72,13,2,6,295444,24.370100594359673,4.400157051759386,0.6769472387322132,2.03084171619664,0.30987848385617,0.05595028180736404,0.00860773566267139,0.025823206988014175
2021-43,Total,1° Dosis refuerzo > 14 días y < 6 meses,628,53,13,10,4256260,14.754737727488452,1.24522468082307,0.30543246888113035,0.2349480529854849,7.601313487354049,0.378090347324437,0.1052598080689715,0.06991111621325927
2021-43,03 - 05 años,2° Dosis refuerzo > 6 meses,0,0,0,0,0,0,0,0,0,0,0,0,0
2021-43,06 - 11 años,2° Dosis refuerzo > 6 meses,0,0,0,0,0,0,0,0,0,0,0,0,0
2021-43,12 - 20 años,2° Dosis refuerzo > 6 meses,0,0,0,0,0,0,0,0,0,0,0,0,0
2021-43,21 - 30 años,2° Dosis refuerzo > 6 meses,0,0,0,0,0,0,0,0,0,0,0,0,0
2021-43,31 - 40 años,2° Dosis refuerzo > 6 meses,0,0,0,0,0,0,0,0,0,0,0,0,0
2021-43,41 - 50 años,2° Dosis refuerzo > 6 meses,0,0,0,0,0,0,0,0,0,0,0,0,0
2021-43,51 - 60 años,2° Dosis refuerzo > 6 meses,0,0,0,0,0,0,0,0,0,0,0,0,0
2021-43,61 - 70 años,2° Dosis refuerzo > 6 meses,0,0,0,0,0,0,0,0,0,0,0,0,0
2021-43,71 - 80 años,2° Dosis refuerzo > 6 meses,0,0,0,0,0,0,0,0,0,0,0,0,0
2021-43,80 años o más,2° Dosis refuerzo > 6 meses,0,0,0,0,0,0,0,0,0,0,0,0,0
2021-43,Total,2° Dosis refuerzo > 6 meses,0,0,0,0,0,0,0,0,0,0,0,0,0
2021-43,03 - 05 años,2° Dosis refuerzo > 14 días y < 6 meses,0,0,0,0,0,0,0,0,0,0,0,0,0
2021-43,06 - 11 años,2° Dosis refuerzo > 14 días y < 6 meses,0,0,0,0,0,0,0,0,0,0,0,0,0
2021-43,12 - 20 años,2° Dosis refuerzo > 14 días y < 6 meses,0,0,0,0,0,0,0,0,0,0,0,0,0
2021-43,21 - 30 años,2° Dosis refuerzo > 14 días y < 6 meses,0,0,0,0,0,0,0,0,0,0,0,0,0
2021-43,31 - 40 años,2° Dosis refuerzo > 14 días y < 6 meses,0,0,0,0,0,0,0,0,0,0,0,0,0
2021-43,41 - 50 años,2° Dosis refuerzo > 14 días y < 6 meses,0,0,0,0,0,0,0,0,0,0,0,0,0
2021-43,51 - 60 años,2° Dosis refuerzo > 14 días y < 6 meses,0,0,0,0,0,0,0,0,0,0,0,0,0
2021-43,61 - 70 años,2° Dosis refuerzo > 14 días y < 6 meses,0,0,0,0,0,0,0,0,0,0,0,0,0
2021-43,71 - 80 años,2° Dosis refuerzo > 14 días y < 6 meses,0,0,0,0,0,0,0,0,0,0,0,0,0
2021-43,80 años o más,2° Dosis refuerzo > 14 días y < 6 meses,0,0,0,0,0,0,0,0,0,0,0,0,0
2021-43,Total,2° Dosis refuerzo > 14 días y < 6 meses,0,0,0,0,0,0,0,0,0,0,0,0,0
2021-44,03 - 05 años,Sin esquema completo,264,1,0,0,706919,37.34515552701229,0.14145892245080413,0,0,1.9823009663792581,0.007508715781739614,0,0
2021-44,06 - 11 años,Sin esquema completo,702,3,1,0,1514093,46.36439109090393,0.1981384234654014,0.0660461411551338,0,5.374623737685831,0.02296847751147791,0.0076561591704926366,0
2021-44,12 - 20 años,Sin esquema completo,581,7,1,0,552078,105.23875249511845,1.2679367770496197,0.18113382529280284,0,17.324425851080395,0.2087280223021734,0.029818288900310488,0
2021-44,21 - 30 años,Sin esquema completo,701,23,5,0,366698,191.16548222242827,6.272191285471969,1.3635198446678194,0,32.23276311530543,1.0575656942254277,0.22990558570117997,0
2021-44,31 - 40 años,Sin esquema completo,582,29,10,2,454094,128.167295758147,6.386342915783956,2.2021872123392954,0.44043744246785904,20.729310225943394,1.0329037741449456,0.35617371522239505,0.07123474304447901
2021-44,41 - 50 años,Sin esquema completo,384,51,23,2,331515,115.83186281163749,15.383919279670604,6.93784594965537,0.6032909521439452,15.73863163344175,2.090287013816482,0.9426784572113547,0.08197203975750911
2021-44,51 - 60 años,Sin esquema completo,255,52,20,4,130800,194.954128440367,39.75535168195719,15.290519877675841,3.058103975535168,17.56083685909579,3.5810333987175724,1.3773205379682971,0.2754641075936594
2021-44,61 - 70 años,Sin esquema completo,156,37,24,6,214176,72.83729269385925,17.275511728671745,11.205737337516808,2.801434334379202,4.351666010416932,1.0321259127270928,0.6694870785256819,0.16737176963142048
2021-44,71 - 80 años,Sin esquema completo,79,38,13,5,100156,78.87695195495027,37.94081233276089,12.979751587523463,4.992212149047486,2.967160152862881,1.4272415925163224,0.48826686059768926,0.18779494638372662
2021-44,80 años o más,Sin esquema completo,51,18,1,18,93457,54.570551162566744,19.26019452796473,1.0700108071091519,19.26019452796473,0.6938928951883572,0.24490337477236135,0.013605743042908965,0.24490337477236135
2021-44,Total,Sin esquema completo,3755,259,98,37,4463986,84.11764732237063,5.801989522368574,2.1953473868421627,0.8288556460526533,118.95561144740002,10.705265976515596,4.11491242634031,1.028740981183156
2021-44,03 - 05 años,Esquema completo > 6 meses,0,0,0,0,0,0,0,0,0,0,0,0,0
2021-44,06 - 11 años,Esquema completo > 6 meses,0,0,0,0,0,0,0,0,0,0,0,0,0
2021-44,12 - 20 años,Esquema completo > 6 meses,86,0,0,0,82638,104.06834628137176,0,0,0,17.131753330882677,0,0,0
2021-44,21 - 30 años,Esquema completo > 6 meses,767,4,0,1,467884,163.92952099238272,0.8549127561532346,0,0.21372818903830865,27.640457661728604,0.14414841023065766,0,0.036037102557664416
2021-44,31 - 40 años,Esquema completo > 6 meses,726,15,2,1,653186,111.14751387812966,2.2964362371514393,0.30619149828685854,0.15309574914342927,17.976592877248432,0.3714172082076122,0.04952229442768163,0.024761147213840814
2021-44,41 - 50 años,Esquema completo > 6 meses,497,26,10,0,670002,74.1788830481103,3.8805854310882655,1.4925328581108712,0,10.079041180343253,0.5272737840823434,0.20279760926243973,0
2021-44,51 - 60 años,Esquema completo > 6 meses,673,42,10,0,755473,89.08326306830291,5.559430979002559,1.323674042619657,0,8.024331990983692,0.5007755477285514,0.1192322732687027,0
2021-44,61 - 70 años,Esquema completo > 6 meses,358,45,14,2,358747,99.79177526223215,12.543658901677226,3.9024716582995818,0.5574959511856545,5.962062296206574,0.7494212383499884,0.23315327415332976,0.03330761059333282
2021-44,71 - 80 años,Esquema completo > 6 meses,180,36,22,20,165507,108.75672932262684,21.75134586452537,13.292489139432169,12.084081035847428,4.091165107217863,0.8182330214435727,0.5000312908821832,0.45457390080198484
2021-44,80 años o más,Esquema completo > 6 meses,86,28,2,15,106093,81.0609559537387,26.39193914772888,1.8851385105520628,14.13853882914047,1.0307321479292537,0.3355872109537105,0.02397051506812218,0.17977886301091633
2021-44,Total,Esquema completo > 6 meses,3373,196,60,39,3259530,103.48117673406902,6.013136863290106,1.8407561826398287,1.1964915187158884,91.93613659254035,3.4468564209964363,1.1287072570624592,0.7284586241777392
2021-44,03 - 05 años,Esquema completo > 14 días y < 6 meses,0,0,0,0,0,0,0,0,0,0,0,0,0
2021-44,06 - 11 años,Esquema completo > 14 días y < 6 meses,4,0,0,0,28031,14.269915450750956,0,0,0,1.6541881498239392,0,0,0
2021-44,12 - 20 años,Esquema completo > 14 días y < 6 meses,815,2,1,0,1593382,51.14906532143579,0.1255191787029099,0.06275958935145495,0,8.4201700277128,0.020662993933037544,0.010331496966518772,0
2021-44,21 - 30 años,Esquema completo > 14 días y < 6 meses,2800,18,4,0,1851286,151.24621479339228,0.9722970951003789,0.21606602113341752,0,25.501902105159722,0.16394079924745533,0.03643128872165674,0
2021-44,31 - 40 años,Esquema completo > 14 días y < 6 meses,2026,25,5,0,1418869,142.78978538540204,1.7619667495730755,0.3523933499146151,0,23.094298282888815,0.28497406568224104,0.056994813136448205,0
2021-44,41 - 50 años,Esquema completo > 14 días y < 6 meses,1236,38,11,1,944359,130.88242924565765,4.023893455772646,1.1648112635131342,0.10589193304664858,17.783624394758956,0.54674573381945,0.15826850189510394,0.014388045626827634
2021-44,51 - 60 años,Esquema completo > 14 días y < 6 meses,455,29,8,3,415357,109.54431970569897,6.981945651572021,1.9260539728474542,0.7222702398177953,9.867397744186958,0.6289110650141136,0.17349270759010033,0.06505976534628762
2021-44,61 - 70 años,Esquema completo > 14 días y < 6 meses,120,12,1,4,137263,87.42341344717805,8.742341344717804,0.7285284453931504,2.9141137815726017,5.223114187010208,0.5223114187010208,0.0435259515584184,0.1741038062336736
2021-44,71 - 80 años,Esquema completo > 14 días y < 6 meses,41,6,4,3,48641,84.29103020085935,12.335272712320881,8.223515141547255,6.167636356160441,3.1708246814430194,0.4640231241136126,0.3093487494090751,0.2320115620568063
2021-44,80 años o más,Esquema completo > 14 días y < 6 meses,12,6,0,3,20169,59.49724825226833,29.748624126134168,0,14.874312063067082,0.7565384069975565,0.3782692034987783,0,0.18913460174938912
2021-44,Total,Esquema completo > 14 días y < 6 meses,7509,136,34,14,6457357,116.28596653398596,2.106124843337607,0.5265312108344018,0.2168069691671066,95.47205797998197,3.0098384040097095,0.7883935092773214,0.6746977810129843
2021-44,03 - 05 años,1° Dosis refuerzo > 6 meses,0,0,0,0,0,0,0,0,0,0,0,0,0
2021-44,06 - 11 años,1° Dosis refue