Region,Codigo region,Comuna,Codigo comuna,Poblacion,2020-08-24,2020-08-31,2020-09-07,2020-09-14,2020-09-21,2020-09-28,2020-10-05,2020-10-12,2020-10-19,2020-10-26,2020-11-02,2020-11-09,2020-11-16,2020-11-23,2020-11-30,2020-12-07,2020-12-14,2020-12-21,2020-12-28,2021-01-04,2021-01-11,2021-01-18,2021-01-25,2021-02-01,2021-02-08,2021-02-15,2021-02-22,2021-03-01,2021-03-08,2021-03-15,2021-03-22,2021-03-29,2021-04-05,2021-04-12,2021-04-19,2021-04-26,2021-05-03,2021-05-10,2021-05-17,2021-05-24,2021-05-31,2021-06-07,2021-06-14,2021-06-21,2021-06-28,2021-07-05
Arica y Parinacota,15,Arica,15101,247552,98.1,,,,,,,,,,,,,,,,,99.2,97.1,96.5,98.0,96.4,99.0,93.5,93.7,98.7,97.5,99.4,98.0,98.5,99.3,98.0,88.0,96.6,97.1,98.2,97.2,97.9,99.0,98.6,98.7,98.9,99.5,99.5,99.5,98.9
Arica y Parinacota,15,Camarones,15102,1233,,,,,,,,,,,,,,,,,,,,,,100.0,100.0,,,,0.0,100.0,100.0,100.0,,,100.0,100.0,100.0,,100.0,,100.0,100.0,,100.0,100.0,100.0,100.0,100.0
Arica y Parinacota,15,General Lagos,15202,810,100.0,,,,,,,,,,,,,,,,,,,,,,,,,,0.0,,,,,,,100.0,100.0,100.0,100.0,100.0,100.0,,,,,100.0,100.0,100.0
Arica y Parinacota,15,Putre,15201,2515,100.0,,,,,,,,,,,,,,,,,,,,100.0,100.0,100.0,100.0,100.0,100.0,,100.0,,,100.0,100.0,100.0,100.0,100.0,100.0,100.0,100.0,,100.0,100.0,100.0,,100.0,100.0,100.0
Tarapaca,01,Alto Hospicio,01107,129999,92.9,89.4,93.8,95.6,94.1,100.0,98.0,100.0,96.8,95.7,100.0,98.3,89.1,94.3,100.0,90.1,97.8,95.8,98.0,98.9,98.2,98.2,98.4,96.1,98.1,96.6,93.9,97.3,97.4,96.7,92.9,95.5,95.6,93.0,97.0,95.4,97.5,98.1,99.5,97.5,100.0,100.0,99.3,100.0,99.2,98.7
Tarapaca,01,Camina,01402,1375,100.0,,,,,,100.0,100.0,100.0,100.0,,100.0,100.0,100.0,100.0,100.0,100.0,,,100.0,100.0,100.0,100.0,,100.0,100.0,100.0,100.0,100.0,100.0,100.0,100.0,,100.0,100.0,100.0,100.0,100.0,100.0,100.0,100.0,100.0,100.0,100.0,100.0,100.0
Tarapaca,01,Colchane,01403,1583,100.0,0.0,,,,,,,,,,,,100.0,100.0,100.0,,100.0,100.0,,,,100.0,100.0,100.0,,100.0,0.0,,,,100.0,,100.0,100.0,100.0,,,,100.0,,0.0,,,100.0,
Tarapaca,01,Huara,01404,3000,75.0,100.0,100.0,100.0,0.0,,100.0,100.0,,100.0,100.0,100.0,66.7,100.0,,100.0,100.0,100.0,,100.0,100.0,100.0,96.8,100.0,100.0,50.0,88.2,100.0,75.0,100.0,66.7,100.0,57.1,66.7,100.0,40.0,100.0,100.0,100.0,80.0,100.0,50.0,85.7,80.0,100.0,100.0
Tarapaca,01,Iquique,01101,223463,96.8,91.0,95.3,97.9,97.8,96.2,98.4,96.6,98.9,98.0,98.2,95.3,92.5,97.9,97.1,96.3,97.6,96.6,98.5,98.4,97.0,97.0,97.8,95.3,95.3,97.2,93.7,98.3,97.6,95.9,95.2,96.6,93.2,93.8,93.0,96.1,97.1,98.7,98.2,98.1,99.7,99.7,100.0,99.3,100.0,99.4
Tarapaca,01,Pica,01405,5958,100.0,100.0,100.0,100.0,100.0,100.0,100.0,100.0,100.0,100.0,100.0,100.0,100.0,100.0,,100.0,100.0,100.0,75.0,100.0,100.0,100.0,94.4,100.0,85.7,91.7,100.0,93.3,100.0,100.0,100.0,71.4,87.5,100.0,62.5,91.7,91.7,100.0,100.0,100.0,100.0,100.0,100.0,100.0,100.0,100.0
Tarapaca,01,Pozo Almonte,01401,17395,78.4,65.9,89.7,92.3,100.0,100.0,83.3,88.9,100.0,100.0,83.3,93.1,85.3,100.0,100.0,100.0,91.7,100.0,93.8,82.6,71.1,89.2,81.1,90.0,97.4,97.7,93.3,100.0,92.9,92.3,100.0,67.9,97.2,83.3,90.2,93.9,87.5,100.0,100.0,100.0,100.0,100.0,100.0,100.0,100.0,100.0
Antofagasta,02,Antofagasta,02101,425725,97.9,94.0,97.0,98.2,98.7,96.4,97.0,97.5,98.2,99.0,98.5,98.5,96.3,100.0,98.2,94.5,96.5,99.3,97.9,99.1,98.6,97.4,97.8,95.8,94.6,97.8,96.4,95.2,97.0,97.4,96.2,96.1,94.8,97.6,97.8,99.6,98.8,98.1,97.7,92.5,96.7,94.0,97.7,98.9,97.5,98.3
Antofagasta,02,Calama,02201,190336,96.2,97.1,,91.6,96.6,92.2,98.6,100.0,95.7,100.0,93.1,93.1,91.2,97.4,97.1,100.0,100.0,97.5,96.3,98.6,98.9,97.1,97.4,93.2,98.2,96.9,96.8,98.0,97.8,95.4,98.0,99.0,96.6,94.3,96.6,97.6,96.8,96.7,93.3,93.1,88.6,94.2,97.4,97.8,98.9,98.3
Antofagasta,02,Maria Elena,02302,6814,100.0,100.0,99.2,75.0,100.0,100.0,,,100.0,100.0,,,100.0,,,100.0,100.0,30.0,66.7,100.0,50.0,33.3,62.5,88.9,100.0,100.0,85.7,57.1,0.0,100.0,66.7,85.7,60.0,92.9,75.0,53.8,50.0,83.3,80.0,90.9,100.0,85.7,77.8,78.9,81.8,100.0
Antofagasta,02,Mejillones,02102,14776,93.8,85.7,100.0,91.7,100.0,100.0,100.0,77.8,100.0,100.0,100.0,100.0,100.0,100.0,100.0,100.0,100.0,100.0,100.0,100.0,98.2,81.2,100.0,99.1,100.0,96.5,98.4,96.4,100.0,100.0,100.0,100.0,100.0,95.5,96.2,95.2,100.0,100.0,100.0,100.0,100.0,96.3,96.0,100.0,100.0,100.0
Antofagasta,02,Ollague,02202,287,,,,,,,,,,,,,,,,,,100.0,66.7,,,,,100.0,,,,,,,,,,,,,,,,,,,,,,100.0
Antofagasta,02,San Pedro de Atacama,02203,10434,100.0,100.0,100.0,60.0,100.0,100.0,100.0,100.0,100.0,100.0,,,,,,100.0,,,,100.0,100.0,100.0,96.8,100.0,100.0,97.4,96.9,100.0,100.0,100.0,100.0,100.0,90.9,87.5,100.0,91.7,100.0,94.7,100.0,100.0,100.0,100.0,100.0,100.0,100.0,100.0
Antofagasta,02,Sierra Gorda,02103,1746,100.0,100.0,100.0,,100.0,100.0,100.0,100.0,100.0,100.0,,,,,,,100.0,100.0,,100.0,100.0,,,,,100.0,50.0,100.0,100.0,,,,100.0,100.0,100.0,100.0,100.0,100.0,100.0,100.0,100.0,100.0,100.0,100.0,100.0,100.0
Antofagasta,02,Taltal,02104,13657,72.7,100.0,100.0,100.0,100.0,100.0,100.0,100.0,80.0,100.0,,,100.0,100.0,,100.0,100.0,100.0,100.0,95.0,50.0,83.3,100.0,92.9,100.0,100.0,100.0,100.0,100.0,97.3,100.0,93.0,76.0,100.0,96.8,100.0,100.0,100.0,100.0,100.0,100.0,100.0,100.0,87.5,87.0,54.2
Antofagasta,02,Tocopilla,02301,28079,100.0,100.0,100.0,100.0,100.0,100.0,100.0,100.0,100.0,100.0,100.0,100.0,100.0,100.0,,100.0,100.0,100.0,100.0,100.0,100.0,98.0,100.0,99.1,99.0,91.6,94.8,97.6,92.6,98.7,95.7,100.0,97.6,63.4,100.0,97.7,100.0,100.0,100.0,100.0,100.0,100.0,97.2,100.0,100.0,100.0
Atacama,03,Alto del Carmen,03302,5729,0.0,0.0,,,100.0,66.7,100.0,,,,,,,,50.0,,100.0,,,,100.0,100.0,100.0,100.0,75.0,100.0,94.4,66.7,20.0,66.7,41.7,40.0,11.1,50.0,100.0,77.8,100.0,25.0,0.0,100.0,75.0,20.0,82.4,33.3,50.0,22.2
Atacama,03,Caldera,03102,19426,81.6,95.8,100.0,50.0,41.7,25.0,,100.0,100.0,100.0,57.1,66.7,,0.0,,100.0,100.0,100.0,92.9,85.7,95.0,88.9,82.9,86.5,42.9,85.7,100.0,79.2,85.7,84.2,74.2,77.8,66.7,40.5,71.9,76.8,50.0,86.7,83.3,88.1,90.5,57.9,82.1,95.0,93.8,84.2
Atacama,03,Chanaral,03201,13164,100.0,56.7,93.1,91.3,100.0,100.0,100.0,100.0,,100.0,100.0,,100.0,,100.0,,,,,100.0,100.0,100.0,94.4,100.0,100.0,25.0,100.0,100.0,100.0,100.0,100.0,96.3,95.8,100.0,87.5,100.0,100.0,100.0,100.0,100.0,92.9,100.0,100.0,100.0,96.6,100.0
Atacama,03,Copiapo,03101,171766,70.3,85.5,93.9,85.1,85.0,89.0,97.0,98.6,100.0,100.0,95.7,77.8,100.0,100.0,100.0,100.0,100.0,94.3,83.7,93.7,95.0,91.5,91.5,89.6,91.3,93.1,82.1,77.0,75.2,81.5,87.5,90.4,77.4,81.2,76.3,87.1,83.3,83.4,81.5,83.3,85.2,82.8,84.9,75.3,88.9,78.6
Atacama,03,Diego de Almagro,03202,14358,82.1,83.3,81.2,81.8,71.4,73.1,100.0,97.0,62.5,85.0,100.0,66.7,100.0,50.0,,100.0,100.0,100.0,100.0,,83.3,82.4,100.0,93.5,95.0,80.0,46.2,100.0,64.3,100.0,84.8,63.6,66.7,80.0,74.3,86.7,100.0,94.4,78.6,91.5,76.9,78.4,82.8,78.3,96.2,66.7
Atacama,03,Freirina,03303,7681,53.3,45.5,100.0,33.3,55.6,86.7,93.3,100.0,100.0,50.0,,,,100.0,66.7,,,83.3,100.0,100.0,100.0,100.0,85.7,74.2,53.8,87.0,83.3,100.0,63.2,100.0,52.6,68.8,42.9,83.3,87.5,71.4,100.0,100.0,91.7,62.5,92.3,92.9,91.3,100.0,100.0,87.5
Atacama,03,Huasco,03304,11264,94.7,100.0,100.0,60.0,100.0,91.3,100.0,100.0,75.0,100.0,52.6,83.3,100.0,100.0,100.0,100.0,100.0,,,,,100.0,75.0,97.6,100.0,89.3,88.9,60.0,95.7,100.0,92.3,91.7,100.0,70.0,100.0,80.0,94.1,72.7,100.0,88.9,87.0,60.0,81.8,57.7,90.9,86.7
Atacama,03,Tierra Amarilla,03103,14312,100.0,95.8,100.0,100.0,66.7,83.3,100.0,100.0,100.0,100.0,100.0,100.0,83.3,100.0,100.0,100.0,100.0,100.0,100.0,100.0,91.7,85.7,80.8,82.7,100.0,97.3,92.3,87.0,89.1,81.2,100.0,85.7,95.2,95.0,78.9,100.0,96.9,97.2,100.0,100.0,97.9,86.1,97.7,94.1,85.7,95.5
Atacama,03,Vallenar,03301,57009,59.6,88.9,92.9,65.1,82.7,76.5,89.6,81.5,64.5,96.4,63.2,100.0,100.0,94.3,90.0,89.2,100.0,100.0,100.0,92.9,95.2,83.3,88.2,90.1,69.2,77.2,95.2,95.6,92.6,98.8,94.9,97.0,93.7,96.4,94.8,97.7,94.2,89.0,93.3,92.1,91.2,96.6,93.2,93.3,91.9,91.7
Coquimbo,04,Andacollo,04103,11791,100.0,100.0,100.0,96.4,100.0,92.9,100.0,100.0,100.0,100.0,100.0,,100.0,,100.0,,,0.0,100.0,,100.0,100.0,100.0,100.0,100.0,100.0,100.0,91.3,100.0,94.4,100.0,100.0,100.0,100.0,100.0,100.0,100.0,100.0,100.0,100.0,100.0,100.0,92.9,100.0,94.4,100.0
Coquimbo,04,Canela,04202,9546,56.2,100.0,80.0,100.0,100.0,91.7,100.0,100.0,100.0,100.0,100.0,,,,,100.0,100.0,100.0,100.0,100.0,50.0,75.0,100.0,90.0,100.0,83.3,18.2,90.0,100.0,100.0,100.0,100.0,100.0,100.0,66.7,93.3,83.3,100.0,100.0,100.0,94.7,100.0,100.0,100.0,75.0,100.0
Coquimbo,04,Combarbala,04302,13884,100.0,85.7,100.0,100.0,100.0,100.0,,100.0,100.0,100.0,,,100.0,100.0,100.0,100.0,100.0,100.0,75.0,100.0,83.3,100.0,100.0,100.0,100.0,94.4,94.7,93.8,100.0,95.5,100.0,77.8,100.0,100.0,100.0,100.0,100.0,100.0,100.0,100.0,100.0,96.6,97.5,100.0,96.2,100.0
Coquimbo,04,Coquimbo,04102,256735,98.7,98.1,95.5,99.4,96.7,,95.3,93.0,96.6,100.0,100.0,100.0,94.4,90.6,94.6,95.7,100.0,98.6,96.7,97.8,98.3,97.1,99.6,96.8,96.7,96.0,96.0,96.9,96.5,97.1,95.2,94.6,96.1,89.2,96.3,96.3,93.5,95.7,95.1,92.9,92.4,91.3,91.8,93.7,96.6,91.6
Coquimbo,04,Illapel,04201,32801,92.0,92.9,94.4,94.4,100.0,93.1,94.7,100.0,75.0,100.0,75.0,100.0,,100.0,80.0,100.0,,100.0,100.0,100.0,100.0,88.9,92.0,100.0,100.0,95.0,85.0,100.0,100.0,97.8,98.5,70.0,67.8,90.0,69.2,86.0,78.3,87.2,93.5,82.1,95.5,89.7,88.8,85.3,95.8,91.1
Coquimbo,04,La Higuera,04104,4450,100.0,100.0,98.2,100.0,100.0,100.0,,,100.0,,,,,,,,,100.0,,100.0,75.0,88.9,,100.0,75.0,100.0,88.9,50.0,50.0,88.2,68.8,100.0,75.0,100.0,100.0,100.0,100.0,100.0,75.0,77.3,50.0,83.3,76.9,88.9,75.0,81.8
Coquimbo,04,La Serena,04101,249656,93.6,96.7,95.5,96.6,96.7,100.0,98.6,98.0,95.6,97.2,100.0,100.0,100.0,100.0,100.0,97.6,97.9,100.0,100.0,98.9,100.0,98.7,97.8,96.7,97.9,96.4,96.1,99.4,97.9,98.3,99.2,97.8,95.9,96.3,98.1,99.3,98.6,98.6,99.4,98.7,98.3,99.1,98.3,99.2,99.4,96.8
Coquimbo,04,Los Vilos,04203,23374,100.0,100.0,83.3,100.0,100.0,100.0,100.0,100.0,100.0,100.0,100.0,100.0,,100.0,100.0,100.0,100.0,100.0,100.0,100.0,100.0,90.6,98.0,95.7,90.2,92.5,96.0,97.8,97.3,100.0,97.4,91.3,92.3,97.0,97.6,100.0,98.0,92.9,95.5,96.7,97.1,98.6,90.2,97.3,100.0,95.7
Coquimbo,04,Monte Patria,04303,32527,100.0,91.3,86.7,68.8,100.0,75.0,100.0,57.1,50.0,100.0,100.0,100.0,100.0,,100.0,100.0,88.2,100.0,93.3,93.1,96.0,95.5,100.0,90.3,100.0,87.5,92.3,90.3,95.0,98.6,95.8,95.3,86.7,94.2,90.5,96.7,88.9,100.0,90.3,97.4,93.6,81.4,89.8,85.4,95.6,89.7
Coquimbo,04,Ovalle,04301,121269,97.2,97.6,92.3,94.7,91.2,100.0,100.0,100.0,92.6,80.0,77.8,92.3,93.3,98.0,94.0,96.2,97.8,99.0,97.3,96.1,98.9,97.8,98.9,95.8,98.3,88.9,95.0,96.6,98.8,96.5,98.9,96.4,97.4,99.1,96.7,98.0,97.8,98.4,100.0,98.9,98.4,98.9,97.2,99.4,98.2,96.5
Coquimbo,04,Paiguano,04105,4675,100.0,100.0,,100.0,100.0,37.5,100.0,,100.0,,,,,,100.0,,,99.0,,100.0,0.0,100.0,100.0,100.0,40.0,80.0,60.0,66.7,77.8,75.0,100.0,100.0,94.1,93.3,100.0,100.0,66.7,100.0,,100.0,100.0,100.0,100.0,74.2,50.0,80.0
Coquimbo,04,Punitaqui,04304,12165,100.0,88.9,,80.0,92.9,75.0,100.0,,100.0,100.0,50.0,100.0,100.0,33.3,75.0,100.0,100.0,100.0,100.0,100.0,100.0,100.0,83.3,87.5,100.0,83.3,64.3,100.0,92.9,100.0,81.2,100.0,96.9,100.0,100.0,100.0,100.0,100.0,95.0,88.9,100.0,96.7,97.7,88.1,100.0,100.0
Coquimbo,04,Rio Hurtado,04305,4372,,100.0,100.0,100.0,100.0,,,,100.0,,,,,,100.0,100.0,,100.0,100.0,100.0,85.7,100.0,100.0,0.0,100.0,75.0,,100.0,100.0,,100.0,100.0,87.5,100.0,28.6,0.0,50.0,44.4,100.0,66.7,75.0,47.4,100.0,100.0,80.0,71.4
Coquimbo,04,Salamanca,04204,29110,100.0,100.0,100.0,92.3,66.7,92.9,100.0,100.0,85.7,100.0,100.0,100.0,100.0,100.0,100.0,100.0,85.7,100.0,100.0,100.0,100.0,100.0,90.5,91.3,88.9,100.0,100.0,94.9,96.8,97.6,100.0,94.9,97.4,100.0,100.0,97.7,98.5,100.0,95.7,97.4,97.8,91.9,91.4,92.3,94.1,90.6
Coquimbo,04,Vicuna,04106,29741,94.1,100.0,100.0,100.0,85.7,83.3,100.0,100.0,100.0,100.0,,100.0,100.0,100.0,100.0,,75.0,100.0,100.0,100.0,100.0,100.0,100.0,84.6,100.0,91.7,100.0,92.5,100.0,100.0,100.0,98.3,98.1,95.7,100.0,100.0,100.0,100.0,96.2,100.0,87.0,96.9,98.8,100.0,96.0,100.0
Valparaiso,05,Algarrobo,05602,15174,100.0,100.0,100.0,100.0,100.0,50.0,72.7,100.0,0.0,100.0,100.0,100.0,50.0,100.0,100.0,100.0,100.0,87.5,100.0,100.0,80.0,100.0,90.3,93.3,93.8,100.0,100.0,90.0,100.0,100.0,93.3,100.0,97.7,88.9,100.0,95.2,100.0,91.3,91.3,95.8,100.0,93.8,93.1,96.3,100.0,100.0
Valparaiso,05,Cabildo,05402,20663,92.9,81.8,90.9,100.0,85.7,100.0,75.0,100.0,100.0,100.0,100.0,100.0,100.0,100.0,100.0,100.0,100.0,100.0,80.0,100.0,86.4,58.8,52.4,77.8,100.0,100.0,78.9,100.0,100.0,92.3,72.0,92.9,73.7,95.5,100.0,92.3,91.3,100.0,95.0,82.8,88.9,89.5,85.1,91.8,85.3,95.1
Valparaiso,05,Calera,05502,53591,97.7,83.0,98.4,100.0,82.4,100.0,81.8,94.4,100.0,100.0,100.0,90.0,100.0,100.0,100.0,100.0,100.0,100.0,66.7,80.0,95.7,72.2,100.0,100.0,77.8,89.5,100.0,97.5,100.0,94.9,98.7,99.3,98.6,97.9,91.4,100.0,95.2,100.0,96.4,96.1,98.5,100.0,92.3,97.0,88.3,95.1
Valparaiso,05,Calle Larga,05302,16482,100.0,100.0,100.0,100.0,100.0,100.0,100.0,77.8,100.0,100.0,100.0,100.0,100.0,100.0,100.0,100.0,100.0,100.0,100.0,100.0,100.0,75.0,72.2,66.7,78.6,100.0,85.7,100.0,95.7,100.0,87.5,86.7,77.3,83.3,96.7,95.5,95.5,85.7,78.6,93.5,100.0,86.8,84.4,66.7,93.8,100.0
Valparaiso,05,Cartagena,05603,25357,100.0,100.0,100.0,100.0,80.0,95.2,100.0,100.0,66.7,100.0,100.0,50.0,100.0,100.0,100.0,100.0,100.0,93.3,100.0,88.9,90.9,100.0,95.7,91.9,91.3,96.3,100.0,100.0,100.0,96.2,100.0,92.3,95.5,100.0,98.8,93.8,100.0,95.8,88.5,91.8,97.0,90.5,94.1,95.0,91.9,97.2
Valparaiso,05,Casablanca,05102,29170,58.8,88.2,92.3,100.0,100.0,90.9,100.0,100.0,100.0,100.0,100.0,66.7,100.0,100.0,100.0,100.0,85.7,88.2,96.3,95.2,100.0,100.0,100.0,93.8,92.9,88.2,90.9,100.0,92.0,100.0,100.0,98.2,95.5,97.7,97.3,100.0,100.0,100.0,94.6,100.0,96.0,95.2,100.0,96.6,94.7,100.0
Valparaiso,05,Catemu,05702,15213,75.0,85.3,96.6,100.0,100.0,100.0,100.0,100.0,100.0,100.0,100.0,88.9,,,100.0,,100.0,100.0,100.0,100.0,80.0,100.0,,100.0,100.0,90.0,94.7,100.0,100.0,100.0,100.0,86.8,98.1,96.6,100.0,100.0,96.7,100.0,84.6,93.3,72.7,92.9,95.7,97.1,100.0,100.0
Valparaiso,05,Concon,05103,45889,100.0,100.0,73.3,95.0,88.9,81.8,66.7,75.0,100.0,100.0,100.0,83.3,80.0,77.3,94.4,87.0,88.5,97.1,90.0,94.7,76.6,90.4,97.1,97.2,88.9,95.7,82.8,100.0,98.0,96.2,93.4,95.9,90.6,97.9,86.2,100.0,85.0,96.1,94.6,85.0,95.8,95.8,91.8,87.7,85.7,100.0
Valparaiso,05,El Quisco,05604,17742,100.0,100.0,100.0,100.0,100.0,100.0,100.0,100.0,100.0,100.0,100.0,100.0,100.0,100.0,100.0,,100.0,100.0,87.5,100.0,100.0,100.0,100.0,91.7,100.0,95.0,100.0,100.0,96.9,100.0,100.0,95.0,100.0,100.0,100.0,94.7,97.6,100.0,96.7,89.2,98.3,97.8,99.1,98.6,93.5,91.3
Valparaiso,05,El Tabo,05605,14338,75.0,,100.0,100.0,100.0,85.7,100.0,100.0,,100.0,100.0,,,100.0,100.0,66.7,100.0,100.0,80.0,100.0,100.0,87.5,92.3,100.0,93.3,96.4,95.7,100.0,88.5,100.0,95.8,95.0,96.6,100.0,95.8,96.3,95.2,100.0,96.9,95.8,100.0,93.3,96.5,98.4,98.4,89.7
Valparaiso,05,Hijuelas,05503,19099,93.8,85.7,100.0,100.0,85.7,100.0,100.0,100.0,,,,100.0,,,100.0,100.0,75.0,100.0,,75.0,100.0,62.5,100.0,100.0,40.0,100.0,100.0,80.0,96.0,86.7,86.7,100.0,97.5,98.0,97.5,96.2,96.8,97.5,97.1,100.0,100.0,87.5,100.0,100.0,88.9,100.0
Valparaiso,05,Isla de Pascua,05201,8277,,,,0.0,,,,,,,,,,,,,100.0,,,,,0.0,,,,,,,,,,,,,,,,,,,,,,,,
Valparaiso,05,Juan Fernandez,05104,1033,,,,,,100.0,,,,,,,,,,,,,,,,,,,,,,,,,,,,,,,,,,,,,,,,
Valparaiso,05,La Cruz,05504,25321,85.7,88.9,94.7,90.9,100.0,83.3,100.0,100.0,100.0,100.0,100.0,100.0,100.0,75.0,100.0,100.0,100.0,1.8,100.0,80.0,94.4,95.2,93.8,100.0,100.0,100.0,100.0,100.0,100.0,100.0,97.2,98.2,96.5,93.1,96.1,95.1,94.4,100.0,100.0,97.1,92.3,97.3,97.7,100.0,91.7,91.7
Valparaiso,05,La Ligua,05401,37739,90.5,97.7,100.0,93.3,100.0,100.0,97.1,100.0,100.0,100.0,85.7,100.0,100.0,100.0,100.0,100.0,100.0,100.0,94.7,97.0,90.5,87.5,90.6,77.4,100.0,100.0,97.9,95.2,92.9,92.5,100.0,95.2,92.3,88.5,98.0,100.0,93.8,100.0,97.6,98.1,97.3,100.0,98.5,100.0,96.4,97.7
Valparaiso,05,Limache,05802,49931,89.1,94.0,89.7,89.5,92.3,90.5,78.6,100.0,100.0,100.0,100.0,100.0,100.0,90.9,100.0,69.2,90.0,100.0,100.0,95.0,100.0,90.0,100.0,91.4,90.3,100.0,88.5,100.0,100.0,94.4,95.4,95.7,81.8,93.8,91.8,98.8,96.7,100.0,86.3,93.1,92.1,95.5,100.0,97.6,89.3,88.7
Valparaiso,05,Llaillay,05703,26533,76.9,92.3,86.7,100.0,85.7,75.0,100.0,100.0,95.7,81.8,100.0,87.5,100.0,,100.0,85.7,100.0,,100.0,100.0,100.0,100.0,90.0,75.0,100.0,100.0,76.9,88.2,95.8,87.2,97.9,76.9,79.7,92.2,77.2,92.1,90.9,97.3,79.5,86.4,70.2,84.1,83.5,85.1,96.5,86.8
Valparaiso,05,Los Andes,05301,68093,100.0,100.0,97.5,100.0,88.5,95.0,82.1,80.0,94.7,93.8,100.0,100.0,100.0,100.0,100.0,83.3,100.0,96.4,100.0,100.0,96.6,96.4,82.7,89.4,100.0,98.3,90.4,99.1,98.8,93.5,96.1,99.1,93.5,98.8,91.4,91.8,94.0,87.7,90.1,96.4,98.3,94.9,93.0,94.0,92.0,97.0
Valparaiso,05,Nogales,05506,23490,93.5,92.9,95.0,100.0,90.0,88.9,72.7,100.0,75.0,100.0,87.5,100.0,,100.0,100.0,100.0,100.0,100.0,100.0,100.0,100.0,100.0,100.0,89.5,90.5,95.5,83.3,100.0,100.0,94.9,96.7,100.0,87.5,94.4,87.3,92.5,96.8,97.5,100.0,100.0,90.2,95.8,97.1,90.3,88.5,90.9
Valparaiso,05,Olmue,05803,19266,87.8,100.0,100.0,100.0,100.0,100.0,100.0,100.0,81.8,100.0,100.0,100.0,100.0,100.0,66.7,100.0,100.0,100.0,100.0,100.0,100.0,100.0,92.3,100.0,100.0,91.7,86.7,92.9,88.2,94.1,94.3,98.1,93.8,97.4,85.3,100.0,96.6,97.9,100.0,97.9,97.4,100.0,94.1,95.6,100.0,90.0
Valparaiso,05,Panquehue,05704,7633,100.0,100.0,100.0,,,,100.0,100.0,50.0,100.0,,,,100.0,100.0,,100.0,,0.0,,100.0,50.0,100.0,100.0,100.0,100.0,100.0,85.7,100.0,100.0,100.0,100.0,85.2,85.7,100.0,100.0,100.0,100.0,100.0,85.7,87.5,100.0,100.0,100.0,60.0,100.0
Valparaiso,05,Papudo,05403,6201,80.0,100.0,80.0,100.0,100.0,100.0,100.0,100.0,100.0,100.0,,100.0,,100.0,100.0,,100.0,100.0,,,66.7,100.0,100.0,100.0,100.0,100.0,100.0,100.0,100.0,100.0,87.5,88.2,96.4,93.3,100.0,100.0,100.0,100.0,100.0,100.0,100.0,100.0,100.0,100.0,100.0,100.0
Valparaiso,05,Petorca,05404,10558,76.9,100.0,100.0,66.7,100.0,100.0,,,100.0,100.0,100.0,,,100.0,100.0,100.0,100.0,,100.0,100.0,75.0,100.0,100.0,100.0,100.0,100.0,88.9,96.0,92.9,52.9,94.1,100.0,100.0,100.0,89.5,85.7,100.0,87.5,100.0,94.7,100.0,95.8,82.6,73.7,89.3,92.3
Valparaiso,05,Puchuncavi,05105,20071,100.0,100.0,100.0,100.0,100.0,100.0,100.0,100.0,100.0,100.0,100.0,100.0,,50.0,100.0,100.0,100.0,100.0,100.0,100.0,100.0,100.0,85.7,80.0,100.0,70.0,96.2,88.9,82.4,97.7,100.0,97.2,96.7,94.5,95.3,96.4,95.0,100.0,100.0,97.0,98.6,90.0,82.0,96.4,97.4,93.8
Valparaiso,05,Putaendo,05705,17645,71.4,100.0,100.0,100.0,100.0,66.7,100.0,100.0,66.7,100.0,100.0,,100.0,100.0,,100.0,,75.0,100.0,100.0,88.9,100.0,100.0,60.0,100.0,100.0,100.0,100.0,90.9,100.0,84.6,88.6,90.9,82.5,94.3,89.7,91.7,78.9,88.9,93.8,95.2,87.5,85.0,96.7,97.0,94.4
Valparaiso,05,Quillota,05501,97572,98.8,82.8,96.4,96.7,96.7,100.0,88.0,100.0,88.2,95.5,92.3,91.7,95.0,87.5,100.0,100.0,100.0,100.0,87.9,92.1,95.1,94.4,96.6,98.3,100.0,96.0,94.4,97.8,99.3,98.4,97.5,97.8,97.3,97.8,95.5,98.7,97.4,96.1,100.0,98.5,98.0,97.3,96.9,97.0,91.9,100.0
Valparaiso,05,Quilpue,05801,167085,93.9,98.8,98.2,96.6,97.6,95.3,92.0,89.2,94.0,96.7,98.5,98.2,97.9,89.1,95.2,94.0,90.0,88.7,96.6,97.3,93.2,90.0,87.0,94.1,97.2,93.9,91.9,95.6,92.7,95.8,93.6,96.0,94.9,91.1,94.7,97.7,96.4,96.3,96.0,94.9,94.5,97.3,95.0,98.0,96.4,95.2
Valparaiso,05,Quintero,05107,36135,66.7,83.3,72.7,87.5,66.7,80.0,85.7,80.0,100.0,100.0,100.0,80.0,100.0,100.0,100.0,100.0,100.0,100.0,100.0,100.0,90.2,78.6,89.7,83.3,81.8,89.5,95.0,78.0,88.6,100.0,98.0,97.1,97.7,86.3,100.0,94.4,93.8,96.6,100.0,94.7,98.8,91.2,92.6,100.0,100.0,100.0
Valparaiso,05,Rinconada,05303,11263,,100.0,,100.0,0.0,,100.0,100.0,100.0,100.0,,100.0,100.0,,100.0,66.7,,100.0,100.0,100.0,100.0,100.0,100.0,80.0,100.0,100.0,75.0,100.0,70.0,100.0,87.5,100.0,77.8,100.0,94.7,70.0,74.1,37.5,95.8,89.5,40.0,96.7,94.7,92.0,38.1,69.2
Valparaiso,05,San Antonio,05601,96761,96.8,100.0,97.4,97.3,94.4,96.2,100.0,96.2,100.0,100.0,100.0,100.0,100.0,100.0,100.0,100.0,100.0,93.9,92.7,93.8,95.2,97.0,98.2,91.2,98.7,98.4,97.5,94.0,96.4,93.6,97.3,91.8,95.5,94.1,89.9,93.0,90.5,94.7,93.5,92.3,91.7,92.0,87.3,88.2,85.8,89.2
Valparaiso,05,San Esteban,05304,20643,100.0,100.0,100.0,100.0,100.0,100.0,95.2,83.3,100.0,85.7,100.0,100.0,100.0,100.0,100.0,100.0,50.0,100.0,66.7,83.3,100.0,100.0,100.0,80.0,100.0,94.1,92.3,100.0,100.0,81.8,100.0,97.4,96.2,95.7,73.5,82.6,92.9,83.3,100.0,100.0,92.9,85.7,85.4,73.0,81.1,73.1
Valparaiso,05,San Felipe,05701,83494,93.8,94.7,95.5,90.2,96.8,90.0,95.3,80.6,94.1,82.6,100.0,95.5,100.0,100.0,92.3,73.9,87.5,96.7,96.9,94.5,91.5,91.7,93.5,95.5,95.2,96.8,95.6,97.5,92.5,90.3,94.4,98.1,88.1,97.5,90.6,91.8,93.4,79.6,97.6,88.8,90.9,91.8,88.3,94.7,93.5,97.0
Valparaiso,05,Santa Maria,05706,16367,100.0,100.0,100.0,100.0,91.7,100.0,100.0,100.0,100.0,100.0,0.0,100.0,50.0,100.0,100.0,100.0,85.7,100.0,100.0,100.0,100.0,100.0,100.0,94.1,100.0,88.9,100.0,91.7,100.0,75.0,100.0,100.0,94.1,100.0,100.0,75.0,64.7,79.3,97.3,88.2,83.3,88.9,88.9,100.0,93.9,100.0
Valparaiso,05,Santo Domingo,05606,11934,100.0,100.0,75.0,100.0,,100.0,,100.0,100.0,100.0,,,100.0,,,,100.0,77.8,100.0,75.0,100.0,93.3,100.0,100.0,100.0,100.0,84.6,91.7,100.0,100.0,100.0,95.8,91.7,96.3,95.8,100.0,100.0,50.0,100.0,100.0,92.3,100.0,90.9,86.7,94.1,75.0
Valparaiso,05,Valparaiso,05101,315732,87.4,85.5,88.2,94.0,97.4,,92.4,96.2,94.2,94.1,97.5,94.5,97.6,94.7,94.1,94.0,95.2,94.8,95.2,96.4,91.5,89.0,91.5,87.2,91.0,91.8,86.9,92.0,88.9,92.5,91.8,92.8,90.9,91.0,92.8,89.8,88.1,91.8,91.6,92.5,96.8,94.2,91.1,92.1,94.6,96.2
Valparaiso,05,Villa Alemana,05804,139310,92.2,96.2,95.5,95.2,96.4,98.5,96.6,90.7,94.4,92.7,92.5,96.7,97.4,85.0,93.2,89.3,95.7,93.5,95.6,95.1,96.4,87.7,86.9,100.0,97.0,94.9,93.5,97.7,94.7,97.1,98.8,96.6,94.9,95.4,93.9,95.3,97.4,96.3,96.9,97.1,95.0,98.1,95.2,96.7,91.4,95.0
Valparaiso,05,Vina del Mar,05109,361371,85.3,92.8,89.4,90.4,88.7,89.7,95.8,94.3,95.9,86.9,85.1,90.4,98.9,96.9,98.8,92.3,90.3,91.3,95.7,95.8,93.6,93.8,93.7,90.7,95.9,93.9,97.1,95.7,94.4,95.3,96.1,94.3,92.5,91.8,93.3,96.6,94.2,95.6,96.2,95.6,92.3,88.8,89.1,95.5,93.6,94.1
Valparaiso,05,Zapallar,05405,7994,100.0,100.0,83.3,100.0,100.0,100.0,100.0,100.0,100.0,100.0,,,100.0,100.0,60.0,100.0,33.3,100.0,100.0,100.0,100.0,96.2,100.0,88.9,100.0,66.7,88.2,83.3,100.0,100.0,100.0,100.0,94.7,94.4,100.0,100.0,100.0,100.0,100.0,100.0,100.0,100.0,85.7,100.0,92.9,100.0
Metropolitana,13,Alhue,13502,7405,100.0,81.8,100.0,100.0,100.0,100.0,100.0,100.0,100.0,100.0,100.0,100.0,,100.0,100.0,100.0,,,,100.0,,,100.0,75.0,100.0,100.0,88.9,100.0,100.0,100.0,100.0,97.7,100.0,61.9,93.3,50.0,75.0,100.0,,100.0,66.7,100.0,100.0,100.0,100.0,100.0
Metropolitana,13,Buin,13402,109641,85.1,83.7,87.1,87.2,87.8,77.6,89.7,91.9,93.8,97.5,96.6,100.0,95.0,94.3,85.7,100.0,100.0,96.5,95.1,95.4,92.1,84.2,89.6,89.0,90.7,91.0,88.9,78.9,89.5,92.7,92.9,85.3,89.2,77.8,78.2,80.6,75.4,76.6,68.2,72.7,77.0,76.9,74.6,67.4,75.2,60.8
Metropolitana,13,Calera de Tango,13403,28525,100.0,82.4,90.9,100.0,100.0,100.0,100.0,100.0,100.0,100.0,100.0,90.0,100.0,100.0,80.0,100.0,81.8,100.0,80.0,100.0,100.0,81.8,87.5,77.8,100.0,90.0,90.0,100.0,100.0,98.0,92.1,94.1,91.4,89.4,89.1,91.5,84.6,92.0,95.6,86.2,80.5,92.7,88.6,97.1,84.6,78.8
Metropolitana,13,Cerrillos,13102,88956,100.0,86.2,91.4,90.9,96.8,95.0,81.8,97.3,96.0,90.0,100.0,94.1,100.0,100.0,100.0,96.7,96.2,97.1,96.9,100.0,98.6,94.2,97.6,96.4,94.1,96.2,98.7,100.0,94.7,94.5,94.6,97.0,93.0,91.7,90.8,86.0,88.4,90.4,86.4,86.7,86.5,91.4,87.5,86.6,91.8,83.0
Metropolitana,13,Cerro Navia,13103,142465,92.2,91.3,96.3,98.4,95.2,95.2,94.9,94.4,100.0,83.3,92.9,94.7,92.7,96.4,98.4,97.8,100.0,100.0,95.7,92.2,94.9,94.5,94.4,87.6,86.7,93.4,91.6,97.1,94.7,95.0,96.7,94.9,95.4,95.9,97.1,90.9,96.7,95.5,95.2,93.4,94.6,93.2,91.5,91.1,94.3,96.0
Metropolitana,13,Colina,13301,180353,83.3,85.2,84.1,76.2,83.3,92.9,97.4,75.0,80.9,85.7,87.5,94.4,80.0,90.0,68.2,90.6,97.2,81.8,76.9,89.4,92.6,97.2,88.3,88.5,82.5,90.2,93.7,90.0,91.2,95.0,89.5,83.8,83.4,84.6,85.2,86.6,86.2,89.0,84.8,86.7,87.2,85.3,80.5,83.1,86.1,85.0
Metropolitana,13,Conchali,13104,139195,94.4,98.4,92.4,89.3,95.0,97.3,97.4,90.6,91.9,98.2,97.5,96.9,94.4,87.5,100.0,97.8,95.2,95.6,93.1,96.1,97.0,94.7,94.0,90.5,91.8,93.9,95.3,92.1,96.8,94.8,92.9,94.6,92.0,92.4,90.4,91.3,92.9,90.2,94.0,91.3,91.6,89.8,85.1,86.3,85.3,80.5
Metropolitana,13,Curacavi,13503,36430,91.3,100.0,95.2,100.0,90.9,100.0,100.0,100.0,100.0,60.0,94.1,100.0,100.0,100.0,100.0,80.0,65.2,83.3,80.0,65.6,93.9,90.0,52.4,89.5,85.2,93.3,92.9,100.0,82.0,96.2,93.2,87.9,92.1,96.7,89.0,95.7,100.0,97.7,96.7,95.4,98.8,94.4,87.5,84.6,100.0,92.3
Metropolitana,13,El Bosque,13105,172000,98.7,92.7,95.0,89.9,93.9,96.4,100.0,98.0,95.3,100.0,92.3,98.2,93.2,95.7,92.7,98.1,98.3,100.0,98.7,99.1,96.6,96.3,95.7,94.6,90.9,99.3,99.4,97.1,97.4,95.4,96.5,95.4,97.4,95.1,93.0,92.7,93.1,94.2,95.2,95.8,93.9,94.8,91.5,90.3,92.3,93.8
Metropolitana,13,El Monte,13602,40014,100.0,100.0,100.0,100.0,100.0,96.7,95.0,100.0,95.0,100.0,100.0,100.0,100.0,,94.7,100.0,85.7,100.0,83.3,100.0,97.2,100.0,85.7,100.0,88.9,100.0,95.8,96.7,100.0,98.0,100.0,100.0,100.0,98.6,98.1,98.5,95.7,94.7,100.0,92.1,99.1,94.2,89.8,94.5,93.3,88.5
Metropolitana,13,Estacion Central,13106,206792,82.4,80.0,91.5,93.2,97.1,97.8,94.1,100.0,97.7,96.3,100.0,96.1,94.9,97.6,100.0,94.2,94.4,95.3,95.3,94.4,97.7,93.7,96.9,94.4,96.2,98.2,89.3,96.4,96.1,95.1,94.7,90.8,91.2,90.1,83.2,87.3,91.7,90.9,93.1,88.1,90.0,89.0,87.4,88.8,88.9,91.7
Metropolitana,13,Huechuraba,13107,112528,94.4,92.9,100.0,98.0,83.3,95.7,95.1,87.5,97.1,93.3,100.0,91.3,100.0,86.5,97.1,96.3,87.1,97.8,82.9,86.4,89.4,94.2,93.8,87.8,96.6,90.9,94.6,92.1,100.0,89.7,94.3,92.3,91.6,86.7,89.3,90.2,88.3,89.1,92.4,88.7,86.4,86.9,81.6,86.6,81.8,90.2
Metropolitana,13,Independencia,13108,142065,95.8,91.6,88.7,95.2,84.4,91.1,96.2,96.7,90.8,94.7,94.7,96.2,100.0,94.4,95.0,100.0,97.6,93.8,91.7,95.3,93.8,91.9,94.6,90.9,88.9,96.3,89.0,94.6,93.0,97.5,95.7,97.5,93.2,86.2,91.4,89.4,90.5,92.0,90.8,95.1,87.6,84.8,81.8,86.1,76.8,80.5
Metropolitana,13,Isla de Maipo,13603,40171,100.0,100.0,88.9,87.5,90.9,100.0,94.4,100.0,96.0,94.3,100.0,92.9,83.3,100.0,100.0,93.3,88.9,100.0,100.0,100.0,100.0,95.0,100.0,97.3,100.0,91.7,97.9,94.9,100.0,93.0,94.6,86.8,100.0,97.0,96.1,96.3,87.1,78.9,78.3,90.6,90.9,82.6,81.2,76.5,66.7,100.0
Metropolitana,13,La Cisterna,13109,100434,94.1,93.5,86.7,96.9,88.9,97.0,94.4,88.5,97.1,97.1,92.5,96.9,100.0,93.1,100.0,98.0,97.1,98.3,98.0,93.2,95.2,94.0,96.4,85.5,93.9,97.2,96.8,98.2,95.8,93.9,96.6,92.6,92.2,95.7,90.7,92.2,96.9,95.6,94.2,93.3,83.7,85.2,84.3,91.2,85.7,82.3
Metropolitana,13,La Florida,13110,402433,90.1,90.4,87.6,95.2,95.2,97.0,95.4,92.8,94.5,96.5,92.8,91.2,95.3,99.1,96.4,95.5,95.6,99.0,95.8,96.5,95.6,95.2,95.8,94.5,98.1,94.5,96.1,95.2,96.6,97.4,96.7,94.7,94.0,97.0,93.1,93.7,95.5,95.7,94.3,92.6,93.6,89.9,90.1,88.9,90.6,92.4
Metropolitana,13,La Granja,13111,122557,88.9,100.0,91.7,95.1,100.0,98.2,96.1,97.4,95.7,97.7,92.6,95.7,97.5,94.6,97.1,100.0,96.3,95.7,96.4,93.1,97.1,97.1,97.2,95.7,95.1,100.0,98.6,100.0,100.0,98.5,96.0,97.0,96.6,97.7,95.2,97.2,96.9,97.0,95.3,94.1,96.1,96.0,95.4,94.4,90.9,98.2
Metropolitana,13,La Pintana,13112,189335,90.1,93.1,88.2,86.8,91.7,100.0,93.9,93.0,92.0,97.9,98.3,98.3,95.2,100.0,95.9,98.2,98.4,97.2,98.0,98.9,98.8,99.2,96.9,99.1,98.2,95.1,98.4,98.1,97.6,98.8,97.1,95.2,96.9,95.4,94.9,94.0,93.9,95.7,95.2,96.3,93.9,94.1,94.3,86.2,95.6,90.9
Metropolitana,13,La Reina,13113,100252,94.1,100.0,87.5,88.9,84.2,87.5,91.2,90.5,84.4,88.9,93.8,89.5,100.0,91.3,91.7,90.5,93.9,93.9,97.1,97.3,95.1,90.4,83.6,93.3,85.7,86.4,91.9,94.3,89.6,90.3,96.0,93.8,88.9,95.1,95.4,89.6,88.4,77.3,86.1,78.5,85.0,82.1,82.7,82.8,81.5,91.0
Metropolitana,13,Lampa,13302,126898,96.1,86.1,83.6,88.9,72.0,90.9,78.6,81.5,90.0,73.3,96.4,97.1,89.7,84.0,100.0,94.4,95.5,100.0,85.7,78.7,96.7,93.6,90.9,93.6,90.9,91.8,98.4,93.1,99.2,96.4,95.2,96.7,90.8,92.1,95.3,89.5,94.8,93.3,90.6,90.4,90.3,89.3,88.7,90.1,91.2,89.4
Metropolitana,13,Las Condes,13114,330759,85.4,88.1,86.2,85.7,93.7,95.3,90.3,85.9,78.7,80.9,92.6,90.8,90.5,90.4,92.0,89.4,80.2,86.3,83.7,89.1,85.1,86.8,84.5,84.6,86.8,86.7,85.8,83.6,85.3,83.7,78.8,82.5,73.1,80.3,78.0,84.8,79.1,86.3,78.9,78.4,72.5,66.0,64.0,69.9,73.2,68.1
Metropolitana,13,Lo Barnechea,13115,124076,69.6,82.8,92.9,82.8,92.3,97.4,97.0,85.7,92.3,87.9,94.1,90.0,94.1,100.0,87.1,91.7,90.6,90.3,92.9,86.6,92.3,88.0,90.2,93.5,83.6,93.8,97.1,92.9,87.7,94.8,86.2,85.4,88.3,89.8,83.5,84.9,90.7,85.3,88.1,89.8,89.0,84.2,82.7,85.1,83.7,87.4
Metropolitana,13,Lo Espejo,13116,103865,94.8,92.6,92.5,97.1,94.6,100.0,95.1,88.0,96.4,96.4,95.7,91.7,100.0,97.3,96.3,100.0,97.4,97.4,95.7,97.6,98.5,98.3,100.0,95.0,81.1,100.0,91.2,95.0,96.7,96.2,96.9,95.1,98.1,98.3,96.6,95.3,95.1,93.4,94.8,98.6,96.8,92.7,93.1,94.8,88.4,93.6
Metropolitana,13,Lo Prado,13117,104403,100.0,96.7,93.8,92.7,92.0,95.7,92.3,97.3,100.0,91.2,100.0,100.0,93.5,100.0,86.4,96.6,94.9,93.1,98.2,97.6,94.0,92.4,95.8,97.3,98.8,98.9,93.8,97.4,99.1,98.5,96.1,97.7,97.1,98.7,94.0,96.8,95.9,96.7,96.2,95.5,95.2,95.4,92.4,96.2,97.7,96.2
Metropolitana,13,Macul,13118,134635,78.1,73.3,94.1,92.7,92.1,97.3,92.5,91.3,100.0,100.0,100.0,100.0,96.6,91.2,91.1,93.5,87.3,98.6,100.0,84.1,99.1,89.5,93.5,93.5,94.4,92.1,94.7,93.6,84.5,88.2,91.5,88.0,88.5,86.7,87.7,89.8,83.8,83.4,89.6,82.2,80.5,81.0,68.8,77.4,73.1,76.8
Metropolitana,13,Maipu,13119,578605,89.2,88.0,91.8,92.9,88.8,93.6,88.5,91.9,95.3,94.9,91.8,90.8,92.2,92.9,93.5,97.7,92.8,95.9,95.1,95.2,95.5,93.7,93.4,95.9,93.7,95.7,91.2,95.6,92.0,93.0,91.2,89.6,91.5,87.9,85.2,88.6,87.7,81.7,81.7,82.7,85.1,81.6,77.8,79.7,77.9,83.5
Metropolitana,13,Maria Pinto,13504,14926,75.0,100.0,100.0,100.0,100.0,100.0,100.0,,100.0,,,100.0,100.0,100.0,100.0,50.0,100.0,100.0,100.0,50.0,88.9,100.0,100.0,93.8,87.5,100.0,100.0,100.0,100.0,100.0,100.0,100.0,100.0,96.8,92.6,100.0,90.9,92.3,100.0,84.6,100.0,100.0,90.0,80.0,100.0,66.7
Metropolitana,13,Melipilla,13501,141612,94.0,82.5,96.5,92.1,91.5,98.6,87.2,100.0,100.0,96.4,100.0,90.0,100.0,97.4,100.0,97.2,87.8,100.0,100.0,88.6,95.3,100.0,91.9,100.0,98.6,98.2,93.3,100.0,99.3,95.8,99.5,97.0,97.7,97.7,97.6,93.4,96.8,98.2,95.9,98.5,97.9,97.3,98.1,97.0,99.3,91.9
Metropolitana,13,Nunoa,13120,250192,87.5,82.4,83.5,85.5,73.2,87.7,80.0,88.9,92.2,89.1,92.6,85.2,84.2,95.8,89.5,86.1,94.7,89.5,89.3,89.2,89.8,92.6,88.6,88.4,93.2,88.8,91.8,93.3,91.7,95.7,89.5,93.2,91.5,93.5,89.4,87.2,87.8,83.9,86.6,85.0,83.1,77.8,81.8,75.1,80.0,82.4
Metropolitana,13,Padre Hurtado,13604,74188,94.1,96.7,91.7,96.7,88.2,85.2,92.3,94.4,96.9,100.0,100.0,75.0,85.7,92.9,100.0,76.5,100.0,100.0,100.0,92.8,88.7,100.0,95.1,93.0,97.5,98.8,90.5,95.9,94.4,93.9,95.3,97.0,97.3,97.1,93.9,93.4,95.2,94.4,96.3,97.8,97.9,95.2,94.6,96.4,93.6,94.4
Metropolitana,13,Paine,13404,82766,92.5,91.8,91.2,93.9,85.7,87.5,91.4,94.4,95.8,95.7,90.0,92.9,100.0,100.0,100.0,100.0,90.0,100.0,100.0,97.4,93.1,94.5,90.6,78.9,97.1,96.1,92.5,95.5,92.3,91.1,94.3,95.5,86.6,90.8,85.7,91.6,85.3,85.1,82.1,83.1,86.2,89.8,77.5,77.1,86.2,87.5
Metropolitana,13,Pedro Aguirre Cerda,13121,107803,93.0,90.3,93.9,85.0,100.0,96.1,93.3,93.3,89.7,100.0,90.0,100.0,100.0,100.0,97.4,96.4,97.1,98.4,97.9,90.2,96.9,98.3,92.4,95.6,86.7,97.4,98.8,96.0,97.8,96.2,98.3,93.8,95.1,97.5,93.7,93.3,94.2,91.1,88.3,91.1,88.7,81.1,85.9,83.3,81.5,83.2
Metropolitana,13,Penaflor,13605,101058,90.7,95.2,88.6,93.1,96.3,94.3,94.3,95.3,93.3,83.3,95.8,90.5,100.0,93.8,93.3,100.0,91.3,93.8,100.0,84.8,97.5,100.0,90.2,90.9,87.2,95.6,82.0,97.2,98.0,95.2,87.0,92.9,94.9,91.8,92.4,86.1,90.2,92.3,91.3,92.9,93.9,92.5,87.4,87.4,85.5,85.9
Metropolitana,13,Penalolen,13122,266798,95.8,85.0,87.5,89.2,93.9,91.7,92.5,94.4,90.4,90.4,93.1,93.8,95.9,88.9,85.7,90.5,95.4,94.6,92.9,96.4,96.1,92.4,92.1,86.1,93.3,91.1,95.0,95.3,93.1,92.2,95.8,89.3,90.4,92.0,91.1,90.7,92.5,91.4,93.2,91.3,90.7,90.9,84.3,83.7,82.2,91.7
Metropolitana,13,Pirque,13202,30433,91.7,87.5,100.0,89.5,100.0,100.0,87.5,100.0,100.0,100.0,100.0,100.0,100.0,100.0,100.0,100.0,90.0,100.0,100.0,85.7,100.0,100.0,100.0,96.4,96.2,95.2,100.0,95.8,100.0,97.3,100.0,100.0,100.0,95.3,98.6,95.9,95.6,100.0,98.3,94.2,98.8,94.9,92.8,94.1,94.4,96.2
Metropolitana,13,Providencia,13123,157749,75.9,78.3,72.2,79.2,80.8,87.5,84.2,97.1,94.7,92.3,77.3,76.3,79.3,82.9,84.4,84.8,86.7,89.6,83.9,83.2,86.2,83.5,86.7,89.2,86.5,83.5,90.5,86.0,87.0,89.2,91.8,88.7,91.7,87.8,82.9,84.4,87.9,86.0,81.8,80.3,76.3,72.2,73.9,73.7,81.8,84.6
Metropolitana,13,Pudahuel,13124,253139,97.2,95.4,92.2,91.5,88.2,94.0,96.2,92.3,95.2,97.8,98.2,93.0,98.1,93.6,95.3,95.2,96.2,94.2,98.5,96.3,95.5,93.0,94.1,93.7,95.3,98.0,96.6,97.0,92.8,97.0,93.7,94.7,93.4,96.2,90.7,93.4,93.4,94.2,94.5,92.1,91.1,91.6,89.9,90.8,92.7,90.6
Metropolitana,13,Puente Alto,13201,645909,85.2,95.8,92.0,94.4,96.9,94.6,95.4,95.5,94.6,97.3,97.1,95.7,97.4,95.3,94.9,95.8,95.6,96.7,97.1,97.4,96.0,95.6,94.8,94.8,95.2,96.7,95.5,97.6,97.8,95.9,96.1,94.7,95.4,97.4,92.1,94.4,93.2,92.5,93.3,92.2,90.5,92.2,90.5,88.4,89.2,90.4
Metropolitana,13,Quilicura,13125,254694,92.7,90.1,91.2,91.7,90.9,94.7,98.4,93.0,90.7,95.8,87.5,97.7,100.0,97.1,96.9,93.5,90.6,96.8,90.7,93.3,91.3,96.6,94.3,96.2,98.2,97.9,93.5,97.5,95.5,96.5,94.6,95.1,92.9,88.4,89.6,91.9,89.2,91.0,92.0,92.5,92.5,89.8,84.9,85.1,90.0,86.9
Metropolitana,13,Quinta Normal,13126,136368,91.9,91.1,95.8,93.6,93.8,91.7,91.3,96.8,96.5,100.0,94.0,100.0,100.0,100.0,95.5,95.7,100.0,92.3,91.8,95.2,92.6,87.4,94.2,93.0,95.7,90.4,95.8,95.5,98.6,96.7,95.1,93.1,87.7,92.5,91.6,90.9,88.3,90.4,89.2,91.6,88.3,89.1,87.3,87.8,82.1,88.0
Metropolitana,13,Recoleta,13127,190075,92.1,91.4,82.7,92.3,84.8,93.6,89.4,93.3,93.0,100.0,97.3,90.2,92.0,90.6,100.0,100.0,98.1,92.9,95.8,86.1,87.5,93.2,92.5,94.2,91.1,90.0,92.6,97.1,96.5,96.5,92.3,93.4,95.3,92.0,90.4,88.4,90.4,87.6,84.7,86.0,84.0,86.0,88.7,85.1,87.8,89.8
Metropolitana,13,Renca,13128,160847,95.3,93.1,96.3,96.8,98.5,95.6,87.8,94.8,90.2,98.2,100.0,97.5,100.0,97.7,97.3,97.2,87.7,100.0,97.0,95.4,94.9,93.8,95.2,97.0,96.9,94.5,95.0,92.4,95.0,96.4,92.6,89.4,92.1,97.9,92.4,93.8,95.1,95.4,90.9,94.2,94.4,93.3,94.3,95.1,94.5,96.2
Metropolitana,13,San Bernardo,13401,334836,86.5,90.4,95.2,95.2,91.4,95.7,96.6,95.5,97.3,100.0,94.6,97.0,100.0,96.1,98.9,97.4,100.0,98.4,94.9,95.8,96.9,95.3,93.5,95.4,96.8,94.7,94.2,93.3,94.1,93.3,97.3,94.7,94.9,95.2,91.7,89.6,92.5,93.7,93.4,90.0,90.6,88.1,90.3,89.4,90.8,89.5
Metropolitana,13,San Joaquin,13129,103485,93.5,95.7,97.9,95.8,91.7,100.0,100.0,89.7,100.0,100.0,92.3,100.0,96.7,92.3,93.3,89.3,96.4,100.0,96.0,95.0,94.6,93.4,91.1,92.7,95.7,97.2,90.2,100.0,95.6,96.0,96.0,96.8,96.0,95.2,93.2,92.9,94.0,93.8,96.3,90.2,90.5,90.5,93.1,87.6,91.6,89.3
Metropolitana,13,San Jose de Maipo,13203,18644,100.0,100.0,100.0,100.0,100.0,91.7,100.0,100.0,88.9,100.0,100.0,,100.0,100.0,100.0,80.0,100.0,50.0,100.0,91.7,100.0,100.0,100.0,87.5,100.0,100.0,100.0,100.0,85.7,100.0,95.0,100.0,100.0,92.9,95.3,100.0,100.0,85.3,95.8,98.1,94.7,96.2,98.1,94.4,100.0,94.4
Metropolitana,13,San Miguel,13130,133059,97.1,89.8,85.4,86.0,94.6,95.2,97.6,84.8,95.6,92.3,93.5,93.2,87.5,95.5,89.2,98.3,93.2,97.0,94.6,95.0,83.3,90.9,90.3,93.0,91.5,92.5,85.3,94.1,92.6,92.2,92.7,93.0,95.5,92.0,93.2,93.6,92.7,93.3,89.4,89.6,84.6,86.1,86.6,84.8,85.7,83.2
Metropolitana,13,San Pedro,13505,11953,100.0,,100.0,100.0,100.0,100.0,,,,100.0,100.0,75.0,100.0,100.0,100.0,100.0,,100.0,100.0,100.0,100.0,100.0,100.0,,100.0,100.0,100.0,100.0,100.0,92.9,100.0,100.0,100.0,100.0,100.0,100.0,97.4,100.0,97.4,100.0,100.0,100.0,100.0,100.0,92.9,95.2
Metropolitana,13,San Ramon,13131,86510,97.7,96.6,95.7,89.7,100.0,96.4,100.0,96.7,94.7,97.1,93.1,100.0,100.0,100.0,100.0,94.1,81.2,88.0,95.0,98.2,96.2,96.6,96.7,97.2,90.9,98.2,95.9,100.0,100.0,97.9,98.2,97.1,97.6,96.4,89.8,95.1,91.7,96.9,94.4,94.6,97.9,95.3,89.0,90.7,94.4,92.9
Metropolitana,13,Santiago,13101,503147,84.0,79.2,90.1,87.8,88.6,95.4,91.9,95.5,95.2,96.4,89.7,91.6,86.9,87.5,89.8,92.5,91.2,96.0,95.3,94.4,93.4,90.5,91.3,89.8,92.4,94.3,92.4,90.9,93.6,93.8,90.2,90.7,90.7,92.4,85.3,89.6,89.5,90.2,85.5,87.6,84.5,83.6,82.1,78.5,79.8,78.0
Metropolitana,13,Talagante,13601,81838,91.7,78.9,95.2,100.0,100.0,95.0,90.0,96.2,95.8,100.0,91.3,96.0,85.0,94.1,94.4,94.1,94.4,100.0,95.5,93.9,100.0,88.6,86.0,95.2,98.0,100.0,91.5,97.9,95.8,95.0,95.6,93.5,93.9,91.9,95.8,92.9,95.5,86.4,87.5,82.2,91.2,84.8,86.0,73.3,85.5,78.6
Metropolitana,13,Tiltil,13303,21477,100.0,100.0,71.4,100.0,75.0,100.0,100.0,,100.0,91.7,66.7,100.0,100.0,,83.3,100.0,92.3,100.0,100.0,100.0,100.0,87.5,100.0,91.7,100.0,100.0,93.3,84.6,80.0,93.3,90.0,86.1,96.6,61.8,52.5,62.9,70.8,57.9,69.6,50.0,88.0,63.3,69.7,56.7,59.1,53.3
Metropolitana,13,Vitacura,13132,96774,60.6,83.3,33.3,65.0,64.3,85.7,94.4,76.0,93.8,92.9,79.2,88.5,78.9,88.2,81.8,91.8,85.3,87.9,94.2,92.8,89.6,91.9,84.9,81.5,90.2,84.9,83.7,90.0,85.6,88.0,82.0,83.6,86.9,91.8,84.9,88.0,80.3,85.5,83.6,75.0,75.1,72.0,70.4,65.0,82.2,83.7
Del Libertador General Bernardo O’Higgins,06,Chepica,06302,15925,100.0,100.0,100.0,100.0,66.7,100.0,80.0,100.0,100.0,0.0,100.0,100.0,100.0,100.0,100.0,100.0,100.0,100.0,100.0,95.8,100.0,100.0,100.0,100.0,100.0,100.0,93.3,92.3,100.0,100.0,98.4,100.0,100.0,97.8,100.0,97.0,92.9,97.4,100.0,94.6,100.0,94.6,100.0,98.5,100.0,92.3
Del Libertador General Bernardo O’Higgins,06,Chimbarongo,06303,37696,77.8,90.0,100.0,88.9,100.0,88.9,92.9,100.0,94.1,100.0,100.0,100.0,100.0,100.0,100.0,100.0,100.0,100.0,91.7,100.0,90.9,100.0,100.0,91.7,95.2,97.4,96.2,100.0,100.0,100.0,100.0,93.5,79.6,100.0,92.6,95.8,98.1,100.0,100.0,96.8,94.4,92.2,93.1,93.7,85.5,91.7
Del Libertador General Bernardo O’Higgins,06,Codegua,06102,14096,87.5,100.0,100.0,100.0,100.0,100.0,87.5,69.2,100.0,100.0,100.0,100.0,100.0,100.0,100.0,100.0,100.0,100.0,85.7,100.0,100.0,100.0,100.0,100.0,100.0,80.0,100.0,100.0,88.9,100.0,100.0,89.7,92.7,97.2,97.4,97.3,94.1,95.0,100.0,96.6,89.3,87.9,97.0,96.6,75.0,100.0
Del Libertador General Bernardo O’Higgins,06,Coinco,06103,7831,100.0,100.0,100.0,85.7,50.0,100.0,100.0,100.0,100.0,100.0,100.0,100.0,100.0,100.0,100.0,100.0,100.0,100.0,100.0,100.0,100.0,100.0,100.0,88.9,100.0,100.0,100.0,100.0,100.0,100.0,100.0,100.0,100.0,100.0,100.0,100.0,100.0,93.8,100.0,100.0,95.7,100.0,100.0,86.7,100.0,100.0
Del Libertador General Bernardo O’Higgins,06,Coltauco,06104,21263,92.3,96.6,100.0,93.3,100.0,100.0,100.0,100.0,93.8,100.0,100.0,100.0,91.7,100.0,100.0,100.0,96.9,87.5,100.0,93.3,100.0,97.0,100.0,96.3,100.0,100.0,91.7,96.4,100.0,97.0,92.3,100.0,97.2,86.7,97.3,97.1,94.1,96.2,92.0,97.1,100.0,96.2,92.5,87.5,94.4,100.0
Del Libertador General Bernardo O’Higgins,06,Donihue,06105,22700,89.5,100.0,90.9,100.0,100.0,87.5,80.0,100.0,84.0,100.0,100.0,93.8,100.0,100.0,100.0,100.0,100.0,100.0,100.0,88.9,100.0,100.0,94.7,90.5,100.0,95.7,96.4,100.0,100.0,100.0,100.0,96.8,100.0,100.0,90.0,95.7,93.8,79.3,97.1,95.9,98.3,96.1,98.2,96.9,100.0,100.0
Del Libertador General Bernardo O’Higgins,06,Graneros,06106,36504,100.0,100.0,100.0,100.0,94.4,96.0,100.0,71.4,81.8,100.0,100.0,100.0,100.0,100.0,100.0,80.0,87.5,100.0,100.0,81.2,100.0,95.8,100.0,100.0,97.6,91.7,100.0,96.0,95.2,100.0,97.1,96.1,95.9,99.1,95.6,93.4,90.0,88.3,91.4,97.1,80.6,86.0,97.2,90.4,93.9,96.8
Del Libertador General Bernardo O’Higgins,06,La Estrella,06202,3114,100.0,100.0,,,,100.0,100.0,,,,,100.0,,100.0,50.0,100.0,,,100.0,100.0,,,,100.0,100.0,100.0,,100.0,100.0,100.0,50.0,100.0,100.0,100.0,100.0,85.7,100.0,100.0,100.0,100.0,100.0,,,100.0,100.0,100.0
Del Libertador General Bernardo O’Higgins,06,Las Cabras,06107,26749,92.9,100.0,100.0,100.0,91.7,87.5,100.0,100.0,100.0,94.1,100.0,100.0,100.0,100.0,100.0,100.0,100.0,100.0,100.0,100.0,94.4,72.7,83.3,88.6,97.4,87.5,90.6,95.0,97.0,84.8,95.8,93.2,94.4,92.3,91.3,85.7,89.1,94.3,94.7,79.5,96.7,61.9,72.7,95.0,95.0,92.9
Del Libertador General Bernardo O’Higgins,06,Litueche,06203,6765,,,,100.0,,100.0,100.0,,,100.0,100.0,,,,,,100.0,100.0,100.0,100.0,100.0,100.0,100.0,100.0,100.0,100.0,60.0,87.5,100.0,100.0,100.0,97.0,100.0,100.0,100.0,100.0,100.0,100.0,100.0,100.0,95.5,89.7,100.0,92.3,100.0,100.0
Del Libertador General Bernardo O’Higgins,06,Lolol,06304,7289,100.0,100.0,100.0,100.0,,,,100.0,100.0,100.0,100.0,100.0,,100.0,,100.0,100.0,100.0,100.0,100.0,,100.0,100.0,100.0,100.0,,100.0,100.0,100.0,100.0,,100.0,100.0,100.0,100.0,100.0,100.0,100.0,100.0,100.0,100.0,100.0,100.0,100.0,100.0,100.0
Del Libertador General Bernardo O’Higgins,06,Machali,06108,59913,100.0,96.3,100.0,92.0,100.0,100.0,100.0,100.0,87.5,100.0,91.7,96.0,100.0,100.0,100.0,95.2,100.0,95.2,100.0,97.8,94.4,96.2,95.6,90.7,100.0,97.2,95.5,97.1,97.6,98.5,94.6,95.1,97.2,93.8,94.3,96.6,98.9,97.4,95.3,94.4,95.2,92.3,94.4,90.6,89.3,94.1
Del Libertador General Bernardo O’Higgins,06,Malloa,06109,14163,71.4,100.0,100.0,100.0,100.0,100.0,100.0,100.0,100.0,100.0,100.0,100.0,100.0,100.0,100.0,100.0,100.0,100.0,100.0,100.0,92.3,100.0,100.0,95.5,100.0,100.0,100.0,100.0,96.3,100.0,100.0,100.0,97.6,100.0,94.7,89.7,97.2,100.0,93.5,100.0,90.9,85.5,90.3,100.0,89.5,100.0
Del Libertador General Bernardo O’Higgins,06,Marchihue,06204,7632,,100.0,100.0,100.0,100.0,100.0,,100.0,,,100.0,100.0,100.0,100.0,94.1,100.0,100.0,100.0,92.9,100.0,100.0,100.0,100.0,100.0,100.0,100.0,100.0,100.0,100.0,100.0,100.0,100.0,100.0,100.0,100.0,100.0,100.0,91.7,100.0,93.3,100.0,100.0,92.9,100.0,100.0,100.0
Del Libertador General Bernardo O’Higgins,06,Mostazal,06110,27462,90.9,100.0,100.0,100.0,100.0,100.0,75.0,92.9,100.0,100.0,100.0,100.0,100.0,100.0,100.0,100.0,100.0,100.0,100.0,100.0,100.0,100.0,95.7,96.0,100.0,100.0,95.0,100.0,100.0,100.0,93.1,97.4,96.9,100.0,100.0,97.7,100.0,97.9,96.8,90.8,98.0,87.5,93.9,100.0,93.6,97.1
Del Libertador General Bernardo O’Higgins,06,Nancagua,06305,19141,90.0,100.0,100.0,100.0,100.0,87.5,100.0,100.0,83.3,100.0,100.0,100.0,100.0,100.0,100.0,100.0,100.0,100.0,100.0,100.0,100.0,100.0,100.0,95.8,92.9,100.0,100.0,100.0,100.0,100.0,97.8,100.0,96.6,98.5,98.4,100.0,100.0,100.0,100.0,100.0,100.0,93.5,100.0,100.0,100.0,100.0
Del Libertador General Bernardo O’Higgins,06,Navidad,06205,6904,,,,,,100.0,100.0,100.0,100.0,100.0,,100.0,,,100.0,,,100.0,100.0,100.0,,,100.0,100.0,100.0,,100.0,100.0,100.0,95.5,91.7,100.0,100.0,100.0,100.0,100.0,100.0,100.0,100.0,100.0,96.7,100.0,100.0,96.9,100.0,100.0
Del Libertador General Bernardo O’Higgins,06,Olivar,06111,14624,93.8,100.0,100.0,100.0,92.9,94.1,100.0,100.0,100.0,100.0,100.0,100.0,100.0,83.3,100.0,75.0,100.0,100.0,75.0,100.0,89.5,91.3,96.0,100.0,92.9,100.0,100.0,95.1,100.0,100.0,100.0,94.9,97.3,100.0,97.4,100.0,100.0,100.0,100.0,96.2,100.0,100.0,95.3,85.2,100.0,100.0
Del Libertador General Bernardo O’Higgins,06,Palmilla,06306,13299,100.0,100.0,100.0,100.0,100.0,100.0,100.0,100.0,100.0,100.0,100.0,100.0,100.0,100.0,100.0,,100.0,,100.0,87.5,92.0,100.0,100.0,100.0,100.0,100.0,46.7,100.0,100.0,96.8,100.0,96.0,100.0,100.0,100.0,100.0,100.0,89.7,100.0,100.0,100.0,100.0,100.0,100.0,100.0,100.0
Del Libertador General Bernardo O’Higgins,06,Paredones,06206,6349,100.0,,,100.0,,100.0,100.0,100.0,,100.0,100.0,100.0,100.0,,,,,100.0,100.0,100.0,100.0,100.0,100.0,100.0,100.0,100.0,100.0,100.0,100.0,100.0,100.0,100.0,100.0,100.0,96.8,100.0,96.7,100.0,100.0,100.0,100.0,83.3,92.3,100.0,100.0,100.0
Del Libertador General Bernardo O’Higgins,06,Peralillo,06307,11848,100.0,100.0,100.0,100.0,100.0,100.0,100.0,100.0,100.0,100.0,100.0,,100.0,100.0,100.0,,100.0,100.0,100.0,100.0,100.0,100.0,100.0,94.4,100.0,100.0,56.5,95.0,100.0,100.0,100.0,100.0,100.0,100.0,100.0,94.1,100.0,100.0,100.0,100.0,100.0,90.9,100.0,100.0,100.0,100.0
Del Libertador General Bernardo O’Higgins,06,Peumo,06112,14952,87.5,100.0,100.0,93.8,100.0,94.4,100.0,92.3,100.0,100.0,100.0,100.0,100.0,80.0,90.0,100.0,100.0,91.7,100.0,100.0,94.4,100.0,95.8,97.0,84.2,100.0,100.0,90.5,100.0,100.0,100.0,92.3,100.0,96.6,92.3,91.7,94.4,95.0,93.1,95.8,95.3,77.4,97.6,85.7,100.0,100.0
Del Libertador General Bernardo O’Higgins,06,Pichidegua,06113,20743,100.0,81.0,100.0,92.1,91.7,94.7,93.8,90.9,96.6,100.0,83.3,100.0,100.0,100.0,100.0,100.0,100.0,100.0,100.0,100.0,100.0,100.0,100.0,100.0,100.0,93.9,89.5,96.7,93.1,97.9,97.2,93.8,86.8,97.4,98.2,97.1,100.0,80.0,100.0,96.7,100.0,96.1,98.3,91.7,95.8,100.0
Del Libertador General Bernardo O’Higgins,06,Pichilemu,06201,17882,66.7,100.0,100.0,100.0,100.0,100.0,100.0,100.0,100.0,100.0,100.0,100.0,100.0,100.0,100.0,100.0,100.0,100.0,100.0,100.0,100.0,100.0,100.0,100.0,100.0,100.0,100.0,98.7,100.0,96.4,100.0,100.0,100.0,100.0,95.5,100.0,100.0,100.0,100.0,92.6,95.8,92.0,100.0,100.0,95.7,100.0
Del Libertador General Bernardo O’Higgins,06,Placilla,06308,9164,100.0,100.0,100.0,100.0,85.7,80.0,100.0,100.0,100.0,,100.0,100.0,100.0,,100.0,100.0,100.0,100.0,100.0,100.0,100.0,100.0,75.0,100.0,100.0,100.0,91.7,100.0,100.0,100.0,96.2,92.3,89.2,90.0,95.2,100.0,100.0,95.7,100.0,82.6,86.7,86.4,100.0,80.0,93.3,100.0
Del Libertador General Bernardo O’Higgins,06,Pumanque,06309,3531,,100.0,100.0,100.0,,,,100.0,,,100.0,100.0,100.0,100.0,100.0,100.0,,,100.0,100.0,100.0,100.0,100.0,100.0,100.0,100.0,100.0,100.0,100.0,,100.0,100.0,100.0,100.0,100.0,100.0,100.0,94.7,100.0,100.0,100.0,91.7,100.0,100.0,100.0,
Del Libertador General Bernardo O’Higgins,06,Quinta de Tilcoco,06114,13877,100.0,100.0,100.0,88.9,83.3,100.0,100.0,100.0,100.0,100.0,,100.0,,,100.0,,100.0,,100.0,100.0,100.0,100.0,100.0,100.0,95.0,100.0,66.7,100.0,100.0,94.1,100.0,100.0,90.0,97.0,94.1,96.2,100.0,100.0,96.6,95.2,100.0,84.6,94.4,100.0,87.5,100.0
Del Libertador General Bernardo O’Higgins,06,Rancagua,06101,265211,96.9,98.2,98.9,97.2,94.8,98.0,94.7,99.3,96.4,98.1,97.1,100.0,95.2,95.1,98.9,94.3,97.2,98.4,96.5,95.3,96.6,96.1,96.7,97.3,96.9,98.6,92.7,94.5,95.3,98.1,96.3,96.5,97.2,94.2,95.6,95.7,98.4,96.2,97.4,97.4,96.4,94.0,94.7,91.3,94.1,91.6
Del Libertador General Bernardo O’Higgins,06,Rengo,06115,63710,89.5,85.7,94.4,92.9,85.7,88.5,100.0,95.5,100.0,95.2,83.3,100.0,87.5,100.0,100.0,95.8,100.0,95.0,88.9,97.6,100.0,100.0,99.0,96.6,98.7,96.9,89.0,99.1,97.7,96.7,95.8,98.1,97.1,99.1,95.0,95.1,96.1,99.1,98.4,97.1,97.3,94.3,95.7,100.0,97.4,87.5
Del Libertador General Bernardo O’Higgins,06,Requinoa,06116,30371,91.7,100.0,100.0,100.0,100.0,100.0,100.0,100.0,100.0,100.0,100.0,100.0,87.5,76.9,100.0,100.0,100.0,100.0,93.8,100.0,100.0,100.0,100.0,100.0,82.1,90.5,86.7,100.0,100.0,100.0,100.0,100.0,97.3,96.7,98.7,98.1,96.2,100.0,98.9,98.9,96.4,95.3,92.1,95.1,96.7,100.0
Del Libertador General Bernardo O’Higgins,06,San Fernando,06301,78642,97.2,93.0,98.3,96.3,100.0,99.0,100.0,94.1,93.5,92.9,100.0,100.0,100.0,100.0,100.0,100.0,100.0,97.5,95.8,100.0,100.0,93.2,100.0,96.6,100.0,96.9,94.8,94.7,97.2,97.2,96.5,94.7,90.8,96.0,98.1,97.9,94.5,92.0,97.3,97.8,92.3,95.5,94.7,89.9,86.3,90.2
Del Libertador General Bernardo O’Higgins,06,San Vicente,06117,50617,95.2,100.0,96.8,89.2,100.0,93.9,95.7,98.4,98.2,100.0,100.0,100.0,100.0,100.0,100.0,100.0,100.0,100.0,100.0,100.0,99.1,99.4,99.4,99.2,100.0,98.4,100.0,96.5,100.0,100.0,100.0,98.8,94.7,96.4,93.8,98.9,100.0,100.0,98.1,100.0,98.5,95.9,93.6,96.8,97.0,91.1
Del Libertador General Bernardo O’Higgins,06,Santa Cruz,06310,41096,94.9,91.1,97.6,97.6,100.0,100.0,100.0,90.9,100.0,100.0,100.0,100.0,100.0,88.2,81.8,100.0,100.0,100.0,100.0,93.1,98.6,98.8,100.0,97.8,100.0,100.0,100.0,100.0,98.0,100.0,94.9,98.2,100.0,100.0,100.0,93.3,100.0,95.5,89.7,92.6,100.0,98.0,100.0,97.8,95.8,100.0
Maule,07,Cauquenes,07201,44143,100.0,100.0,100.0,94.1,83.3,100.0,100.0,90.0,100.0,100.0,100.0,100.0,100.0,100.0,100.0,100.0,100.0,100.0,96.0,100.0,100.0,100.0,77.8,88.7,96.2,100.0,100.0,100.0,100.0,100.0,98.1,100.0,98.6,99.1,96.2,94.0,100.0,98.4,100.0,96.7,96.1,100.0,97.4,98.8,100.0,100.0
Maule,07,Chanco,07202,9331,100.0,100.0,100.0,100.0,90.0,100.0,100.0,100.0,100.0,,100.0,100.0,,100.0,100.0,100.0,100.0,100.0,100.0,,100.0,100.0,50.0,80.0,100.0,100.0,100.0,100.0,100.0,100.0,100.0,100.0,95.0,100.0,94.1,100.0,100.0,100.0,100.0,100.0,100.0,100.0,100.0,100.0,100.0,100.0
Maule,07,Colbun,07402,22565,100.0,100.0,100.0,100.0,100.0,81.8,100.0,100.0,100.0,100.0,100.0,100.0,100.0,100.0,100.0,100.0,100.0,100.0,100.0,100.0,100.0,100.0,100.0,100.0,100.0,100.0,100.0,100.0,100.0,100.0,100.0,96.2,100.0,100.0,98.5,92.0,96.3,99.0,97.6,98.7,100.0,98.6,97.3,100.0,100.0,100.0
Maule,07,Constitucion,07102,50348,100.0,100.0,100.0,100.0,83.3,100.0,100.0,100.0,100.0,100.0,100.0,100.0,90.9,100.0,100.0,100.0,97.1,100.0,100.0,96.9,100.0,99.2,98.4,98.1,99.1,100.0,100.0,100.0,100.0,100.0,100.0,100.0,100.0,99.6,97.6,98.0,99.4,96.8,98.6,94.5,98.4,97.7,97.4,99.1,100.0,97.5
Maule,07,Curepto,07103,9426,88.9,100.0,,100.0,100.0,100.0,100.0,100.0,100.0,100.0,100.0,,100.0,100.0,100.0,100.0,100.0,100.0,100.0,100.0,100.0,100.0,87.5,100.0,100.0,100.0,100.0,100.0,100.0,100.0,93.3,100.0,100.0,92.9,92.3,100.0,96.4,100.0,96.0,100.0,93.8,94.6,100.0,100.0,100.0,100.0
Maule,07,Curico,07301,163626,90.9,100.0,98.6,100.0,95.5,96.2,97.1,100.0,99.3,99.2,100.0,100.0,98.7,100.0,100.0,98.4,99.5,99.1,98.6,97.8,96.5,98.4,98.8,98.8,95.2,99.2,99.5,99.6,99.3,98.2,95.4,97.8,96.3,99.4,96.6,97.7,96.1,96.4,98.4,96.2,96.3,95.6,98.6,98.8,97.3,97.3
Maule,07,Empedrado,07104,4206,100.0,100.0,100.0,,100.0,,,,100.0,,100.0,,100.0,100.0,,100.0,100.0,100.0,100.0,100.0,100.0,100.0,100.0,100.0,100.0,100.0,100.0,100.0,100.0,100.0,100.0,100.0,100.0,100.0,100.0,100.0,100.0,100.0,100.0,100.0,100.0,100.0,100.0,100.0,100.0,100.0
Maule,07,Hualane,07302,10222,100.0,100.0,100.0,100.0,100.0,100.0,100.0,100.0,,100.0,,,100.0,100.0,100.0,0.0,100.0,100.0,100.0,100.0,100.0,100.0,100.0,100.0,100.0,90.5,100.0,100.0,100.0,100.0,100.0,100.0,97.7,100.0,93.8,100.0,100.0,100.0,96.9,100.0,96.8,93.3,100.0,100.0,100.0,100.0
Maule,07,Licanten,07303,6989,,100.0,100.0,100.0,90.9,100.0,100.0,100.0,100.0,,,100.0,100.0,,,,100.0,100.0,100.0,100.0,100.0,100.0,100.0,96.2,100.0,100.0,100.0,100.0,83.3,100.0,100.0,100.0,100.0,100.0,100.0,96.0,83.3,100.0,80.0,100.0,92.3,100.0,100.0,100.0,90.0,100.0
Maule,07,Linares,07401,101073,97.5,100.0,99.0,100.0,94.9,97.4,100.0,100.0,100.0,100.0,96.9,100.0,100.0,100.0,100.0,100.0,100.0,100.0,100.0,100.0,99.0,100.0,99.4,100.0,97.6,100.0,99.2,100.0,100.0,99.6,98.9,100.0,99.4,97.7,95.9,98.1,98.1,99.0,98.6,98.6,97.5,97.4,96.8,100.0,100.0,100.0
Maule,07,Longavi,07403,32810,100.0,100.0,100.0,100.0,100.0,94.6,100.0,96.0,100.0,100.0,100.0,100.0,100.0,100.0,100.0,100.0,100.0,100.0,100.0,100.0,100.0,100.0,100.0,100.0,100.0,100.0,100.0,100.0,100.0,100.0,100.0,100.0,100.0,98.7,98.3,98.7,98.4,99.3,98.1,100.0,98.7,96.2,100.0,100.0,100.0,100.0
Maule,07,Maule,07105,60000,96.6,100.0,100.0,95.9,98.3,95.2,98.1,96.3,100.0,100.0,100.0,100.0,100.0,100.0,100.0,100.0,100.0,98.2,98.4,99.1,100.0,99.2,97.5,100.0,98.9,98.9,97.0,98.7,98.0,100.0,100.0,100.0,97.8,100.0,100.0,99.0,100.0,96.0,97.6,97.5,98.7,99.2,98.3,100.0,100.0,100.0
Maule,07,Molina,07304,49800,100.0,100.0,100.0,96.6,91.1,95.0,100.0,100.0,100.0,100.0,100.0,100.0,100.0,100.0,100.0,100.0,100.0,100.0,97.5,99.3,97.3,97.7,98.6,98.2,98.5,96.6,98.2,100.0,96.3,100.0,100.0,97.2,97.9,99.1,97.3,97.6,98.4,91.6,87.1,95.9,92.5,92.2,100.0,100.0,100.0,90.8
Maule,07,Parral,07404,44544,100.0,100.0,100.0,97.7,98.1,100.0,100.0,97.1,100.0,100.0,100.0,100.0,100.0,100.0,100.0,100.0,100.0,100.0,100.0,100.0,100.0,100.0,100.0,98.8,100.0,100.0,100.0,100.0,100.0,100.0,100.0,100.0,100.0,99.0,97.8,98.7,99.0,98.6,96.4,94.9,96.2,97.9,99.2,99.4,100.0,100.0
Maule,07,Pelarco,07106,9083,100.0,100.0,100.0,100.0,100.0,100.0,100.0,,,100.0,100.0,100.0,100.0,100.0,100.0,100.0,,100.0,100.0,100.0,100.0,100.0,100.0,100.0,91.7,100.0,100.0,100.0,100.0,100.0,100.0,93.9,93.3,100.0,98.0,93.6,89.7,84.4,100.0,77.8,95.9,97.6,100.0,96.7,100.0,100.0
Maule,07,Pelluhue,07203,8092,100.0,71.4,100.0,100.0,0.0,100.0,57.1,100.0,100.0,100.0,100.0,100.0,100.0,,100.0,,,50.0,100.0,100.0,100.0,100.0,85.7,100.0,100.0,100.0,100.0,100.0,100.0,100.0,100.0,100.0,66.7,100.0,95.5,100.0,100.0,100.0,100.0,100.0,95.2,93.3,96.0,100.0,100.0,95.0
Maule,07,Pencahue,07107,8601,100.0,100.0,100.0,100.0,77.8,100.0,100.0,100.0,,100.0,,,100.0,100.0,100.0,100.0,100.0,100.0,100.0,100.0,100.0,100.0,100.0,100.0,97.4,94.6,100.0,100.0,100.0,100.0,100.0,100.0,93.3,100.0,100.0,100.0,97.6,100.0,100.0,100.0,97.9,88.0,100.0,95.5,100.0,100.0
Maule,07,Rauco,07305,11248,100.0,100.0,100.0,100.0,100.0,100.0,100.0,100.0,100.0,100.0,100.0,100.0,100.0,100.0,100.0,100.0,100.0,100.0,94.1,93.3,100.0,100.0,90.3,100.0,100.0,100.0,100.0,100.0,100.0,100.0,100.0,100.0,100.0,98.2,98.0,98.5,97.7,92.9,100.0,94.6,93.2,92.3,100.0,100.0,100.0,100.0
Maule,07,Retiro,07405,21071,100.0,100.0,100.0,100.0,100.0,85.7,100.0,100.0,100.0,100.0,100.0,100.0,100.0,100.0,100.0,100.0,100.0,100.0,100.0,100.0,100.0,100.0,100.0,100.0,100.0,100.0,100.0,100.0,100.0,100.0,100.0,100.0,100.0,100.0,98.9,100.0,100.0,98.6,97.7,95.4,100.0,98.8,96.2,98.7,100.0,100.0
Maule,07,Rio Claro,07108,14753,100.0,100.0,100.0,100.0,100.0,100.0,100.0,100.0,100.0,100.0,100.0,100.0,100.0,100.0,100.0,100.0,100.0,100.0,100.0,100.0,100.0,96.4,100.0,94.4,100.0,100.0,100.0,100.0,100.0,100.0,97.2,94.8,100.0,95.8,98.1,100.0,96.6,100.0,100.0,100.0,96.2,100.0,91.4,100.0,100.0,100.0
Maule,07,Romeral,07306,16170,100.0,,100.0,100.0,100.0,100.0,100.0,100.0,100.0,100.0,100.0,100.0,100.0,,100.0,100.0,100.0,100.0,95.3,91.2,97.6,90.6,100.0,97.9,97.1,95.0,95.7,100.0,100.0,100.0,100.0,96.4,100.0,98.5,100.0,100.0,94.5,94.8,92.3,86.8,93.2,97.2,86.4,75.9,100.0,100.0
Maule,07,Sagrada Familia,07307,19469,100.0,100.0,100.0,100.0,100.0,100.0,100.0,100.0,100.0,100.0,100.0,100.0,90.0,100.0,100.0,100.0,88.9,100.0,96.6,100.0,100.0,100.0,100.0,100.0,100.0,100.0,100.0,100.0,100.0,100.0,100.0,100.0,97.1,100.0,100.0,100.0,100.0,98.4,96.6,100.0,96.7,85.9,91.9,88.6,100.0,100.0
Maule,07,San Clemente,07109,46292,100.0,100.0,100.0,97.4,95.5,100.0,100.0,92.3,100.0,100.0,100.0,100.0,100.0,100.0,100.0,100.0,100.0,100.0,100.0,100.0,100.0,96.5,99.1,100.0,98.4,100.0,100.0,100.0,100.0,100.0,100.0,100.0,98.9,100.0,98.7,96.9,100.0,98.9,97.3,95.3,99.2,98.0,98.0,99.5,100.0,100.0
Maule,07,San Javier,07406,49451,100.0,100.0,89.2,100.0,100.0,100.0,100.0,100.0,100.0,98.3,100.0,100.0,100.0,100.0,100.0,100.0,100.0,99.0,98.7,98.0,99.1,100.0,99.0,98.8,100.0,100.0,97.4,100.0,100.0,100.0,99.3,99.5,99.5,99.6,97.7,98.8,99.5,92.6,98.2,97.9,97.0,98.2,98.1,100.0,100.0,100.0
Maule,07,San Rafael,07110,9959,100.0,100.0,100.0,80.0,100.0,100.0,100.0,100.0,100.0,100.0,100.0,100.0,93.3,83.3,100.0,100.0,66.7,100.0,100.0,100.0,100.0,100.0,100.0,100.0,100.0,92.9,100.0,100.0,100.0,100.0,100.0,95.7,87.9,97.6,95.2,97.4,75.0,100.0,100.0,97.9,100.0,98.0,97.6,100.0,97.3,100.0
Maule,07,Talca,07101,236724,93.9,97.4,98.0,97.8,98.0,95.4,97.3,97.8,97.2,98.8,99.5,98.6,99.2,98.1,90.2,100.0,99.4,98.5,99.6,97.9,97.8,98.5,97.8,96.3,98.4,99.8,98.0,98.6,99.7,99.3,98.3,97.5,98.3,97.0,92.1,96.5,96.7,98.3,97.2,97.7,99.0,99.0,97.8,99.1,99.0,98.9
Maule,07,Teno,07308,30850,100.0,100.0,100.0,91.3,92.3,98.2,100.0,95.2,100.0,100.0,100.0,90.9,100.0,100.0,96.9,100.0,92.0,100.0,100.0,100.0,98.6,100.0,98.2,100.0,98.0,95.7,100.0,100.0,94.6,100.0,100.0,98.8,98.9,98.4,100.0,95.5,98.1,98.8,97.8,100.0,96.3,97.0,93.4,98.6,100.0,100.0
Maule,07,Vichuquen,07309,4381,,,,,100.0,100.0,100.0,100.0,100.0,,,,,,,100.0,100.0,100.0,100.0,100.0,100.0,,100.0,100.0,100.0,95.2,100.0,100.0,100.0,100.0,100.0,90.9,100.0,100.0,100.0,100.0,100.0,88.9,100.0,100.0,100.0,100.0,100.0,100.0,100.0,100.0
Maule,07,Villa Alegre,07407,17512,100.0,100.0,100.0,100.0,100.0,100.0,100.0,100.0,100.0,100.0,100.0,100.0,100.0,,100.0,100.0,100.0,100.0,100.0,100.0,100.0,100.0,100.0,100.0,100.0,100.0,100.0,100.0,100.0,100.0,97.0,100.0,100.0,100.0,100.0,90.3,100.0,95.7,97.2,96.4,100.0,98.2,100.0,100.0,100.0,100.0
Maule,07,Yerbas Buenas,07408,19200,100.0,100.0,100.0,100.0,83.3,100.0,100.0,100.0,100.0,100.0,100.0,100.0,100.0,100.0,100.0,100.0,100.0,100.0,100.0,100.0,100.0,100.0,100.0,100.0,100.0,96.2,100.0,100.0,100.0,100.0,100.0,100.0,100.0,100.0,92.1,97.4,91.2,98.1,98.1,99.1,94.2,98.6,100.0,100.0,100.0,100.0
Nuble,16,Bulnes,16102,22607,91.4,100.0,92.3,93.3,100.0,100.0,100.0,95.7,90.0,80.0,100.0,100.0,71.4,100.0,83.3,63.6,88.9,100.0,100.0,100.0,89.3,100.0,96.3,95.3,97.7,93.5,88.9,95.0,100.0,77.8,84.4,90.2,96.9,97.7,95.7,90.0,97.1,97.0,100.0,88.6,98.2,96.1,100.0,96.0,93.3,100.0
Nuble,16,Chillan,16101,198624,97.1,96.4,96.3,95.4,92.8,99.2,97.7,96.0,97.6,94.4,97.1,97.2,98.7,94.1,95.9,97.7,99.1,94.4,97.8,98.4,97.9,97.9,95.9,91.6,97.8,97.3,96.7,99.2,98.3,98.8,96.3,98.0,98.7,97.3,97.8,98.0,98.2,98.6,98.4,96.2,97.7,97.7,96.9,98.1,94.7,97.2
Nuble,16,Chillan Viejo,16103,33827,100.0,97.6,100.0,95.8,88.2,96.3,100.0,100.0,100.0,100.0,100.0,100.0,100.0,95.2,94.4,100.0,100.0,94.1,100.0,96.4,97.4,95.5,100.0,96.5,97.1,100.0,100.0,100.0,100.0,100.0,97.1,97.4,97.1,100.0,98.6,98.1,95.6,100.0,98.0,100.0,98.0,96.9,97.1,94.7,100.0,100.0
Nuble,16,Cobquecura,16202,5275,100.0,,100.0,100.0,100.0,100.0,100.0,,100.0,100.0,,,100.0,,,,100.0,100.0,,100.0,100.0,100.0,100.0,100.0,100.0,100.0,100.0,,100.0,100.0,100.0,100.0,100.0,100.0,100.0,100.0,100.0,100.0,100.0,100.0,100.0,,100.0,100.0,100.0,100.0
Nuble,16,Coelemu,16203,16845,100.0,100.0,100.0,100.0,90.9,100.0,100.0,100.0,100.0,100.0,100.0,100.0,100.0,100.0,100.0,100.0,100.0,100.0,100.0,92.3,83.3,100.0,100.0,100.0,100.0,100.0,73.7,96.9,100.0,96.9,100.0,100.0,97.1,95.7,93.6,100.0,100.0,94.6,91.3,87.5,94.7,84.2,90.5,68.4,83.3,100.0
Nuble,16,Coihueco,16302,28375,100.0,93.8,100.0,97.4,90.2,96.9,73.8,91.3,100.0,100.0,95.8,94.7,100.0,95.7,100.0,100.0,94.1,100.0,96.7,100.0,100.0,96.6,100.0,100.0,100.0,100.0,95.0,100.0,87.3,85.5,92.5,91.8,97.4,96.8,100.0,100.0,97.1,100.0,91.2,100.0,98.8,98.0,100.0,98.3,100.0,94.7
Nuble,16,El Carmen,16104,12334,100.0,100.0,100.0,100.0,100.0,100.0,,100.0,100.0,100.0,100.0,100.0,,100.0,100.0,90.3,100.0,100.0,100.0,92.3,100.0,100.0,83.3,100.0,70.0,100.0,100.0,100.0,83.3,100.0,100.0,100.0,100.0,84.6,100.0,100.0,77.8,78.6,100.0,100.0,100.0,93.3,100.0,90.5,100.0,100.0
Nuble,16,Ninhue,16204,5414,,,100.0,100.0,100.0,100.0,,100.0,100.0,,100.0,100.0,100.0,100.0,100.0,100.0,100.0,100.0,100.0,100.0,100.0,100.0,100.0,100.0,100.0,100.0,100.0,100.0,100.0,80.0,100.0,100.0,100.0,100.0,100.0,100.0,100.0,100.0,100.0,75.0,100.0,100.0,100.0,90.9,100.0,100.0
Nuble,16,Niquen,16303,11567,100.0,85.7,50.0,100.0,100.0,,100.0,100.0,100.0,,,,100.0,100.0,100.0,,,100.0,87.5,100.0,100.0,100.0,100.0,100.0,100.0,100.0,100.0,100.0,98.2,95.4,91.4,97.1,96.8,98.4,100.0,100.0,100.0,97.5,100.0,95.0,100.0,100.0,100.0,100.0,100.0,100.0
Nuble,16,Pemuco,16105,8639,,100.0,100.0,85.7,100.0,100.0,,,100.0,100.0,100.0,100.0,100.0,100.0,100.0,71.4,83.3,100.0,100.0,100.0,100.0,100.0,100.0,100.0,100.0,100.0,100.0,100.0,85.7,100.0,100.0,100.0,100.0,77.4,86.5,87.1,100.0,100.0,93.8,100.0,81.4,100.0,100.0,100.0,95.0,95.0
Nuble,16,Pinto,16106,11880,100.0,66.7,100.0,100.0,100.0,100.0,100.0,100.0,100.0,100.0,100.0,100.0,100.0,,85.7,100.0,100.0,100.0,100.0,100.0,100.0,100.0,100.0,100.0,100.0,100.0,100.0,100.0,100.0,100.0,100.0,100.0,94.7,100.0,100.0,100.0,100.0,100.0,100.0,100.0,100.0,100.0,100.0,100.0,100.0,100.0
Nuble,16,Portezuelo,16205,4940,,100.0,100.0,100.0,100.0,100.0,100.0,100.0,100.0,100.0,100.0,,100.0,100.0,100.0,,50.0,80.0,100.0,100.0,100.0,100.0,100.0,90.0,100.0,100.0,100.0,100.0,,100.0,100.0,100.0,100.0,91.7,100.0,100.0,100.0,100.0,,100.0,93.3,100.0,100.0,100.0,100.0,100.0
Nuble,16,Quillon,16107,18777,81.8,95.5,100.0,94.1,100.0,100.0,81.2,100.0,100.0,100.0,88.0,58.3,69.6,100.0,100.0,87.5,90.9,100.0,94.1,94.4,96.6,92.6,78.1,100.0,100.0,100.0,100.0,100.0,100.0,100.0,93.9,94.7,95.7,100.0,95.6,100.0,97.6,100.0,100.0,100.0,82.8,93.3,98.0,94.4,100.0,93.8
Nuble,16,Quirihue,16201,12192,100.0,100.0,100.0,100.0,71.4,100.0,100.0,100.0,100.0,100.0,94.1,100.0,100.0,100.0,,100.0,100.0,100.0,100.0,100.0,100.0,91.7,60.7,85.7,100.0,100.0,100.0,100.0,100.0,87.5,100.0,93.8,100.0,100.0,80.0,100.0,100.0,96.2,100.0,100.0,100.0,100.0,95.0,100.0,100.0,100.0
Nuble,16,Ranquil,16206,6261,100.0,100.0,100.0,100.0,100.0,100.0,100.0,100.0,100.0,100.0,100.0,100.0,100.0,100.0,100.0,100.0,100.0,100.0,100.0,100.0,100.0,100.0,100.0,100.0,100.0,100.0,100.0,100.0,100.0,100.0,100.0,100.0,100.0,100.0,100.0,75.0,100.0,100.0,100.0,100.0,90.9,88.9,94.7,100.0,100.0,
Nuble,16,San Carlos,16301,56252,95.5,90.3,80.0,100.0,88.2,92.3,100.0,84.6,72.7,100.0,100.0,95.7,100.0,100.0,100.0,94.1,91.7,100.0,97.0,97.8,100.0,98.6,96.5,97.6,95.8,96.4,94.4,99.2,99.1,99.2,97.4,96.3,98.8,99.2,99.2,97.5,97.7,98.1,100.0,96.1,99.4,99.4,99.1,97.7,99.0,100.0
Nuble,16,San Fabian,16304,4654,100.0,100.0,66.7,100.0,83.3,33.3,,100.0,100.0,,,,,,100.0,100.0,,100.0,100.0,100.0,80.0,100.0,100.0,100.0,,100.0,100.0,100.0,100.0,100.0,100.0,85.7,93.8,85.7,100.0,100.0,100.0,100.0,66.7,80.0,50.0,100.0,100.0,100.0,100.0,100.0
Nuble,16,San Ignacio,16108,16624,100.0,100.0,100.0,100.0,100.0,100.0,100.0,100.0,100.0,100.0,,100.0,100.0,100.0,100.0,94.4,80.0,100.0,100.0,100.0,100.0,100.0,96.2,100.0,93.3,96.3,100.0,100.0,96.2,100.0,96.7,100.0,100.0,100.0,100.0,94.7,100.0,100.0,96.3,93.8,89.2,96.4,100.0,100.0,95.5,100.0
Nuble,16,San Nicolas,16305,12172,100.0,73.3,100.0,93.8,61.5,100.0,100.0,100.0,100.0,100.0,100.0,87.5,100.0,100.0,100.0,100.0,100.0,100.0,100.0,91.7,100.0,100.0,100.0,92.9,100.0,92.9,100.0,81.0,96.6,88.0,94.7,94.4,100.0,75.8,96.8,95.5,100.0,94.3,88.6,90.9,92.1,95.3,95.7,92.3,88.2,100.0
Nuble,16,Treguaco,16207,5696,100.0,100.0,100.0,100.0,100.0,100.0,100.0,100.0,100.0,,100.0,100.0,100.0,,,100.0,100.0,100.0,100.0,100.0,100.0,100.0,80.0,100.0,100.0,83.3,100.0,90.9,100.0,100.0,75.0,100.0,100.0,100.0,100.0,100.0,100.0,100.0,85.7,100.0,92.3,95.2,100.0,100.0,100.0,100.0
Nuble,16,Yungay,16109,18596,100.0,33.3,75.0,100.0,92.9,100.0,100.0,100.0,100.0,,100.0,100.0,100.0,100.0,100.0,93.3,100.0,90.0,100.0,100.0,96.8,100.0,100.0,100.0,100.0,97.2,100.0,100.0,96.3,100.0,100.0,100.0,97.2,100.0,98.3,97.9,95.8,100.0,100.0,100.0,100.0,100.0,100.0,100.0,90.0,100.0
Biobio,08,Alto Biobio,08314,6775,100.0,100.0,100.0,100.0,100.0,,100.0,,,100.0,100.0,,,,,100.0,100.0,100.0,100.0,100.0,100.0,100.0,100.0,100.0,100.0,100.0,100.0,,100.0,50.0,,100.0,100.0,100.0,95.7,98.7,99.1,100.0,95.7,100.0,98.6,100.0,100.0,100.0,100.0,100.0
Biobio,08,Antuco,08302,4306,,100.0,100.0,100.0,,100.0,100.0,100.0,100.0,,,66.7,100.0,,,100.0,100.0,100.0,100.0,100.0,100.0,100.0,100.0,66.7,100.0,100.0,100.0,,100.0,100.0,100.0,87.5,91.7,94.4,100.0,100.0,100.0,100.0,100.0,100.0,100.0,100.0,100.0,100.0,100.0,100.0
Biobio,08,Arauco,08202,38679,89.8,78.1,94.7,95.2,100.0,93.1,100.0,94.1,100.0,98.4,93.9,98.3,100.0,94.6,100.0,93.7,99.0,97.5,96.5,98.7,99.0,90.0,96.5,92.9,98.2,95.3,87.8,97.8,98.5,99.2,99.1,97.8,94.2,96.6,97.2,92.2,98.6,100.0,100.0,100.0,100.0,96.2,92.8,91.0,100.0,96.2
Biobio,08,Cabrero,08303,30725,100.0,100.0,100.0,91.7,100.0,100.0,100.0,97.4,98.0,97.7,100.0,93.3,94.1,87.5,96.8,100.0,100.0,100.0,100.0,100.0,97.3,100.0,100.0,97.6,100.0,97.9,97.7,100.0,100.0,100.0,98.6,98.0,100.0,100.0,98.8,100.0,100.0,100.0,100.0,100.0,97.9,100.0,100.0,100.0,100.0,100.0
Biobio,08,Canete,08203,37003,97.2,91.3,100.0,76.9,100.0,100.0,97.3,95.7,95.6,100.0,78.0,100.0,96.9,100.0,98.6,98.3,98.7,98.5,90.1,95.2,96.2,89.7,98.8,84.6,91.8,98.0,95.2,95.3,98.7,95.2,98.0,98.2,92.1,98.2,97.5,94.4,97.6,94.6,92.4,90.6,80.0,74.7,90.6,89.1,97.4,76.9
Biobio,08,Chiguayante,08103,91180,92.5,92.7,97.8,96.4,95.4,96.8,97.1,92.8,96.8,97.5,97.0,97.1,100.0,99.1,99.2,99.4,100.0,99.3,94.1,99.0,100.0,98.7,98.3,94.2,99.2,97.6,97.1,98.8,99.1,98.4,97.3,98.5,98.0,97.6,92.9,97.5,99.0,96.1,94.0,97.0,92.8,94.1,98.6,96.8,93.9,96.4
Biobio,08,Concepcion,08101,238092,87.9,86.8,87.3,92.3,92.1,95.4,90.9,91.2,94.8,94.8,97.6,91.7,95.4,95.3,97.1,96.3,95.6,95.9,96.9,96.8,94.5,94.1,93.7,91.3,98.2,98.7,93.4,97.8,93.1,97.6,96.5,97.2,92.9,94.4,94.1,97.4,97.4,96.9,95.9,97.9,96.6,96.7,94.4,96.9,96.6,98.1
Biobio,08,Contulmo,08204,6330,,100.0,,100.0,100.0,100.0,100.0,100.0,75.0,100.0,100.0,,100.0,75.0,100.0,100.0,100.0,66.7,100.0,100.0,100.0,100.0,100.0,100.0,95.2,100.0,100.0,94.7,100.0,100.0,71.4,88.9,100.0,88.9,93.9,100.0,100.0,100.0,85.0,90.9,88.9,100.0,100.0,100.0,,77.8
Biobio,08,Coronel,08102,125829,96.4,93.6,95.0,98.0,94.7,98.1,98.1,96.2,97.6,97.3,97.7,95.4,100.0,96.3,96.4,98.6,99.1,98.2,98.5,96.6,97.2,97.8,95.3,88.4,96.0,97.1,98.3,98.3,97.2,97.6,96.4,93.0,91.8,97.4,95.4,96.7,93.0,95.1,97.6,94.0,97.0,96.5,98.6,92.0,97.2,93.3
Biobio,08,Curanilahue,08205,33892,100.0,100.0,91.8,93.7,94.7,91.5,91.8,93.5,89.7,100.0,93.8,100.0,89.3,95.0,96.9,100.0,94.7,100.0,86.7,94.1,95.5,91.9,92.8,92.3,92.1,87.1,72.6,67.4,91.8,97.6,96.1,97.0,83.0,97.3,96.3,96.2,95.3,100.0,97.3,91.5,87.7,97.3,91.0,94.6,88.2,97.4
Biobio,08,Florida,08104,11841,85.7,75.0,100.0,71.4,75.0,100.0,100.0,85.7,100.0,100.0,100.0,80.0,100.0,100.0,100.0,100.0,100.0,100.0,94.1,100.0,96.0,100.0,100.0,96.4,100.0,100.0,100.0,93.3,100.0,97.2,91.7,96.8,93.9,96.2,100.0,100.0,100.0,100.0,71.4,100.0,100.0,100.0,93.8,100.0,100.0,91.7
Biobio,08,Hualpen,08112,97273,88.3,92.0,90.9,97.3,86.2,93.6,89.6,95.1,98.5,97.0,95.4,93.7,99.3,96.1,96.3,99.2,99.1,98.3,97.9,99.2,97.7,96.6,95.6,89.1,98.2,98.0,97.2,98.0,97.6,98.9,98.8,97.8,96.8,97.2,98.7,98.9,98.6,99.2,99.4,100.0,98.1,98.2,99.3,99.3,98.3,97.8
Biobio,08,Hualqui,08105,26201,47.4,30.2,58.7,100.0,100.0,76.5,72.7,100.0,73.7,92.0,91.7,92.9,87.5,94.1,96.7,100.0,100.0,93.8,100.0,100.0,98.1,96.2,98.5,91.1,97.0,100.0,93.1,100.0,100.0,96.5,95.4,100.0,92.9,96.9,89.5,81.8,100.0,94.6,100.0,90.0,94.6,74.1,71.1,96.3,100.0,94.1
Biobio,08,Laja,08304,23873,100.0,100.0,83.3,100.0,100.0,83.3,57.1,96.9,100.0,100.0,100.0,96.0,100.0,,100.0,95.8,100.0,100.0,97.6,100.0,94.3,91.8,95.5,97.9,98.6,93.5,90.6,100.0,100.0,100.0,97.0,96.7,97.6,98.9,94.0,94.7,94.3,100.0,94.5,100.0,93.9,100.0,93.9,100.0,97.2,100.0
Biobio,08,Lebu,08201,27100,100.0,100.0,75.0,89.7,84.0,64.2,65.1,95.0,90.0,100.0,94.4,100.0,95.0,94.1,90.0,97.1,96.6,83.3,95.5,96.9,97.1,95.7,93.5,95.0,94.6,81.2,95.0,96.4,95.2,87.0,91.1,83.0,87.5,78.6,90.9,95.7,90.6,90.9,95.5,77.1,81.2,79.1,95.8,91.0,93.1,90.0
Biobio,08,Los Alamos,08206,22524,87.5,88.2,96.0,93.9,100.0,100.0,100.0,100.0,96.0,100.0,62.5,100.0,100.0,100.0,90.9,100.0,100.0,100.0,96.0,100.0,96.2,86.4,89.4,95.0,98.2,97.0,94.4,100.0,97.4,100.0,97.5,87.2,81.5,95.5,100.0,88.2,100.0,100.0,98.7,96.7,98.2,97.8,100.0,100.0,97.4,97.5
Biobio,08,Los Angeles,08301,218515,90.0,93.7,98.6,98.4,100.0,100.0,95.5,94.0,98.6,93.2,97.7,93.1,95.5,94.0,93.2,97.6,99.4,97.2,98.9,98.2,98.7,96.8,94.9,95.0,98.3,98.4,96.5,97.6,96.8,98.3,95.0,96.3,95.5,96.8,97.2,96.2,98.1,98.3,98.2,97.2,98.7,99.0,98.8,98.9,97.2,97.2
Biobio,08,Lota,08106,45750,93.0,93.5,96.1,95.8,90.1,96.7,96.8,93.5,95.1,100.0,95.7,92.2,98.0,89.5,98.5,100.0,94.5,97.8,99.0,98.2,96.0,90.7,98.3,97.7,99.0,99.1,98.5,97.6,98.9,96.8,97.9,100.0,97.3,97.1,96.9,98.8,97.5,98.8,96.6,95.6,100.0,93.6,98.8,100.0,100.0,90.0
Biobio,08,Mulchen,08305,31041,100.0,100.0,97.7,93.3,100.0,100.0,100.0,100.0,100.0,96.0,100.0,100.0,100.0,95.2,90.9,94.1,100.0,95.5,100.0,97.2,100.0,100.0,98.7,100.0,100.0,100.0,95.8,100.0,98.7,100.0,98.9,100.0,99.3,98.8,97.6,96.3,99.4,100.0,97.2,100.0,100.0,98.0,90.2,97.9,100.0,93.8
Biobio,08,Nacimiento,08306,27944,100.0,100.0,100.0,96.4,75.0,100.0,60.0,94.1,100.0,100.0,96.7,100.0,100.0,94.4,100.0,100.0,100.0,100.0,98.5,97.6,95.7,98.5,97.7,98.0,100.0,100.0,100.0,100.0,100.0,100.0,98.0,95.5,99.3,98.5,96.2,100.0,96.1,100.0,96.6,100.0,100.0,97.0,97.0,100.0,100.0,97.5
Biobio,08,Negrete,08307,10429,100.0,100.0,100.0,100.0,100.0,100.0,0.0,100.0,100.0,83.3,100.0,100.0,100.0,100.0,100.0,93.8,100.0,100.0,100.0,100.0,100.0,97.1,96.0,100.0,100.0,100.0,100.0,100.0,100.0,100.0,100.0,100.0,95.5,100.0,100.0,100.0,98.4,100.0,97.9,98.0,100.0,95.8,100.0,100.0,100.0,100.0
Biobio,08,Penco,08107,49865,89.8,89.6,90.3,81.2,91.2,100.0,85.7,95.0,91.7,96.0,100.0,88.5,100.0,94.4,100.0,100.0,100.0,100.0,97.5,98.7,97.0,91.4,85.1,97.6,97.9,100.0,92.2,97.7,97.2,97.8,98.2,97.7,95.3,98.0,100.0,100.0,92.5,93.3,92.3,95.5,99.1,95.0,100.0,92.7,95.2,97.7
Biobio,08,Quilaco,08308,4179,50.0,,100.0,100.0,100.0,100.0,,90.0,100.0,100.0,,,,,,100.0,100.0,100.0,50.0,100.0,100.0,100.0,100.0,100.0,100.0,,100.0,100.0,100.0,100.0,100.0,100.0,100.0,100.0,91.7,88.9,100.0,100.0,100.0,100.0,91.7,100.0,100.0,100.0,100.0,100.0
Biobio,08,Quilleco,08309,10032,100.0,100.0,100.0,100.0,100.0,100.0,100.0,100.0,100.0,100.0,,100.0,50.0,100.0,100.0,100.0,100.0,100.0,94.1,100.0,100.0,100.0,100.0,100.0,100.0,96.6,78.3,100.0,100.0,100.0,96.7,97.7,100.0,100.0,97.9,88.9,100.0,100.0,100.0,100.0,100.0,100.0,100.0,100.0,100.0,100.0
Biobio,08,San Pedro de la Paz,08108,145906,87.6,92.5,93.8,96.0,95.2,98.9,95.1,94.3,95.7,97.3,99.1,99.0,98.2,97.7,97.9,96.9,97.4,97.9,99.5,98.0,98.4,97.5,98.5,95.8,98.5,98.1,96.6,97.0,97.9,97.5,98.1,96.2,95.5,98.5,97.1,98.8,99.1,98.4,97.7,99.6,98.9,99.6,97.5,99.4,98.4,96.1
Biobio,08,San Rosendo,08310,3611,,100.0,,,100.0,100.0,,100.0,100.0,100.0,100.0,,,,100.0,100.0,100.0,100.0,100.0,100.0,100.0,100.0,100.0,100.0,75.0,100.0,100.0,100.0,100.0,100.0,100.0,100.0,100.0,100.0,100.0,88.9,100.0,100.0,75.0,100.0,100.0,100.0,100.0,100.0,100.0,100.0
Biobio,08,Santa Barbara,08311,14592,100.0,100.0,80.0,100.0,100.0,100.0,100.0,100.0,100.0,100.0,100.0,80.0,100.0,,100.0,100.0,100.0,100.0,100.0,100.0,100.0,100.0,100.0,100.0,100.0,100.0,100.0,100.0,100.0,96.8,100.0,97.7,100.0,100.0,98.3,100.0,96.7,100.0,98.7,98.5,97.3,100.0,98.0,100.0,88.9,75.0
Biobio,08,Santa Juana,08109,14779,100.0,85.0,90.0,75.0,100.0,100.0,87.5,100.0,100.0,100.0,100.0,100.0,100.0,92.9,100.0,100.0,85.7,100.0,100.0,100.0,91.7,89.5,100.0,91.7,92.9,85.7,91.7,100.0,92.9,76.2,88.0,95.8,87.0,91.1,100.0,96.8,97.8,92.6,89.3,90.6,94.3,90.7,97.6,98.1,91.8,98.2
Biobio,08,Talcahuano,08110,158345,89.8,87.4,85.0,88.3,81.9,83.8,96.6,87.7,95.2,91.9,92.0,90.5,94.4,97.2,96.7,98.4,95.9,95.3,95.1,94.2,89.9,96.3,95.1,95.3,93.3,97.5,93.3,94.1,96.1,96.2,96.6,96.9,97.0,96.4,96.1,97.7,98.8,93.6,98.2,96.0,95.6,95.3,93.4,95.3,98.3,94.2
Biobio,08,Tirua,08207,11019,100.0,,,100.0,100.0,,100.0,100.0,100.0,100.0,100.0,75.0,100.0,100.0,100.0,100.0,100.0,97.8,100.0,97.8,92.6,100.0,96.2,100.0,90.0,100.0,100.0,96.2,100.0,100.0,100.0,100.0,100.0,100.0,100.0,84.6,100.0,83.3,100.0,100.0,68.2,88.2,90.0,95.2,93.9,90.0
Biobio,08,Tome,08111,58729,91.5,90.3,91.8,98.3,98.6,98.6,100.0,98.2,93.5,94.4,92.7,91.1,96.4,100.0,98.4,97.5,96.8,98.4,98.4,98.4,96.1,97.5,99.5,96.1,95.3,96.8,92.0,98.0,98.8,98.3,97.6,100.0,100.0,99.2,99.2,98.2,98.3,98.8,99.0,92.9,100.0,98.3,90.7,80.0,100.0,97.1
Biobio,08,Tucapel,08312,15205,100.0,100.0,100.0,100.0,100.0,100.0,100.0,100.0,100.0,100.0,100.0,90.0,100.0,,100.0,100.0,100.0,100.0,100.0,100.0,100.0,100.0,100.0,100.0,100.0,100.0,95.0,100.0,100.0,98.4,97.7,100.0,100.0,100.0,100.0,100.0,90.9,94.4,100.0,100.0,94.1,100.0,100.0,100.0,100.0,100.0
Biobio,08,Yumbel,08313,22132,100.0,100.0,100.0,100.0,100.0,90.0,90.9,100.0,100.0,100.0,95.6,100.0,100.0,88.9,100.0,100.0,97.9,100.0,96.3,100.0,100.0,100.0,100.0,100.0,85.7,100.0,98.1,100.0,100.0,100.0,100.0,100.0,100.0,100.0,98.2,94.4,100.0,100.0,100.0,90.9,100.0,98.4,98.0,98.5,100.0,100.0
La Araucania,09,Angol,09201,56058,100.0,100.0,100.0,98.0,100.0,94.2,90.0,93.4,92.3,95.5,96.4,98.8,92.9,100.0,98.0,100.0,98.8,100.0,100.0,100.0,100.0,96.3,100.0,98.5,100.0,98.5,100.0,94.9,98.5,100.0,99.1,98.2,94.6,97.7,85.1,90.4,93.2,100.0,98.4,100.0,100.0,100.0,100.0,94.0,100.0,100.0
La Araucania,09,Carahue,09102,25486,93.8,100.0,96.7,100.0,100.0,96.9,94.8,96.0,94.1,100.0,91.2,91.7,100.0,100.0,100.0,97.1,100.0,100.0,100.0,100.0,100.0,97.4,97.1,96.8,90.7,98.2,100.0,98.5,100.0,97.9,100.0,94.2,100.0,97.1,81.0,94.5,98.8,100.0,100.0,100.0,97.2,98.1,100.0,100.0,94.4,100.0
La Araucania,09,Cholchol,09121,12341,,100.0,,100.0,100.0,100.0,100.0,100.0,100.0,100.0,100.0,100.0,97.3,100.0,100.0,100.0,100.0,89.5,96.0,100.0,95.8,100.0,96.9,100.0,90.6,100.0,100.0,100.0,100.0,100.0,100.0,100.0,95.2,100.0,95.8,100.0,100.0,94.4,100.0,100.0,100.0,100.0,100.0,100.0,100.0,100.0
La Araucania,09,Collipulli,09202,26148,100.0,90.0,100.0,94.9,100.0,100.0,100.0,94.7,100.0,100.0,100.0,100.0,90.9,100.0,100.0,100.0,100.0,97.9,96.0,100.0,100.0,100.0,100.0,100.0,100.0,100.0,100.0,98.4,97.2,100.0,98.4,96.8,98.3,100.0,95.0,93.2,96.8,100.0,98.6,97.9,100.0,98.6,98.8,100.0,98.5,100.0
La Araucania,09,Cunco,09103,18055,100.0,50.0,100.0,100.0,100.0,93.8,87.5,100.0,95.7,100.0,91.7,96.3,100.0,100.0,100.0,92.9,87.5,100.0,85.7,100.0,87.0,100.0,96.2,95.7,96.3,100.0,100.0,95.6,98.3,92.5,97.6,97.7,96.6,93.6,92.5,81.8,90.9,92.3,100.0,94.7,100.0,100.0,97.3,100.0,100.0,100.0
La Araucania,09,Curacautin,09203,18178,75.0,,,,100.0,100.0,50.0,,100.0,100.0,100.0,100.0,90.9,100.0,100.0,100.0,100.0,100.0,100.0,100.0,100.0,100.0,100.0,100.0,100.0,100.0,100.0,100.0,95.8,100.0,98.1,100.0,92.9,98.4,90.2,68.8,95.7,100.0,100.0,97.0,100.0,100.0,100.0,100.0,100.0,94.4
La Araucania,09,Curarrehue,09104,7802,,100.0,100.0,100.0,,,0.0,100.0,,,,,100.0,90.0,95.1,94.1,90.5,100.0,100.0,0.0,87.5,100.0,100.0,76.5,100.0,100.0,100.0,87.5,100.0,92.0,89.3,100.0,86.4,90.3,100.0,88.2,95.7,89.7,100.0,100.0,97.7,95.9,93.0,100.0,96.2,100.0
La Araucania,09,Ercilla,09204,8458,100.0,100.0,100.0,100.0,100.0,100.0,100.0,92.9,80.0,100.0,,0.0,75.0,,100.0,100.0,90.9,100.0,80.0,,100.0,83.3,100.0,71.4,100.0,100.0,100.0,100.0,88.9,94.9,98.1,100.0,100.0,93.9,90.6,90.3,95.5,100.0,100.0,100.0,100.0,100.0,100.0,100.0,100.0,100.0
La Araucania,09,Freire,09105,25446,,100.0,50.0,100.0,100.0,100.0,77.8,96.3,100.0,100.0,100.0,100.0,100.0,100.0,96.8,95.8,100.0,100.0,100.0,97.8,100.0,95.5,96.4,91.1,100.0,98.0,100.0,97.6,98.8,100.0,100.0,98.2,98.9,97.9,97.7,96.2,98.2,97.0,98.6,97.5,98.6,100.0,98.9,97.4,98.4,85.7
La Araucania,09,Galvarino,09106,12633,,,,100.0,100.0,100.0,100.0,100.0,100.0,100.0,96.8,80.0,91.7,90.0,93.3,100.0,100.0,96.0,93.1,100.0,93.9,100.0,97.6,97.5,100.0,100.0,100.0,84.6,100.0,97.9,94.4,95.9,97.6,93.4,86.0,97.9,100.0,100.0,100.0,98.6,99.3,97.8,95.9,95.8,95.2,100.0
La Araucania,09,Gorbea,09107,15148,100.0,100.0,,100.0,100.0,100.0,100.0,100.0,100.0,100.0,100.0,100.0,100.0,20.0,100.0,100.0,100.0,100.0,100.0,100.0,89.4,98.1,100.0,100.0,100.0,100.0,100.0,100.0,100.0,100.0,100.0,100.0,100.0,100.0,98.3,100.0,100.0,100.0,100.0,100.0,100.0,97.4,100.0,100.0,97.3,100.0
La Araucania,09,Lautaro,09108,40746,87.0,100.0,44.4,100.0,100.0,95.7,85.7,93.8,94.1,100.0,100.0,96.3,96.9,93.6,97.7,98.7,100.0,96.1,96.3,86.3,98.0,98.7,98.1,100.0,97.7,100.0,98.3,95.6,98.5,99.0,93.0,99.2,98.2,91.5,92.5,86.5,95.3,98.8,95.6,99.1,97.0,96.9,98.9,98.8,95.4,100.0
La Araucania,09,Loncoche,09109,24739,,,75.0,80.0,95.0,79.1,87.9,95.0,100.0,100.0,100.0,100.0,100.0,100.0,100.0,100.0,82.4,89.5,94.4,100.0,100.0,90.6,86.2,97.9,96.9,98.3,98.4,100.0,95.5,100.0,88.2,100.0,87.5,97.6,93.0,76.7,96.2,100.0,100.0,97.6,98.1,87.5,100.0,82.9,94.3,92.0
La Araucania,09,Lonquimay,09205,11049,,100.0,100.0,100.0,100.0,100.0,100.0,100.0,100.0,,,0.0,87.5,100.0,,100.0,100.0,100.0,100.0,100.0,93.3,100.0,100.0,75.0,100.0,100.0,100.0,100.0,100.0,100.0,100.0,95.7,100.0,100.0,,81.8,90.0,100.0,100.0,100.0,100.0,100.0,100.0,100.0,100.0,100.0
La Araucania,09,Los Sauces,09206,7517,100.0,100.0,,100.0,,75.0,100.0,100.0,,100.0,100.0,100.0,100.0,100.0,100.0,98.6,100.0,100.0,100.0,100.0,100.0,100.0,100.0,100.0,100.0,100.0,100.0,94.1,93.2,100.0,100.0,100.0,100.0,100.0,66.7,100.0,46.2,100.0,97.7,100.0,100.0,100.0,100.0,100.0,100.0,100.0
La Araucania,09,Lumaco,09207,10050,,,100.0,100.0,100.0,77.8,100.0,100.0,100.0,100.0,100.0,100.0,100.0,92.0,100.0,100.0,100.0,100.0,100.0,100.0,100.0,100.0,100.0,100.0,100.0,96.2,100.0,100.0,100.0,100.0,100.0,100.0,100.0,100.0,84.8,65.1,100.0,100.0,100.0,100.0,100.0,100.0,100.0,100.0,100.0,100.0
La Araucania,09,Melipeuco,09110,6265,66.7,80.0,100.0,100.0,100.0,,100.0,100.0,,100.0,100.0,100.0,100.0,100.0,,,100.0,100.0,100.0,,100.0,100.0,100.0,100.0,100.0,100.0,100.0,100.0,100.0,100.0,100.0,87.2,94.1,95.8,100.0,100.0,84.6,100.0,100.0,100.0,100.0,100.0,95.0,100.0,100.0,100.0
La Araucania,09,Nueva Imperial,09111,33777,71.4,84.6,83.3,96.2,100.0,86.7,100.0,96.7,100.0,89.7,100.0,93.3,95.7,100.0,100.0,100.0,100.0,97.0,96.2,100.0,98.2,98.9,97.4,100.0,98.7,94.9,97.8,100.0,97.5,97.1,96.8,96.9,98.8,98.0,93.5,90.0,100.0,98.0,98.7,97.9,98.0,98.7,100.0,98.1,94.1,100.0
La Araucania,09,Padre Las Casas,09112,82110,100.0,83.3,93.8,92.1,100.0,96.9,84.6,95.3,78.7,100.0,96.0,99.1,96.5,94.3,92.1,97.2,100.0,96.8,99.1,91.8,95.7,90.1,96.7,96.8,97.7,99.0,100.0,98.3,97.2,97.7,97.2,96.4,90.9,95.5,97.3,97.5,98.9,98.4,99.5,100.0,97.8,98.8,98.4,100.0,100.0,93.9
La Araucania,09,Perquenco,09113,7223,100.0,100.0,66.7,100.0,100.0,100.0,100.0,100.0,100.0,100.0,94.7,100.0,100.0,100.0,100.0,100.0,100.0,100.0,100.0,93.1,100.0,100.0,94.4,92.9,100.0,100.0,100.0,100.0,100.0,100.0,100.0,100.0,100.0,96.0,100.0,91.8,90.4,87.1,100.0,100.0,100.0,100.0,92.3,100.0,100.0,88.9
La Araucania,09,Pitrufquen,09114,26096,100.0,82.4,0.0,,100.0,85.7,81.0,100.0,61.5,96.4,93.9,100.0,83.3,100.0,90.0,90.0,100.0,90.3,95.2,95.8,86.7,100.0,87.1,95.7,100.0,100.0,96.8,97.8,96.7,96.9,99.2,100.0,99.1,99.2,94.2,96.7,95.3,94.0,100.0,100.0,97.6,98.8,98.6,100.0,100.0,97.8
La Araucania,09,Pucon,09115,29782,100.0,100.0,100.0,,100.0,,100.0,100.0,94.3,100.0,100.0,100.0,100.0,88.2,95.7,100.0,95.5,94.1,94.1,86.8,89.1,85.1,86.7,88.3,96.8,100.0,98.1,100.0,97.5,76.5,89.2,100.0,96.2,94.4,97.0,85.0,95.1,96.6,93.3,98.5,97.8,96.4,94.0,97.2,96.6,94.6
La Araucania,09,Puren,09208,12188,,,100.0,100.0,100.0,100.0,100.0,,100.0,100.0,100.0,100.0,100.0,100.0,100.0,100.0,100.0,100.0,100.0,100.0,83.3,100.0,100.0,100.0,100.0,100.0,97.0,100.0,100.0,100.0,100.0,100.0,100.0,100.0,86.7,47.5,93.5,100.0,100.0,95.7,100.0,100.0,100.0,100.0,100.0,100.0
La Araucania,09,Renaico,09209,10833,,100.0,100.0,100.0,,100.0,92.3,95.0,100.0,73.3,,100.0,100.0,100.0,100.0,100.0,100.0,90.9,100.0,97.1,89.7,100.0,90.9,90.0,100.0,100.0,100.0,100.0,98.3,98.1,100.0,97.6,100.0,97.2,88.1,80.4,88.5,98.9,100.0,95.5,100.0,98.0,100.0,100.0,100.0,100.0
La Araucania,09,Saavedra,09116,12793,,100.0,100.0,100.0,100.0,100.0,100.0,96.7,100.0,100.0,88.9,100.0,100.0,90.0,92.3,100.0,100.0,100.0,100.0,98.2,100.0,94.4,96.7,95.8,100.0,97.6,100.0,98.2,98.0,89.1,97.7,100.0,100.0,100.0,90.0,95.5,100.0,95.2,100.0,100.0,98.5,100.0,95.6,94.9,96.7,100.0
La Araucania,09,Temuco,09101,302931,70.5,89.1,87.9,85.5,98.0,96.6,96.6,97.7,96.6,98.1,97.0,97.6,97.2,98.6,98.1,97.1,99.3,95.2,92.2,97.1,96.3,94.5,94.4,94.9,95.7,98.6,98.7,98.9,98.6,96.0,98.2,97.8,92.9,94.6,95.1,95.0,96.8,96.9,99.1,99.6,98.0,97.2,99.0,96.7,98.8,92.9
La Araucania,09,Teodoro Schmidt,09117,15786,,100.0,,82.4,81.1,100.0,88.0,100.0,100.0,100.0,100.0,100.0,92.9,100.0,100.0,100.0,,100.0,66.7,100.0,83.3,87.5,81.0,100.0,100.0,100.0,100.0,98.0,100.0,87.5,100.0,100.0,97.4,96.9,91.2,92.3,100.0,100.0,97.3,100.0,93.6,100.0,92.4,90.5,90.2,97.6
La Araucania,09,Tolten,09118,10055,,,,80.0,100.0,66.7,100.0,100.0,100.0,100.0,,100.0,100.0,100.0,100.0,100.0,100.0,100.0,100.0,93.1,100.0,100.0,88.9,100.0,94.4,95.0,100.0,100.0,97.7,100.0,96.3,100.0,100.0,100.0,91.7,100.0,100.0,96.2,100.0,100.0,96.8,100.0,100.0,100.0,100.0,96.2
La Araucania,09,Traiguen,09210,19314,,100.0,100.0,100.0,100.0,100.0,100.0,100.0,100.0,100.0,100.0,87.9,100.0,100.0,100.0,100.0,94.1,100.0,95.5,95.5,100.0,100.0,100.0,100.0,98.2,97.7,100.0,100.0,100.0,100.0,98.2,98.3,98.2,97.5,91.8,73.1,98.7,100.0,98.5,100.0,100.0,100.0,100.0,100.0,100.0,100.0
La Araucania,09,Victoria,09211,35467,87.5,100.0,100.0,100.0,100.0,100.0,100.0,100.0,94.7,94.9,75.0,90.0,80.0,76.9,100.0,94.4,100.0,97.6,94.1,98.0,96.6,99.3,98.5,96.8,98.9,98.0,99.1,99.0,98.6,100.0,95.1,98.2,96.8,94.7,88.8,71.5,88.5,98.7,99.0,100.0,100.0,96.4,100.0,96.9,100.0,100.0
La Araucania,09,Vilcun,09119,30766,100.0,100.0,100.0,100.0,100.0,100.0,100.0,95.7,90.5,97.9,100.0,100.0,100.0,96.6,100.0,94.7,97.3,100.0,92.1,100.0,100.0,100.0,95.9,100.0,100.0,97.8,97.4,100.0,100.0,96.5,99.2,96.3,98.5,98.6,97.7,96.9,97.6,100.0,100.0,98.0,100.0,100.0,98.1,100.0,100.0,100.0
La Araucania,09,Villarrica,09120,59103,,,100.0,100.0,100.0,89.7,97.6,98.0,97.7,98.9,98.9,96.2,94.7,91.7,86.8,98.4,95.7,85.4,98.7,97.9,97.1,77.1,83.0,96.0,99.0,93.8,97.8,100.0,95.4,88.3,96.6,97.1,93.2,97.5,97.4,100.0,98.6,99.1,99.1,95.6,97.5,98.9,98.6,96.1,98.6,95.8
Los Rios,14,Corral,14102,5447,,100.0,,,100.0,100.0,100.0,100.0,100.0,100.0,100.0,,100.0,100.0,100.0,100.0,,,100.0,100.0,100.0,100.0,100.0,100.0,100.0,100.0,100.0,91.7,100.0,100.0,100.0,100.0,100.0,100.0,100.0,100.0,100.0,96.7,83.3,100.0,100.0,100.0,100.0,100.0,92.3,100.0
Los Rios,14,Futrono,14202,15261,,99.0,,100.0,100.0,100.0,100.0,100.0,100.0,100.0,100.0,100.0,100.0,95.7,100.0,100.0,100.0,100.0,100.0,100.0,96.3,100.0,98.0,100.0,100.0,98.6,98.5,96.9,98.6,98.0,98.6,98.5,100.0,100.0,96.9,96.0,100.0,100.0,97.2,100.0,99.1,97.1,100.0,100.0,100.0,100.0
Los Rios,14,La Union,14201,39538,,93.5,100.0,100.0,100.0,100.0,100.0,97.0,100.0,100.0,100.0,100.0,100.0,100.0,100.0,100.0,100.0,100.0,98.2,100.0,99.5,99.4,98.9,99.1,99.4,98.4,98.4,99.4,100.0,98.8,98.3,100.0,100.0,99.3,99.1,100.0,100.0,100.0,100.0,98.8,100.0,98.0,98.2,97.5,100.0,96.7
Los Rios,14,Lago Ranco,14203,10292,,95.2,,100.0,100.0,100.0,100.0,100.0,100.0,100.0,100.0,100.0,100.0,100.0,100.0,100.0,100.0,100.0,100.0,100.0,100.0,100.0,100.0,90.7,100.0,100.0,77.8,100.0,100.0,100.0,100.0,100.0,97.1,100.0,100.0,93.1,100.0,100.0,98.3,100.0,100.0,100.0,99.0,100.0,98.9,98.2
Los Rios,14,Lanco,14103,17652,90.9,96.2,100.0,96.2,100.0,100.0,100.0,93.3,100.0,100.0,100.0,100.0,100.0,95.0,100.0,100.0,97.9,100.0,100.0,100.0,100.0,100.0,100.0,100.0,100.0,100.0,77.4,100.0,100.0,98.8,99.0,96.5,93.8,95.9,91.7,98.7,96.0,100.0,100.0,100.0,99.0,95.5,96.6,98.6,100.0,100.0
Los Rios,14,Los Lagos,14104,20518,100.0,99.3,100.0,100.0,100.0,100.0,100.0,100.0,95.0,100.0,97.1,100.0,100.0,100.0,100.0,100.0,100.0,95.6,100.0,100.0,98.8,100.0,100.0,100.0,98.6,100.0,97.1,100.0,98.3,100.0,95.4,98.9,100.0,100.0,100.0,100.0,99.1,98.6,99.4,97.2,99.0,100.0,99.4,100.0,99.1,98.2
Los Rios,14,Mafil,14105,7389,,98.4,,100.0,100.0,100.0,100.0,100.0,100.0,,100.0,87.5,100.0,100.0,,100.0,100.0,100.0,100.0,100.0,100.0,100.0,100.0,93.8,96.3,100.0,93.1,100.0,100.0,100.0,100.0,100.0,100.0,100.0,100.0,100.0,100.0,100.0,100.0,100.0,100.0,96.2,90.0,100.0,100.0,100.0
Los Rios,14,Mariquina,14106,23250,100.0,96.3,100.0,100.0,,100.0,92.3,100.0,100.0,100.0,100.0,100.0,100.0,100.0,100.0,100.0,100.0,92.9,95.2,100.0,100.0,100.0,100.0,98.6,100.0,100.0,62.2,98.1,97.2,100.0,99.2,100.0,85.1,84.6,99.5,98.9,100.0,99.3,99.3,95.5,98.9,100.0,97.8,100.0,100.0,100.0
Los Rios,14,Paillaco,14107,20798,100.0,98.1,100.0,100.0,100.0,100.0,96.3,100.0,96.0,100.0,100.0,100.0,90.9,100.0,95.8,93.6,100.0,94.4,100.0,100.0,98.0,98.1,100.0,98.6,100.0,100.0,92.7,100.0,100.0,99.0,100.0,99.2,100.0,100.0,100.0,100.0,100.0,100.0,97.7,98.2,98.6,100.0,98.9,96.5,100.0,100.0
Los Rios,14,Panguipulli,14108,35991,,99.1,100.0,90.5,100.0,100.0,100.0,100.0,100.0,100.0,100.0,87.0,100.0,100.0,100.0,88.9,100.0,100.0,100.0,93.5,97.6,100.0,100.0,98.0,97.9,93.1,95.8,98.3,99.5,98.3,98.9,100.0,99.2,95.7,99.4,99.4,100.0,99.0,100.0,86.7,97.4,99.5,98.7,100.0,100.0,100.0
Los Rios,14,Rio Bueno,14204,32925,100.0,97.8,100.0,100.0,100.0,97.1,97.3,100.0,100.0,100.0,85.7,94.4,100.0,100.0,100.0,98.6,100.0,100.0,100.0,100.0,100.0,100.0,97.9,96.7,94.2,95.5,97.4,97.3,98.9,98.9,98.7,97.4,97.5,96.8,100.0,97.7,100.0,96.2,100.0,91.8,100.0,98.7,100.0,100.0,98.1,100.0
Los Rios,14,Valdivia,14101,176774,95.8,98.5,88.2,98.6,95.1,98.6,98.3,99.3,98.6,98.9,99.2,95.5,98.3,98.1,98.7,98.5,98.6,97.9,98.5,97.9,98.1,99.2,98.0,98.7,98.7,96.3,95.0,99.5,99.5,98.6,99.7,97.8,98.0,97.7,97.3,98.8,98.5,98.4,97.7,99.4,97.3,98.4,98.6,97.6,98.6,98.2
Los Lagos,10,Ancud,10202,42458,100.0,,100.0,100.0,100.0,100.0,100.0,88.9,100.0,77.3,97.5,92.9,97.4,93.8,78.0,46.8,90.9,65.9,98.3,97.2,97.7,92.1,94.6,93.1,95.9,93.9,90.4,94.5,94.2,90.5,90.1,92.3,92.9,100.0,89.5,95.9,94.0,95.2,92.5,86.3,80.6,82.6,90.1,89.0,95.8,82.8
Los Lagos,10,Calbuco,10102,36744,100.0,100.0,100.0,80.0,88.2,100.0,100.0,97.3,97.5,98.8,91.5,96.6,95.3,95.8,97.0,89.5,92.9,95.0,100.0,96.3,88.2,94.9,88.5,97.3,94.2,84.8,83.9,92.4,88.0,91.0,87.3,59.7,93.2,96.0,94.7,90.9,82.1,96.6,84.4,89.4,77.7,98.1,97.0,92.4,100.0,81.2
Los Lagos,10,Castro,10201,47607,,100.0,,100.0,100.0,100.0,100.0,100.0,91.2,79.6,97.1,89.7,94.7,98.8,75.6,93.8,81.0,92.3,97.9,100.0,97.3,85.3,89.9,91.3,85.2,90.4,88.5,97.9,92.9,85.6,84.3,88.2,89.5,97.7,78.0,89.6,90.5,79.0,76.1,85.6,87.1,84.4,90.4,88.3,90.0,88.5
Los Lagos,10,Chaiten,10401,5020,,,,,,,,,,,,,,,,,100.0,,,100.0,100.0,100.0,100.0,100.0,100.0,90.5,100.0,100.0,100.0,100.0,100.0,100.0,100.0,100.0,100.0,100.0,100.0,,,,,100.0,100.0,100.0,100.0,50.0
Los Lagos,10,Chonchi,10203,16013,,,,,100.0,100.0,100.0,100.0,98.7,94.5,100.0,97.9,97.5,100.0,94.7,100.0,100.0,100.0,100.0,100.0,100.0,91.4,90.7,95.2,85.7,89.7,95.8,100.0,84.6,93.3,81.8,88.6,92.1,87.5,93.8,87.5,93.8,72.7,86.0,80.4,87.3,81.6,73.3,83.3,100.0,95.8
Los Lagos,10,Cochamo,10103,4006,,,100.0,100.0,100.0,,,,,100.0,,100.0,100.0,,100.0,100.0,100.0,100.0,100.0,100.0,100.0,100.0,100.0,100.0,100.0,58.3,100.0,80.0,100.0,100.0,100.0,95.0,100.0,100.0,85.7,100.0,100.0,100.0,100.0,100.0,100.0,100.0,70.0,100.0,50.0,
Los Lagos,10,Curaco de Velez,10204,4066,,,,,,,,,,100.0,100.0,50.0,100.0,100.0,100.0,33.3,90.9,44.4,100.0,100.0,100.0,88.2,100.0,100.0,100.0,100.0,90.0,100.0,100.0,100.0,66.7,100.0,81.2,100.0,100.0,100.0,100.0,83.3,100.0,100.0,88.2,100.0,100.0,100.0,33.3,100.0
Los Lagos,10,Dalcahue,10205,15069,100.0,,,100.0,100.0,,100.0,100.0,100.0,83.9,95.6,92.0,95.2,100.0,100.0,70.0,94.1,35.0,100.0,100.0,97.3,96.4,100.0,100.0,100.0,100.0,100.0,84.0,91.7,87.0,100.0,86.7,93.9,89.7,94.7,80.0,82.4,78.8,79.1,90.8,94.8,77.6,100.0,85.0,96.3,90.9
Los Lagos,10,Fresia,10104,12656,90.9,100.0,100.0,100.0,100.0,100.0,100.0,100.0,100.0,100.0,100.0,80.0,100.0,100.0,100.0,81.8,100.0,100.0,100.0,100.0,95.9,97.0,96.8,94.0,100.0,95.5,96.2,95.7,100.0,100.0,84.6,100.0,72.7,85.7,95.8,100.0,100.0,100.0,95.0,96.4,95.8,94.4,92.9,90.0,100.0,100.0
Los Lagos,10,Frutillar,10105,20223,94.4,87.5,95.8,62.5,100.0,96.2,100.0,100.0,100.0,100.0,100.0,100.0,100.0,100.0,100.0,100.0,87.5,100.0,100.0,98.1,100.0,97.8,99.0,100.0,100.0,97.3,97.5,100.0,100.0,98.0,100.0,100.0,100.0,98.5,98.6,98.9,100.0,98.6,98.3,94.4,97.5,100.0,100.0,94.6,100.0,100.0
Los Lagos,10,Futaleufu,10402,2806,,,,,,,,,,100.0,,,,,100.0,100.0,,,,,100.0,100.0,100.0,100.0,100.0,,100.0,100.0,100.0,94.7,85.7,100.0,100.0,100.0,,100.0,,,,,,,100.0,100.0,100.0,
Los Lagos,10,Hualaihue,10403,9525,100.0,100.0,100.0,100.0,100.0,100.0,90.0,100.0,96.3,90.9,100.0,100.0,95.7,88.9,100.0,100.0,100.0,100.0,100.0,100.0,97.9,98.5,100.0,96.1,88.0,89.1,96.9,100.0,100.0,91.7,89.7,96.6,93.8,100.0,100.0,100.0,90.0,100.0,88.9,100.0,100.0,92.3,100.0,100.0,,100.0
Los Lagos,10,Llanquihue,10107,18621,93.3,91.7,100.0,100.0,100.0,100.0,92.3,100.0,100.0,97.0,100.0,100.0,100.0,100.0,100.0,100.0,89.5,96.9,100.0,96.6,100.0,100.0,99.3,90.4,97.8,98.4,95.3,97.9,96.4,98.0,96.5,100.0,95.5,95.7,100.0,100.0,92.1,66.7,96.3,98.1,98.7,98.9,100.0,96.8,97.4,100.0
Los Lagos,10,Los Muermos,10106,17817,100.0,100.0,92.9,100.0,94.7,95.7,97.4,91.3,93.8,97.8,100.0,100.0,96.0,97.1,100.0,100.0,90.9,100.0,94.4,91.9,98.4,94.4,98.8,99.1,98.0,98.1,97.0,98.6,98.4,98.3,100.0,93.5,100.0,98.1,97.8,100.0,100.0,90.9,100.0,100.0,93.8,94.1,100.0,94.4,100.0,90.0
Los Lagos,10,Maullin,10108,14894,97.1,87.9,83.3,97.6,97.8,100.0,94.1,91.7,100.0,90.0,97.4,97.7,100.0,100.0,85.4,95.2,92.6,97.1,95.0,90.9,100.0,100.0,97.6,90.4,98.6,95.4,90.7,94.0,100.0,100.0,100.0,94.1,78.9,96.6,100.0,92.9,100.0,100.0,92.3,100.0,100.0,100.0,100.0,95.5,90.9,88.9
Los Lagos,10,Osorno,10301,173410,81.7,99.2,98.1,98.8,99.2,94.0,94.9,93.8,96.2,94.8,94.7,97.6,96.7,92.4,94.7,93.0,89.1,93.8,93.2,96.6,96.1,96.4,94.3,95.9,93.0,88.5,83.0,84.2,85.1,83.8,87.2,92.9,88.5,89.8,94.3,95.3,96.4,94.7,96.9,92.8,87.4,94.5,96.7,93.9,92.6,87.3
Los Lagos,10,Palena,10404,1827,,,,,,,,,,,,,,,,,,,,,,100.0,100.0,92.0,90.0,100.0,100.0,100.0,100.0,66.7,100.0,100.0,100.0,,,,,,,100.0,100.0,100.0,,,100.0,
Los Lagos,10,Puerto Montt,10101,269398,85.2,89.2,96.8,92.8,97.5,96.3,94.6,97.4,94.9,96.8,88.6,89.4,89.5,87.4,89.7,87.2,88.1,91.3,95.1,91.8,95.6,94.8,94.6,93.7,95.9,88.9,89.5,91.3,93.8,89.8,90.5,94.3,88.5,87.6,89.7,93.5,92.9,94.6,96.5,95.8,94.4,95.2,95.2,94.2,93.8,96.0
Los Lagos,10,Puerto Octay,10302,9192,85.0,100.0,100.0,100.0,100.0,100.0,85.7,100.0,100.0,100.0,100.0,100.0,100.0,100.0,100.0,100.0,100.0,100.0,100.0,100.0,97.8,100.0,100.0,100.0,100.0,90.0,100.0,84.6,70.6,77.3,95.8,100.0,92.3,100.0,84.6,100.0,71.4,100.0,100.0,88.5,92.0,100.0,100.0,68.8,100.0,100.0
Los Lagos,10,Puerto Varas,10109,48620,85.7,93.8,91.7,90.9,77.8,84.8,78.2,100.0,100.0,100.0,95.3,91.5,95.9,96.2,95.7,88.9,88.1,93.2,95.8,95.7,97.6,97.9,92.5,97.6,99.3,99.2,94.5,99.2,96.4,97.7,98.8,96.1,97.7,81.6,85.4,81.0,100.0,100.0,100.0,90.0,94.3,98.4,97.8,98.1,94.7,100.0
Los Lagos,10,Puqueldon,10206,4201,,,,100.0,,,,100.0,100.0,,100.0,100.0,100.0,100.0,83.3,75.0,100.0,75.0,100.0,100.0,100.0,100.0,100.0,100.0,100.0,100.0,50.0,100.0,100.0,100.0,100.0,100.0,100.0,100.0,100.0,70.0,100.0,100.0,100.0,96.8,100.0,93.9,100.0,77.8,100.0,76.9
Los Lagos,10,Purranque,10303,21080,80.8,100.0,100.0,94.7,91.7,100.0,100.0,87.2,93.1,98.3,91.7,93.8,100.0,95.7,100.0,91.7,100.0,100.0,87.9,96.3,81.4,98.2,94.1,94.2,97.7,98.1,95.0,100.0,100.0,98.6,100.0,100.0,93.8,100.0,100.0,100.0,97.5,100.0,100.0,100.0,99.0,98.4,100.0,97.2,100.0,100.0
Los Lagos,10,Puyehue,10304,11787,38.5,100.0,100.0,,100.0,92.3,100.0,71.4,100.0,90.9,100.0,100.0,100.0,100.0,100.0,100.0,100.0,80.0,100.0,100.0,81.2,96.0,90.9,94.7,100.0,76.2,75.0,89.5,95.8,81.1,97.8,91.5,97.9,94.1,88.9,100.0,92.0,100.0,100.0,96.3,100.0,100.0,83.7,91.3,96.9,96.4
Los Lagos,10,Queilen,10207,5543,,,,100.0,,,,,100.0,100.0,100.0,100.0,100.0,92.9,75.0,81.2,0.0,100.0,100.0,100.0,100.0,75.0,85.7,100.0,100.0,92.3,94.7,85.7,92.3,100.0,92.9,75.0,100.0,100.0,75.0,100.0,100.0,100.0,100.0,100.0,100.0,78.9,100.0,93.3,100.0,100.0
Los Lagos,10,Quellon,10208,29309,,,,,,,,100.0,95.0,80.0,100.0,100.0,100.0,93.8,90.9,85.0,96.2,81.8,100.0,100.0,98.9,98.3,93.3,93.6,92.9,91.8,90.2,88.5,92.0,82.9,96.8,96.4,96.6,78.3,93.3,78.6,82.6,100.0,90.3,91.8,88.5,88.9,94.6,91.2,96.0,92.3
Los Lagos,10,Quemchi,10209,8783,,,,100.0,,,,,100.0,100.0,80.0,61.1,100.0,95.7,100.0,40.0,100.0,90.0,100.0,100.0,96.6,87.5,100.0,95.2,96.0,84.2,75.0,100.0,91.7,100.0,83.3,100.0,83.3,63.6,33.3,71.4,60.0,62.5,100.0,83.3,75.9,47.8,69.2,75.0,80.0,100.0
Los Lagos,10,Quinchao,10210,8298,,,,,,100.0,100.0,,100.0,100.0,83.3,100.0,100.0,100.0,100.0,79.2,75.0,47.4,100.0,100.0,100.0,88.4,94.1,100.0,93.1,100.0,86.4,100.0,94.1,100.0,100.0,95.0,92.9,92.9,100.0,100.0,100.0,92.0,100.0,96.7,93.5,83.3,100.0,55.6,100.0,100.0
Los Lagos,10,Rio Negro,10305,14275,77.8,100.0,100.0,100.0,100.0,100.0,100.0,98.0,100.0,100.0,100.0,100.0,92.3,83.3,100.0,100.0,100.0,93.8,100.0,96.9,100.0,100.0,100.0,100.0,96.3,100.0,97.4,100.0,97.7,91.7,100.0,97.6,100.0,100.0,100.0,96.8,100.0,97.6,98.0,97.9,100.0,98.2,100.0,96.3,100.0,100.0
Los Lagos,10,San Juan de la Costa,10306,7639,33.3,100.0,100.0,100.0,100.0,98.3,97.4,86.7,100.0,100.0,100.0,100.0,100.0,100.0,88.9,80.0,100.0,100.0,100.0,85.7,88.2,100.0,100.0,82.8,87.0,100.0,80.0,85.7,93.1,100.0,95.7,95.4,91.2,100.0,100.0,92.5,76.1,91.7,60.0,90.9,100.0,96.6,92.9,100.0,94.4,94.4
Los Lagos,10,San Pablo,10307,10553,50.0,100.0,50.0,100.0,66.7,100.0,100.0,88.9,100.0,88.9,93.8,75.0,100.0,91.7,100.0,100.0,92.3,100.0,100.0,100.0,92.6,100.0,97.4,100.0,96.8,100.0,84.2,100.0,91.7,100.0,94.0,97.6,100.0,100.0,100.0,100.0,100.0,92.3,95.2,100.0,83.3,100.0,94.1,100.0,100.0,95.0
Aysen,11,Aysen,11201,25002,100.0,,100.0,100.0,100.0,100.0,100.0,100.0,100.0,100.0,100.0,100.0,83.3,100.0,87.5,100.0,100.0,100.0,100.0,100.0,,95.8,94.7,95.0,66.7,90.9,75.0,100.0,100.0,93.8,100.0,88.2,70.0,93.3,88.0,80.0,72.2,74.4,71.6,70.8,65.3,77.5,73.9,79.5,73.8,69.4
Aysen,11,Chile Chico,11401,5121,,,,,,100.0,100.0,,100.0,100.0,100.0,100.0,100.0,,,,,66.7,100.0,95.7,92.9,100.0,100.0,100.0,100.0,100.0,80.0,100.0,100.0,100.0,100.0,100.0,100.0,100.0,100.0,,,,100.0,100.0,88.9,90.9,100.0,100.0,80.0,100.0
Aysen,11,Cisnes,11202,5828,,,,,,,,100.0,,96.4,100.0,,,100.0,90.0,100.0,100.0,100.0,100.0,83.3,100.0,92.9,100.0,100.0,50.0,100.0,100.0,100.0,100.0,,100.0,100.0,100.0,84.0,100.0,95.2,100.0,100.0,100.0,100.0,82.8,94.7,100.0,100.0,100.0,100.0
Aysen,11,Cochrane,11301,3685,,,,,,,,,,,100.0,,,,100.0,50.0,,,85.0,95.7,100.0,100.0,100.0,100.0,,100.0,100.0,92.9,100.0,100.0,100.0,,,,100.0,96.0,100.0,100.0,100.0,100.0,80.0,100.0,100.0,100.0,100.0,0.0
Aysen,11,Coyhaique,11101,61210,100.0,100.0,100.0,92.6,98.4,97.9,92.0,100.0,100.0,98.4,100.0,93.3,100.0,94.4,100.0,86.4,93.9,98.0,93.0,100.0,94.1,97.0,98.1,99.3,98.1,98.3,100.0,96.4,96.9,91.3,100.0,96.7,100.0,98.8,98.5,97.8,89.2,98.0,97.7,99.3,97.0,98.9,97.9,96.8,99.1,93.7
Aysen,11,Guaitecas,11203,1599,,,,,,,100.0,,,,,,100.0,,,,,,,,100.0,100.0,100.0,100.0,100.0,85.7,100.0,100.0,100.0,40.0,100.0,78.8,81.8,60.0,,50.0,,,,,,100.0,,100.0,0.0,100.0
Aysen,11,Lago Verde,11102,920,,,,,,,,,,,,,,,,,,,,,100.0,100.0,,,100.0,,,,100.0,,,100.0,100.0,,,,,,100.0,100.0,100.0,100.0,100.0,,,
Aysen,11,OHiggins,11302,661,,,100.0,,,,,,,,,,,,,100.0,,,100.0,100.0,,,,,,,,,,,,100.0,,,,,,,,,,,,,,
Aysen,11,Rio Ibanez,11402,2699,,,,,,100.0,100.0,100.0,,,,,,,,,,,,100.0,66.7,100.0,100.0,100.0,100.0,100.0,100.0,100.0,100.0,100.0,100.0,100.0,100.0,100.0,87.5,100.0,100.0,100.0,,100.0,80.0,100.0,100.0,100.0,100.0,100.0
Aysen,11,Tortel,11303,572,,,,,,,,,,,,,,,,,,,,,100.0,,100.0,,,,100.0,,100.0,,,,,,,,100.0,100.0,,,,100.0,100.0,100.0,,
Magallanes y la Antartica,12,Antartica,12202,137,,,,,,,,,,,,,,,,,,,100.0,,,,,,,,,,,,,,,,,,,,,,,,,,,
Magallanes y la Antartica,12,Cabo de Hornos,12201,1983,100.0,100.0,100.0,,,,,94.1,100.0,,100.0,75.0,100.0,100.0,100.0,100.0,95.1,92.3,87.5,94.1,81.8,100.0,100.0,100.0,100.0,100.0,,100.0,100.0,100.0,100.0,100.0,100.0,100.0,100.0,,100.0,100.0,100.0,,,100.0,,100.0,,0.0
Magallanes y la Antartica,12,Laguna Blanca,12102,264,,,,,,100.0,0.0,0.0,100.0,0.0,,,,,,,,,,,,,,,,,,,,,,,,,100.0,,16.7,25.0,0.0,,,,,,,
Magallanes y la Antartica,12,Natales,12401,23782,100.0,100.0,94.9,92.0,88.5,94.6,89.3,94.6,95.5,96.5,93.0,97.0,98.7,95.5,96.6,94.4,98.3,95.9,98.9,98.2,94.3,97.8,94.7,78.7,95.0,97.8,95.9,100.0,98.0,98.0,100.0,95.6,88.9,97.3,96.8,93.2,93.1,95.7,95.9,95.7,98.3,96.4,94.8,88.6,100.0,100.0
Magallanes y la Antartica,12,Porvenir,12301,7323,56.0,46.2,87.0,79.5,86.7,89.1,82.6,67.2,76.5,87.5,79.2,84.6,66.7,53.3,84.6,40.0,80.0,78.3,75.0,84.8,78.6,100.0,100.0,85.7,100.0,80.0,55.6,100.0,66.7,,100.0,50.0,100.0,60.0,40.0,90.0,92.3,92.9,97.1,89.3,100.0,94.1,100.0,100.0,77.8,75.0
Magallanes y la Antartica,12,Primavera,12302,694,0.0,100.0,100.0,100.0,,100.0,100.0,,100.0,,100.0,,,100.0,100.0,100.0,100.0,100.0,100.0,80.0,75.0,,100.0,100.0,100.0,0.0,0.0,,50.0,,,,,0.0,,100.0,,100.0,,,,100.0,,,,
Magallanes y la Antartica,12,Punta Arenas,12101,141984,92.0,97.4,92.9,88.0,91.2,95.4,96.0,86.8,90.0,95.1,95.3,95.1,94.8,94.7,96.4,98.1,97.9,98.1,93.9,97.4,94.5,96.5,96.8,97.4,95.1,97.1,91.4,94.2,96.3,97.2,94.8,98.6,96.5,97.4,97.9,99.3,92.2,98.2,96.1,97.1,96.5,92.6,93.6,91.8,94.1,100.0
Magallanes y la Antartica,12,Rio Verde,12103,211,,,,,,,100.0,100.0,,,,,,,,,,,100.0,,,,,,50.0,,100.0,,100.0,,,,,,100.0,0.0,,,0.0,,,,,,,0.0
Magallanes y la Antartica,12,San Gregorio,12104,681,,,,,,100.0,100.0,100.0,100.0,100.0,0.0,25.0,60.0,,,,100.0,100.0,,7.7,0.0,,,,,,,33.3,0.0,100.0,100.0,,,,100.0,0.0,,,,,,100.0,100.0,,,100.0
Magallanes y la Antartica,12,Timaukel,12303,282,,,,,,100.0,100.0,100.0,100.0,20.0,,,,,,,,100.0,,,,100.0,,9.1,,0.0,,,,0.0,,,,,,,100.0,,,,,,,,,
Magallanes y la Antartica,12,Torres del Paine,12402,1021,,,,,,,,,,,,100.0,,,,,100.0,,,,0.0,83.3,,100.0,,100.0,,,,,,,,,,100.0,,100.0,,50.0,,,,,,
