Fecha,Casos totales acumulados,Casos activos confirmados,Fallecidos,Casos confirmados recuperados,Casos nuevos totales,Casos nuevos con sintomas,Casos nuevos sin sintomas,Casos nuevos reportados por laboratorio,Casos probables acumulados,Casos activos probables,Casos confirmados por antigeno,Casos con sospecha de reinfeccion,Casos nuevos confirmados por antigeno
10-05-2020,28866,15438,312,,1647,1406,241,,,,,,
11-05-2020,30063,16135,323,,1197,975,222,,,,,,
12-05-2020,31721,17261,335,,1658,1479,179,,,,,,
13-05-2020,34381,19170,346,,2660,2152,508,,,,,,
14-05-2020,37040,21017,368,,2659,2301,358,,,,,,
15-05-2020,39542,22534,394,,2502,2112,390,,,,,,
16-05-2020,41428,22993,421,,1886,1573,313,,,,,,
17-05-2020,43781,24118,450,,2353,2024,329,,,,,,
18-05-2020,46059,25416,478,,2278,2018,260,,,,,,
19-05-2020,49579,27563,509,,3520,3099,421,,,,,,
20-05-2020,53617,30569,544,,4038,3647,391,,,,,,
21-05-2020,57581,33000,589,,3964,3538,426,,,,,,
22-05-2020,61857,35885,630,,4276,3863,413,,,,,,
23-05-2020,65393,38174,673,,3536,3237,299,,,,,,
24-05-2020,69102,40236,718,,3709,3343,366,,,,,,
25-05-2020,73997,43934,761,,4895,4428,467,,,,,,
26-05-2020,77961,46240,806,,3964,3618,346,,,,,,
27-05-2020,82289,47908,841,,4328,3956,372,,,,,,
28-05-2020,86943,49903,890,,4654,4128,526,,,,,,
29-05-2020,90638,51096,944,,3695,3355,340,,,,,,
30-05-2020,94858,53430,997,,4220,3736,484,,,,,,
31-05-2020,99688,55907,1054,,4830,4437,393,,,,,,
01-06-2020,105159,59100,1113,,5471,5082,389,,,,,,
02-06-2020,108686,21325,1188,86173,3527,3206,321,,,,,,
03-06-2020,113628,21605,1275,90748,4942,4537,405,,,,,,
04-06-2020,118292,21305,1356,95631,4664,4172,492,,,,,,
05-06-2020,122499,21693,1448,99358,4207,3790,417,,,,,,
06-06-2020,127745,22387,1541,103817,5246,4888,358,,,,,,
07-06-2020,134150,24363,2190,107597,6405,5760,645,,,,,,
08-06-2020,138846,24334,2264,112248,4696,4237,459,,,,,,
09-06-2020,142759,23115,2283,117361,3913,3587,326,,,,,,
10-06-2020,148496,24201,2475,121820,5737,5226,511,,,,,,
11-06-2020,154092,25000,2648,126444,5596,5089,507,,,,,,
12-06-2020,160846,26618,2870,131358,6754,6217,537,,,,,,
13-06-2020,167355,26958,3101,137296,6509,5969,540,,,,,,
14-06-2020,174293,27266,3323,143704,6938,6368,570,,,,,,
15-06-2020,179436,27282,3362,148792,5143,4660,483,,,,,,
16-06-2020,184449,24834,3383,156232,5013,4498,515,,,,,,
17-06-2020,220628,35082,3615,181931,4757,4320,437,,,,,,
18-06-2020,225103,34821,3841,186441,4475,4060,383,32,,,,,
19-06-2020,231393,35809,4093,191491,6290,5016,599,675,,,,,
20-06-2020,236748,35844,4295,196609,5355,4564,418,373,,,,,
21-06-2020,242355,37307,4479,200569,5607,4181,594,832,21897,10482,,,
22-06-2020,246963,37064,4502,205397,4608,3710,399,499,22307,10029,,,
23-06-2020,250767,35692,4505,210570,3804,3078,336,390,24881,9403,,,
24-06-2020,254416,34592,4731,215093,3649,3020,264,365,26184,9674,,,
25-06-2020,259064,34834,4903,219327,4648,3778,423,447,27193,9646,,,
26-06-2020,263360,34861,5068,223431,4296,3422,413,461,28133,9720,,,
27-06-2020,267766,34364,5347,228055,4406,3481,426,499,29019,9659,,,
28-06-2020,271982,34263,5509,232210,4216,3396,402,418,29733,9595,,,
29-06-2020,275999,34270,5575,236016,4017,3092,432,493,30362,9320,,,
30-06-2020,279393,32476,5688,241229,3394,2690,338,366,30582,8385,,,
01-07-2020,282043,30847,5753,245443,2650,2134,300,216,30980,7806,,,
02-07-2020,284541,29374,5920,249247,2498,2042,230,226,32013,7921,,,
03-07-2020,288089,28695,6051,253343,3548,2703,322,523,32578,7543,,,
04-07-2020,291847,28210,6192,257445,3758,2951,371,436,33933,7986,,,
05-07-2020,295532,28194,6308,261032,3685,2852,438,395,34651,7785,,,
06-07-2020,298557,27804,6384,264371,3025,2354,404,267,34901,7263,,,
07-07-2020,301019,26340,6434,268245,2462,1946,266,250,35134,6536,,,
08-07-2020,303083,24807,6573,271703,2064,1638,265,161,35905,6513,,,
09-07-2020,306216,24612,6682,274922,3133,2395,432,306,36640,6518,,,
10-07-2020,309274,24440,6781,278053,3058,2392,460,206,37400,6633,,,
11-07-2020,312029,24008,6881,280161,2755,2219,405,131,38090,6609,,,
12-07-2020,315041,24166,6979,283902,3012,2371,389,252,38724,6637,,,
13-07-2020,317657,24077,7024,286556,2616,1985,451,180,39038,6321,,,
14-07-2020,319493,23205,7069,289220,1836,1444,244,148,39219,5800,,,
15-07-2020,321205,21934,7186,292085,1712,1400,186,126,39270,5601,,,
16-07-2020,323698,21107,7290,295301,2475,1949,367,159,38833,5390,,,
17-07-2020,326539,21378,8347,296814,2840,2125,545,170,40056,4922,,,
18-07-2020,328846,20952,8445,299449,2185,1624,373,188,39477,4227,,,
19-07-2020,330930,20633,8503,301794,2082,1615,359,108,38695,3487,,,
20-07-2020,333029,20404,8633,303992,2099,1599,340,160,38294,2743,,,
21-07-2020,334683,19190,8677,306816,1656,1342,230,84,39828,2414,,,
22-07-2020,336402,18439,8722,309241,1741,1391,238,112,39568,1853,,,
23-07-2020,338759,18490,8838,311431,2371,1841,379,151,39282,1511,,,
24-07-2020,341304,18694,8914,313696,2545,2005,373,167,39930,1305,,,
25-07-2020,343592,18403,9020,316169,2287,1752,399,136,39757,1076,,,
26-07-2020,345790,18583,9112,318095,2198,1620,449,129,39686,887,,,
27-07-2020,347923,18782,9187,319954,2133,1475,487,171,39662,730,,,
28-07-2020,349800,18228,9240,322332,1876,1236,462,178,39625,640,,,
29-07-2020,351575,17740,9278,324557,1773,1294,346,133,39554,629,,,
30-07-2020,353536,17531,9377,326628,1948,1428,388,132,39523,616,,,
31-07-2020,355667,17883,9457,328327,2123,1540,450,133,39594,654,,,
01-08-2020,357658,17621,9533,330507,1979,1426,440,113,39616,645,,,
02-08-2020,359731,17712,9608,332411,2081,1482,473,126,39600,665,,,
03-08-2020,361493,17810,9707,333976,1762,1119,527,116,39649,622,,,
04-08-2020,362962,16887,9745,336330,1462,1049,350,63,39638,547,,,
05-08-2020,364723,16640,9792,338291,1781,1216,482,83,40683,1207,,,
06-08-2020,366671,16614,9889,340168,1947,1383,403,161,41400,1625,,,
07-08-2020,368825,16699,9958,342168,2149,1479,570,100,42049,2028,,,
08-08-2020,371023,16880,10011,344133,2201,1511,604,86,42506,2298,,,
09-08-2020,373056,17153,10077,345826,2036,1452,502,82,42999,2638,,,
10-08-2020,375044,17563,10139,347342,1988,1319,605,64,43152,2669,,,
11-08-2020,376616,16897,10178,349541,1566,1061,424,81,43300,2625,,,
12-08-2020,378168,16544,10205,351419,1540,1071,421,48,43921,2970,,,
13-08-2020,380034,16604,10299,353131,1852,1343,425,84,44501,3247,,,
14-08-2020,382111,16734,10340,355037,2077,1396,616,65,44984,3535,,,
15-08-2020,383902,16556,10395,356951,1777,1158,552,67,45327,3641,,,
16-08-2020,385946,16666,10452,358828,2086,1383,634,69,45731,3702,,,
17-08-2020,387502,16604,10513,360385,1556,1012,480,64,45818,3489,,,
18-08-2020,388855,15869,10546,362440,1336,846,443,47,45939,3184,,,
19-08-2020,390037,15174,10578,364285,1233,876,316,41,46333,3210,,,
20-08-2020,391849,15116,10671,366063,1813,1265,453,95,46657,3189,,,
21-08-2020,393769,15149,10723,367897,1920,1328,496,96,47054,3290,,,
22-08-2020,395708,15186,10792,369730,1926,1267,600,59,47408,3333,,,
23-08-2020,397665,15634,10852,371179,1942,1315,554,73,47879,3459,,,
24-08-2020,399568,16188,10916,372464,1903,1265,580,58,47959,3240,,,
25-08-2020,400985,15564,10958,374463,1406,887,473,46,48096,2933,,,
26-08-2020,402365,15107,10990,376268,1371,993,316,62,48588,3074,,,
27-08-2020,404102,15108,11072,377922,1739,1197,450,92,48517,2728,,,
28-08-2020,405972,15388,11132,379452,1868,1227,543,98,49622,3518,,,
29-08-2020,408009,15645,11181,381183,2033,1330,645,58,49954,3595,,,
30-08-2020,409974,16146,11244,382584,1966,1277,616,73,50424,3771,,,
31-08-2020,411726,16558,11289,383879,1753,1177,507,69,50502,3581,,,
01-09-2020,413145,16034,11321,385790,1415,926,436,53,50638,3331,,,
02-09-2020,414739,15712,11344,387683,1582,1114,418,50,51161,3543,,,
03-09-2020,416501,15670,11422,389409,1758,1275,404,79,51643,3709,,,
04-09-2020,418469,15727,11494,391248,1965,1319,565,81,52067,3764,,,
05-09-2020,420434,15916,11551,392967,1961,1368,538,55,52526,3858,,,
06-09-2020,422510,16519,11592,394399,2077,1364,631,82,52914,3872,,,
07-09-2020,424274,16905,11652,395717,1764,1175,545,44,53132,3731,,,
08-09-2020,425541,16129,11682,397730,1263,839,397,27,53226,3437,,,
09-09-2020,427027,15770,11702,399555,1482,1048,402,32,53734,3595,,,
10-09-2020,428669,15532,11781,401356,1639,1139,452,48,54253,3744,,,
11-09-2020,430535,15621,11850,403064,1860,1304,509,47,54742,3868,,,
12-09-2020,432666,15852,11895,404919,2135,1407,667,61,55177,4015,,,
13-09-2020,434748,16473,11949,406326,2082,1413,592,77,55551,4082,,,
14-09-2020,436433,16695,12013,407725,1685,1064,561,60,55702,3915,,,
15-09-2020,437983,15999,12040,409944,1536,1025,479,32,55769,3525,,,
16-09-2020,439287,15377,12058,411853,1305,918,353,34,56269,3658,,,
17-09-2020,441150,15080,12142,413928,1860,1283,540,37,56677,3657,,,
18-09-2020,442827,14647,12199,415981,1673,1097,510,66,57015,3627,,,
19-09-2020,444674,14319,12254,418101,1848,1230,576,42,57317,3543,,,
20-09-2020,446274,14242,12286,419746,1600,1048,485,67,57350,3245,,,
21-09-2020,447468,14059,12298,421111,1194,832,337,25,57464,3018,,,
22-09-2020,448523,13026,12321,423176,1054,814,219,21,57610,2773,,,
23-09-2020,449903,12393,12345,425165,1372,1016,325,31,58110,2891,,,
24-09-2020,451634,12289,12469,426876,1731,1282,395,54,58624,3071,,,
25-09-2020,453868,12761,12527,428580,2222,1475,694,53,59096,3192,,,
26-09-2020,455979,13129,12591,430259,2109,1458,594,57,59645,3372,,,
27-09-2020,457901,13556,12641,431704,1923,1233,616,74,60090,3491,,,
28-09-2020,459671,13957,12698,433016,1770,1112,601,57,60293,3419,,,
29-09-2020,461300,13781,12725,434794,1622,1036,552,34,60357,3147,,,
30-09-2020,462991,13661,12741,436589,1684,1185,449,50,60824,3315,,,
01-10-2020,464750,13780,12822,438148,1760,1198,511,51,61268,3509,,,
02-10-2020,466590,14116,12867,439607,1839,1208,585,46,61629,3604,,,
03-10-2020,468471,14671,12919,440881,1880,1184,605,91,61808,3512,,,
04-10-2020,470179,15130,12979,442070,1708,1016,630,62,62033,3443,,,
05-10-2020,471746,15256,13037,443453,1567,984,481,102,62112,3172,,,
06-10-2020,473306,14818,13070,445418,1554,1019,500,35,62178,2833,,,
07-10-2020,474440,14297,13090,447053,1131,803,309,19,62654,2967,,,
08-10-2020,476016,14139,13167,448710,1575,1104,440,31,62937,2924,,,
09-10-2020,477769,14252,13220,450297,1750,1228,492,30,63282,2955,,,
10-10-2020,479595,14269,13272,452054,1824,1200,581,43,63613,2986,,,
11-10-2020,481371,14701,13318,453352,1776,1132,562,82,63927,3008,,,
12-10-2020,482888,15025,13379,454484,1517,941,525,51,64021,2816,,,
13-10-2020,484280,14385,13396,456499,1392,898,462,32,64116,2573,,,
14-10-2020,485372,13884,13415,458073,1089,822,256,11,64189,2446,,,
15-10-2020,486496,13526,13434,459536,1122,889,210,23,64577,2583,,,
16-10-2020,488190,13564,13529,461097,1689,1141,510,38,64966,2735,,,
17-10-2020,490003,13703,13588,462712,1811,1189,600,22,65245,2781,,,
18-10-2020,491760,14182,13635,463943,1759,1149,591,19,65536,2809,,,
19-10-2020,493305,14608,13676,465021,1545,1034,476,35,65630,2670,,,
20-10-2020,494478,14049,13702,466643,1099,726,345,28,65715,2448,,,
21-10-2020,495637,13565,13719,468269,1152,830,311,11,66056,2545,,,
22-10-2020,497131,13490,13792,469765,1495,1030,428,37,66411,2657,,,
23-10-2020,498906,13635,13844,471343,1773,1160,584,29,66702,2714,,,
24-10-2020,500542,9990,13892,476576,1631,1121,491,19,67030,2063,,,
25-10-2020,502063,9784,13944,478252,1540,1026,491,23,67317,2093,,,
26-10-2020,503598,9634,14003,479877,1505,1010,472,23,67400,1920,,,
27-10-2020,504525,9035,14026,481379,922,569,300,53,67462,1693,,,
28-10-2020,505530,8507,14032,482906,1004,738,234,32,67836,1827,,,
29-10-2020,507050,8925,14118,483922,1519,1064,425,30,68164,1908,,,
30-10-2020,508571,9176,14158,485152,1529,965,535,29,68378,1905,,,
31-10-2020,510256,9121,14207,486642,1686,1077,579,30,68675,1944,,,
01-11-2020,511864,9164,14247,488166,1607,1031,548,28,68933,1925,,,
02-11-2020,513188,9074,14302,489525,1314,824,477,13,69004,1775,,,
03-11-2020,514202,8776,14319,490820,1009,688,308,13,69046,1616,,,
04-11-2020,515042,8266,14340,492149,846,633,200,13,69402,1712,,,
05-11-2020,516582,8640,14404,493250,1540,1044,458,38,69672,1732,,,
06-11-2020,518390,9346,14450,494303,1801,1145,605,51,69879,1698,,,
07-11-2020,519977,9334,14499,495852,1568,1026,519,23,70171,1721,,,
08-11-2020,521558,9311,14543,497411,1576,1058,514,4,70468,1807,,,
09-11-2020,522879,9094,14588,498904,1318,836,456,26,70552,1658,,,
10-11-2020,523907,8861,14611,500142,1083,687,371,25,70608,1535,,,
11-11-2020,524804,8451,14633,501426,904,636,253,15,70979,1721,,,
12-11-2020,526438,8968,14699,502475,1631,1145,468,18,71251,1804,,,
13-11-2020,528030,9454,14738,503540,1592,1012,543,37,71503,1853,,,
14-11-2020,529676,9358,14777,505243,1644,1093,536,15,71790,1857,,,
15-11-2020,531273,9455,14819,506700,1597,1029,545,23,72024,1849,,,
16-11-2020,532604,9374,14863,508067,1331,848,447,36,72116,1729,,,
17-11-2020,533610,9025,14883,509401,1003,656,317,30,72204,1594,,,
18-11-2020,534558,8592,14897,510766,945,697,242,6,72597,1760,,,
19-11-2020,536012,8880,14955,511874,1455,1051,386,18,72953,1892,,,
20-11-2020,537585,9351,15003,512927,1573,1071,479,23,73244,1982,,,
21-11-2020,539143,9224,15030,514584,1550,1019,502,29,73506,1968,,,
22-11-2020,540640,9145,15069,516121,1497,961,522,14,73795,2026,,,
23-11-2020,542080,9144,15106,517524,1440,903,505,32,73858,1860,,,
24-11-2020,543087,8816,15131,518834,1005,702,287,16,73938,1705,,,
25-11-2020,544092,8468,15138,520180,1004,780,218,6,74346,1891,,,
26-11-2020,545662,8872,15235,521247,1564,1082,469,13,74661,1974,,,
27-11-2020,547223,9379,15278,522259,1570,1014,537,19,74942,2040,,,
28-11-2020,548941,9519,15322,523792,1718,1133,575,10,75190,2010,,,
29-11-2020,550430,9554,15356,525212,1489,993,485,11,75531,2109,,,
30-11-2020,551743,9418,15410,526604,1313,884,410,19,75606,1933,,,
01-12-2020,552864,9089,15430,528034,1119,747,354,18,75655,1748,,,
02-12-2020,553898,8647,15438,529501,1035,773,245,17,76018,1865,,,
03-12-2020,555406,9104,15519,530470,1507,1079,409,19,76383,1999,,,
04-12-2020,557135,9719,15558,531543,1729,1155,552,22,76697,2044,,,
05-12-2020,558668,9509,15592,533250,1533,1014,494,25,77021,2031,,,
06-12-2020,560382,9646,15628,534789,1710,1078,583,49,77120,1906,,,
07-12-2020,562142,9892,15663,536267,1760,1132,583,45,77350,1893,,,
08-12-2020,563534,9806,15680,537727,1389,958,406,25,77390,1726,,,
09-12-2020,564778,9596,15690,539171,1247,945,287,15,77802,1879,,,
10-12-2020,566440,10057,15774,540288,1662,1128,517,17,77925,1783,,,
11-12-2020,567974,10526,15782,541345,1531,1112,399,20,78366,2006,,,
12-12-2020,569781,10530,15846,543083,1807,1281,491,35,78715,2088,,,
13-12-2020,571919,10887,15886,544822,2139,1427,684,28,79067,2188,,,
14-12-2020,573830,11035,15931,546538,1911,1243,647,21,79177,2063,,,
15-12-2020,575329,10864,15949,548190,1498,1064,412,22,79270,1889,,,
16-12-2020,576731,10594,15959,549852,1402,1052,330,20,79817,2220,,,
17-12-2020,578732,11199,16007,551200,1998,1414,535,49,80295,2435,,,
18-12-2020,581135,12468,16051,552289,2404,1551,809,44,80694,2576,,,
19-12-2020,583354,12591,16101,554333,2217,1517,666,34,81093,2618,,,
20-12-2020,585545,13105,16154,555956,2191,1411,740,40,81363,2589,,,
21-12-2020,587488,13047,16197,557913,1943,1276,614,53,81496,2450,,,
22-12-2020,589189,12794,16217,559845,1699,1086,576,37,81608,2275,,,
23-12-2020,590914,12561,16228,561794,1726,1281,414,31,82085,2473,,,
24-12-2020,593310,13214,16303,563457,2395,1598,741,56,82518,2555,,,
25-12-2020,595831,14133,16358,565002,2520,1597,860,63,82871,2580,,,
26-12-2020,598394,14275,16404,567376,2564,1618,864,82,83082,2374,,,
27-12-2020,600105,13745,16443,569578,1711,1105,565,41,83161,2154,,,
28-12-2020,602028,13572,16443,571674,1923,1395,489,39,83329,2001,,,
29-12-2020,603986,13477,16488,573681,1958,1410,499,49,83505,1929,,,
30-12-2020,605950,13514,16499,575595,1961,1554,363,44,84213,2350,,,
31-12-2020,608973,14638,16608,577382,3022,2036,873,113,84939,2780,,,
01-01-2021,612564,16355,16660,579203,3588,2321,1132,135,85483,3041,,,
02-01-2021,615902,16870,16724,581961,3338,2055,1165,118,85863,3088,,,
03-01-2021,618191,16620,16767,584457,2289,1492,753,44,86032,2922,,,
04-01-2021,620641,16626,16767,586900,2450,1751,645,54,86280,2875,,,
05-01-2021,623101,16885,16788,589081,2457,1885,519,53,86496,2797,,,
06-01-2021,625483,17239,16816,591081,2378,1896,439,43,87278,3238,,,
07-01-2021,629176,18679,16913,593235,3685,2614,944,127,88126,3693,,,
08-01-2021,633381,20259,16974,595799,4201,2685,1356,160,88912,3997,,,
09-01-2021,637742,20749,17037,599604,4361,2762,1428,171,89545,4073,,,
10-01-2021,641923,21613,17096,602861,4181,2663,1391,127,90241,4323,,,
11-01-2021,645892,22309,17162,606055,3970,2451,1363,156,90567,4250,,,
12-01-2021,649135,22798,17182,608804,3238,2043,1045,150,90777,4071,,,
13-01-2021,652525,23407,17204,611564,3394,2328,963,103,91669,4427,,,
14-01-2021,656712,24800,17294,614267,4177,2725,1302,150,92526,4743,,,
15-01-2021,661180,26088,17369,617372,4471,2899,1403,169,93218,4829,,,
16-01-2021,665493,25442,17435,622321,4313,2677,1471,165,93957,4731,,,
17-01-2021,669832,25429,17477,626528,4340,2777,1418,145,94721,4882,,,
18-01-2021,673750,25008,17547,630818,3918,2430,1354,134,94921,4467,,,
19-01-2021,677151,24246,17573,634960,3400,2283,1002,115,95146,4135,,,
20-01-2021,680740,23647,17594,639091,3583,2468,1010,105,96118,4510,,,
21-01-2021,685107,25048,17702,642004,4363,3049,1147,167,97062,4872,,,
22-01-2021,690066,26889,17786,645035,4956,3296,1497,163,97834,5032,,,
23-01-2021,694647,26633,17854,649802,4550,2760,1597,193,98594,5056,,,
24-01-2021,699110,26682,17933,654101,4498,2822,1438,238,99339,5145,,,
25-01-2021,703178,26475,17999,658324,4068,2534,1307,227,99629,4758,,,
26-01-2021,706500,25659,18023,662460,3322,2054,1099,169,99815,4301,,,
27-01-2021,709888,24690,18040,666799,3371,2423,849,99,100741,4569,,,
28-01-2021,714143,25259,18174,670336,4260,2896,1186,178,101555,4691,,,
29-01-2021,718749,26535,18257,673582,4606,2941,1447,218,102381,4846,,,
30-01-2021,722900,26594,18339,677602,4160,2622,1366,172,103243,4808,,,
31-01-2021,727109,26290,18452,681981,4209,2628,1362,219,104001,4897,,,
01-02-2021,730888,25589,18537,686374,3779,2278,1334,167,104163,4394,,,
02-02-2021,734035,24457,18559,690653,3138,2015,1021,102,104431,4079,,,
03-02-2021,736645,22739,18576,694960,2616,1828,687,101,105236,4305,,,
04-02-2021,740237,22887,18731,698248,3589,2456,1013,120,106010,4453,,,
05-02-2021,744019,23521,18808,701315,3786,2445,1188,153,106633,4506,,,
06-02-2021,748082,22791,18895,706020,4063,2616,1256,191,107304,4363,,,
07-02-2021,751886,22493,18974,710029,3804,2411,1221,172,107738,4100,,,
08-02-2021,755350,22194,19056,713711,3464,2191,1099,174,107881,3655,,,
09-02-2021,758189,21418,19084,717308,2829,1911,797,121,108072,3282,,,
10-02-2021,760576,20239,19105,720852,2399,1792,509,98,108827,3511,,,
11-02-2021,764307,21171,19262,723493,3729,2600,1000,129,109434,3702,,,
12-02-2021,768471,22799,19345,725945,4169,2756,1240,173,109987,3813,,,
13-02-2021,772395,22363,19443,730204,3920,2537,1191,192,110590,3756,,,
14-02-2021,776209,22484,19541,733731,3815,2502,1147,166,111122,3781,,,
15-02-2021,779541,22399,19624,737126,3333,2172,1038,123,111242,3444,,,
16-02-2021,782039,21539,19644,740465,2547,1782,635,130,111422,3205,,,
17-02-2021,784314,20958,19659,743306,2330,1779,437,114,112289,3585,,,
18-02-2021,788142,21636,19798,746314,3866,2596,990,280,112536,3425,,,
19-02-2021,791939,22728,19897,748920,3827,2470,1099,258,113328,3779,,,
20-02-2021,795845,22438,19974,753037,3893,2550,1175,168,113899,3832,,,
21-02-2021,799460,22202,20042,756764,3618,2410,1084,124,114424,3885,,,
22-02-2021,803009,21904,20126,760577,3547,2331,1009,207,114485,3507,,,
23-02-2021,805317,20848,20151,763904,2356,1563,648,145,114687,3276,,,
24-02-2021,807872,19970,20173,767332,2554,1998,468,88,115588,3705,,,
25-02-2021,812344,21383,20310,770190,4181,2913,1080,188,117060,4690,61,316,0
26-02-2021,816929,23178,20400,772951,4586,3210,1215,161,118837,5977,179,339,75
27-02-2021,821418,23585,20476,776955,4523,3088,1194,241,119795,6217,242,343,58
28-02-2021,825625,24106,20572,780530,4208,2612,1144,452,119657,5465,239,349,2
01-03-2021,829770,24466,20660,784213,4082,2732,1061,289,121906,6726,345,352,42
02-03-2021,832512,23721,20684,787700,2747,1963,643,141,122904,6455,390,355,35
03-03-2021,835552,23913,20704,790528,3053,2387,503,163,124894,7195,493,357,88
04-03-2021,840119,25051,20838,793819,4567,3192,1145,230,126721,7688,577,361,76
05-03-2021,845450,27317,20928,796791,5325,3671,1408,246,128334,7957,687,368,95
06-03-2021,850483,27523,21008,801537,5037,3508,1279,250,129652,8014,734,370,55
07-03-2021,855785,28557,21077,805717,5280,3562,1439,279,131086,8302,832,377,70
08-03-2021,860533,28987,21163,809941,4733,3157,1327,249,131845,7728,906,384,60
09-03-2021,864064,28371,21182,814088,3528,2464,919,145,132714,7282,971,387,44
10-03-2021,867949,27982,21206,818337,3958,3024,708,226,135016,8237,1061,389,105
11-03-2021,873512,30428,21362,821294,5566,3912,1282,372,137255,9150,1162,391,85
12-03-2021,879485,32707,21451,824899,5983,4123,1541,319,139193,9633,1297,396,115
13-03-2021,885379,32705,21574,830698,5928,4052,1520,356,140835,9756,1399,403,102
14-03-2021,891110,33290,21674,835669,5734,3911,1493,330,142492,10031,1521,408,122
15-03-2021,896231,33379,21772,840668,5117,3390,1362,365,143392,9458,1607,416,83
16-03-2021,900782,32867,21789,845712,4591,3303,1076,212,144182,8808,1711,423,73
17-03-2021,905212,31826,21816,851154,4395,3323,821,251,146590,9855,1917,428,167
18-03-2021,911469,34228,21988,854827,6249,4391,1426,432,149029,10718,2101,431,142
19-03-2021,918053,36433,22087,859097,6604,4482,1774,348,151409,11490,2256,439,141
20-03-2021,925089,37048,22180,865413,7084,4711,1872,501,153307,11731,2424,445,157
21-03-2021,931939,37958,22279,871234,6836,4590,1745,501,155004,11958,2584,450,147
22-03-2021,938094,38024,22359,877189,6155,4142,1547,466,155939,11113,2725,457,142
23-03-2021,942958,37304,22384,882772,4948,3532,1133,283,156697,10675,2858,461,147
24-03-2021,947783,36054,22402,888826,4826,3795,794,237,159514,12060,3143,467,266
25-03-2021,954762,38699,22524,892973,7023,4971,1568,484,161535,12681,3339,472,211
26-03-2021,962321,41151,22587,897975,7626,5206,1850,570,163200,12985,3489,484,176
27-03-2021,969913,41177,22653,905435,7588,5135,1884,569,165060,12961,3662,492,180
28-03-2021,977243,41767,22754,912058,7326,4787,1684,855,166762,13129,3829,502,163
29-03-2021,984484,42509,23070,918446,7247,4668,1739,840,167233,12083,3974,517,154
30-03-2021,989492,41335,23107,924612,5394,3427,1244,723,167742,11275,4129,528,138
31-03-2021,995538,40696,23135,931270,6053,4581,801,671,169885,11976,4412,538,278
01-04-2021,1003406,42915,23328,936721,7830,5292,1844,694,172156,12371,4662,546,213
02-04-2021,1011485,45202,23421,942413,8112,5348,2184,580,173784,12566,4829,558,195
03-04-2021,1019478,44584,23524,950889,8028,5334,2030,664,175835,12687,5045,574,216
04-04-2021,1026785,44261,23644,958400,7304,4818,1899,587,176197,11402,5245,582,193
05-04-2021,1032612,42794,23677,965641,5807,4115,1375,317,176812,10430,5460,592,196
06-04-2021,1037780,40904,23734,972645,5164,4010,857,297,177348,9598,5675,602,212
07-04-2021,1043022,38496,23796,980245,5134,4194,711,229,181511,11654,6199,604,405
08-04-2021,1051270,40514,23979,986285,8195,5653,1980,562,184138,12688,6534,608,344
09-04-2021,1060421,44143,24108,991676,9171,6280,2273,618,186216,13186,6890,626,350
10-04-2021,1068522,45413,24213,998400,8124,5378,2101,645,187900,12991,7104,636,238
11-04-2021,1076499,45792,24346,1005860,7945,5162,2024,759,189617,13197,7416,648,280
12-04-2021,1082920,45021,24483,1012904,6372,4039,1769,564,190364,12532,7665,654,199
13-04-2021,1088710,42761,24518,1020925,5718,3867,1478,373,190814,11495,7966,661,227
14-04-2021,1094267,42278,24548,1026934,5497,4220,953,324,194323,13345,8483,663,456
15-04-2021,1101698,43229,24766,1033189,7357,5171,1661,525,196909,14162,9010,676,457
16-04-2021,1109311,46492,24923,1037539,7590,4990,1995,605,198980,14568,9411,682,376
17-04-2021,1117348,45965,25055,1045807,7696,5167,1968,561,200792,14240,9842,693,393
18-04-2021,1124718,45377,25177,1053635,7294,4686,2034,574,202775,14427,10358,704,442
19-04-2021,1131340,44701,25277,1060826,6643,4184,2007,452,203286,13145,10627,719,292
20-04-2021,1136435,42920,25317,1067662,5071,3457,1304,310,203850,12128,10948,724,297
21-04-2021,1141403,40686,25353,1074827,4914,3716,908,290,205814,13028,11502,732,495
22-04-2021,1148320,41128,25532,1081117,6832,4624,1631,577,207676,13362,12078,740,493
23-04-2021,1155902,44878,25641,1084831,7525,5038,2022,465,209366,13471,12616,754,478
24-04-2021,1162811,43577,25742,1092934,6796,4480,1803,513,211049,13092,13137,766,407
25-04-2021,1169536,43174,25856,1099918,6638,4386,1746,506,212801,13082,13630,772,405
26-04-2021,1175614,42195,25975,1106862,6078,3854,1712,512,213156,11891,13948,779,321
27-04-2021,1179772,39717,26020,1113463,4141,2863,1028,250,213721,10904,14286,783,319
28-04-2021,1184271,37481,26073,1120141,4416,3370,754,292,216265,11906,14870,791,504
29-04-2021,1190991,38388,26247,1125761,6889,4738,1652,499,218257,12322,15474,819,518
30-04-2021,1198245,41944,26353,1129347,7199,4842,1964,393,219817,12393,16014,839,488
01-05-2021,1204755,40865,26457,1136816,6469,4285,1696,488,221513,12207,16447,869,411
02-05-2021,1210920,40142,26561,1143565,6122,4115,1569,438,222931,11956,16896,875,405
03-05-2021,1215815,38732,26659,1149795,4874,3133,1368,373,223121,10699,17187,887,269
04-05-2021,1219064,36108,26696,1155630,3198,2303,708,187,223616,9825,17546,901,310
05-05-2021,1222949,34644,26726,1160945,3791,2919,656,216,225985,10781,18189,907,580
06-05-2021,1229248,35469,26895,1166227,6202,4291,1603,308,227670,11004,18779,917,493
07-05-2021,1235778,37663,27004,1170437,6574,4554,1709,311,229213,11292,19315,924,615
08-05-2021,1241976,36852,27101,1177342,6219,4251,1572,396,230740,11095,19856,937,562
09-05-2021,1247469,36406,27218,1183155,5521,3714,1531,276,232126,11015,20366,944,541
10-05-2021,1252808,35954,27318,1188831,5357,3478,1442,437,232541,10062,20747,949,399
11-05-2021,1256546,34564,27356,1193927,3771,2722,802,247,232883,9200,21090,957,376
12-05-2021,1260448,32932,27384,1199432,3920,3221,573,126,235269,10358,21858,966,788
13-05-2021,1266601,34192,27520,1204176,6181,4355,1440,386,237199,10976,22528,975,698
14-05-2021,1273516,36746,27647,1208396,6903,4524,1901,478,238723,11318,23135,981,626
15-05-2021,1280252,36964,27734,1214817,6769,4733,1609,427,240456,11423,23776,991,674
16-05-2021,1286548,37617,27832,1220351,6320,4406,1542,372,242288,11887,24369,995,615
17-05-2021,1292096,37560,27934,1225846,5566,3645,1431,490,242648,10986,24778,1007,427
18-05-2021,1295862,36097,27965,1231047,3787,2908,730,149,243029,10141,25256,1012,500
19-05-2021,1300629,35294,27997,1236581,4778,3837,720,221,245644,11462,26202,1017,955
20-05-2021,1308311,37901,28169,1241426,7680,5394,1709,577,247897,12479,26998,1022,795
21-05-2021,1315913,40849,28290,1245988,7614,5145,1943,526,249780,13065,27746,1032,760
22-05-2021,1323413,41261,28386,1252970,7514,5104,1873,537,251615,13170,28497,1042,763
23-05-2021,1329918,41510,28518,1259080,6519,4273,1679,567,252024,12059,29105,1054,623
24-05-2021,1335261,40780,28548,1265116,5374,3952,1047,375,252770,11212,29705,1061,629
25-05-2021,1339421,39243,28585,1270769,4188,3219,733,236,253402,10466,30270,1063,594
26-05-2021,1344618,38145,28624,1277019,5176,4182,748,246,256081,11728,31281,1068,1034
27-05-2021,1352723,40510,28809,1282561,8117,5769,1852,496,258401,12548,32225,1077,957
28-05-2021,1361381,43793,28928,1287804,8680,5900,2238,542,260367,13104,33107,1097,908
29-05-2021,1369756,44186,29047,1295646,8426,5703,2115,608,262284,13071,33961,1102,904
30-05-2021,1377507,44928,29168,1302518,7772,5295,2012,465,263966,13238,34769,1114,829
31-05-2021,1384346,45104,29300,1309040,6882,4489,1827,566,264334,12159,35340,1123,613
01-06-2021,1389357,43239,29344,1315860,5040,3571,1109,360,264978,11462,35969,1133,658
02-06-2021,1394973,43069,29385,1321600,5631,4339,979,313,267712,12759,36947,1141,993
03-06-2021,1403101,44913,29598,1327643,8150,5715,1874,561,270033,13425,37955,1147,1031
04-06-2021,1411346,47051,29696,1333631,8273,5827,1970,476,272135,13946,38950,1154,1022
05-06-2021,1420266,47388,29816,1342080,8867,5959,2186,722,274230,13980,40006,1165,1050
06-06-2021,1427956,49356,29937,1347676,7768,5094,2041,633,276280,14178,40877,1173,906
07-06-2021,1434884,48596,30058,1355224,6958,4459,1842,657,276850,13049,41472,1183,628
08-06-2021,1440417,46874,30104,1362431,5568,3863,1284,421,277375,11995,42063,1192,627
09-06-2021,1445770,44757,30141,1369856,5369,4196,837,336,279942,13113,43117,1201,1072
10-06-2021,1453478,45774,30339,1376335,7716,5396,1735,585,282369,13911,44042,1211,935
11-06-2021,1461419,47777,30472,1382124,7972,5413,2017,542,284342,14349,44951,1225,940
12-06-2021,1468992,46337,30579,1391016,7624,5143,1953,528,286303,14215,45810,1237,911
13-06-2021,1476473,45506,30707,1399187,7529,4984,1951,594,288034,13990,46587,1244,824
14-06-2021,1482663,44217,30804,1406555,6234,4012,1691,531,288622,12795,47154,1258,613
15-06-2021,1487239,41868,30865,1413414,4607,3213,1098,296,289261,11809,47688,1263,564
16-06-2021,1491561,39176,30922,1420365,4347,3574,574,199,291867,12681,48598,1268,937
17-06-2021,1498231,39698,31140,1426275,6683,4620,1575,488,293912,12928,49351,1274,767
18-06-2021,1505001,41091,31259,1431515,6770,4542,1741,487,295672,13024,50065,1325,762
19-06-2021,1511275,39834,31392,1439182,6263,4224,1611,428,297309,12654,50796,1366,754
20-06-2021,1517018,38630,31513,1445703,5753,3935,1416,402,298903,12512,51429,1409,678
21-06-2021,1522223,37284,31645,1452108,5252,3452,1336,464,299242,11200,51894,1416,514
15-06-2021,1487239,41868,30865,1413414,4607,3213,1098,296,289261,11809,47688,1263,564
16-06-2021,1491561,39176,30922,1420365,4347,3574,574,199,291867,12681,48598,1268,937
17-06-2021,1498231,39698,31140,1426275,6683,4620,1575,488,293912,12928,49351,1274,767
18-06-2021,1505001,41091,31259,1431515,6770,4542,1741,487,295672,13024,50065,1325,762
19-06-2021,1511275,39834,31392,1439182,6263,4224,1611,428,297309,12654,50796,1366,754
20-06-2021,1517018,38630,31513,1445703,5753,3935,1416,402,298903,12512,51429,1409,678
21-06-2021,1522223,37284,31645,1452108,5252,3452,1336,464,299242,11200,51894,1416,514
22-06-2021,1525663,36114,31690,1456672,3464,2419,829,216,299720,10200,52245,1424,373
23-06-2021,1528409,32507,31746,1462966,2768,2165,436,167,300412,9378,52733,1430,513
24-06-2021,1531872,30735,31797,1468137,3448,2760,515,173,302750,10069,53472,1463,752
25-06-2021,1537471,31897,32012,1472337,5628,3933,1338,357,304333,10255,54038,1469,596
26-06-2021,1542642,30389,32163,1478841,5208,3540,1334,334,305641,9832,54563,1485,566
27-06-2021,1547103,29118,32298,1484410,4488,3032,1228,228,306818,9608,54986,1491,450
28-06-2021,1551137,27847,32454,1489537,4075,2596,1192,287,307170,8625,55281,1500,338
29-06-2021,1553774,25688,32489,1494284,2648,1827,579,242,307484,7743,55589,1507,320
30-06-2021,1555902,23242,32545,1498792,2148,1676,354,118,307959,7072,55924,1510,355
01-07-2021,1558557,22224,32588,1502411,2677,2033,493,151,309735,7656,56441,1516,540
02-07-2021,1562613,22739,32809,1505708,4086,2825,1017,244,311036,7810,56819,1520,405
03-07-2021,1566461,22809,32973,1509297,3880,2659,1030,191,312097,7669,57227,1532,443
04-07-2021,1569784,21709,33103,1513495,3368,2253,907,208,313057,7415,57578,1540,396
05-07-2021,1572608,20647,33249,1517303,2852,1803,811,238,313196,6519,57795,1546,248
06-07-2021,1574465,18883,33288,1520879,1885,1309,455,121,313462,5829,57992,1553,220
07-07-2021,1576336,17357,33328,1524232,1892,1437,359,96,314963,6396,58377,1555,404
08-07-2021,1579591,17590,33514,1527050,3193,2160,853,180,315893,6351,58735,1557,366
09-07-2021,1582391,18027,33636,1529269,2906,1882,832,192,316732,6355,58981,1569,279
10-07-2021,1585160,17843,33767,1532078,2696,1748,811,137,317378,6035,59226,1569,265
11-07-2021,1587478,17043,33877,1535072,2330,1442,737,151,317898,5887,59452,1579,241
12-07-2021,1589623,16325,33980,1537815,2160,1310,685,165,317531,5196,59596,1589,162
13-07-2021,1590887,14766,34016,1540595,1278,910,292,76,317583,4556,59746,1593,166
14-07-2021,1592130,13403,34049,1543171,1227,966,208,53,317752,4722,60012,1633,284
15-07-2021,1594496,13569,34207,1545186,2336,1512,680,144,318252,4505,60231,1634,244
16-07-2021,1596549,13652,34309,1547042,2031,1301,579,151,318575,4356,60396,1638,194
17-07-2021,1598481,12863,34403,1549660,1874,1148,623,103,319001,4054,60600,1641,221
18-07-2021,1599879,12671,34514,1551119,1419,881,437,101,319075,3549,60700,1642,118
19-07-2021,1600883,11575,34539,1553145,1015,679,265,71,319249,3098,60810,1647,123
20-07-2021,1601858,10400,34569,1555294,902,625,197,80,319377,2764,60917,1651,128
21-07-2021,1602854,9461,34611,1557199,989,776,173,40,320191,3110,61187,1654,277
22-07-2021,1604713,9647,34792,1558669,1861,1273,491,97,320751,3172,61388,1654,215
23-07-2021,1606358,9970,34875,1559891,1656,1112,454,90,321118,3193,61566,1663,191
24-07-2021,1607749,9399,34958,1561758,1407,954,381,72,321595,3150,61748,1669,199
25-07-2021,1609177,9227,35026,1563280,1446,948,407,91,321957,3152,61887,1672,156
26-07-2021,1610345,8794,35119,1564777,1185,723,360,102,322080,2898,61989,1676,119
27-07-2021,1611090,8141,35151,1566138,753,527,174,52,322207,2696,62106,1678,124
28-07-2021,1611917,7842,35176,1567236,828,638,158,32,322787,2971,62323,1679,218
29-07-2021,1613288,8017,35295,1568294,1383,916,381,86,323155,2931,62475,1683,164
30-07-2021,1614629,8593,35366,1568981,1355,882,399,74,323504,2914,62587,1685,127
31-07-2021,1615771,8125,35448,1570492,1152,762,296,94,323818,2728,62743,1687,166
01-08-2021,1616942,7874,35528,1571788,1185,756,360,69,324091,2574,62856,1692,126
02-08-2021,1617852,7504,35616,1573007,921,584,251,86,324205,2324,62941,1695,96
03-08-2021,1618457,6914,35640,1574176,616,395,173,48,324344,2163,63006,1697,75
04-08-2021,1619183,6402,35671,1575377,674,505,127,42,324956,2464,63171,1702,169
05-08-2021,1620389,6591,35806,1576242,1223,863,287,73,324887,2514,63309,1705,157
06-08-2021,1621571,7125,35880,1576801,1147,738,343,66,325135,2433,63434,1716,137
07-08-2021,1622509,6804,35951,1577982,940,602,284,54,325477,2397,63528,1726,99
08-08-2021,1623363,6379,36016,1579137,868,452,270,146,325407,1963,63536,1730,21
09-08-2021,1624316,6261,36107,1580173,871,557,241,73,325902,2137,63689,1735,71
10-08-2021,1624823,5778,36138,1581129,514,309,165,40,325989,1969,63751,1739,68
11-08-2021,1625456,5489,36157,1582029,584,430,103,51,326472,2184,63906,1740,160
12-08-2021,1626594,5744,36243,1582781,1128,744,276,108,326782,2193,64011,1748,123
13-08-2021,1627428,6105,36287,1583180,882,578,226,78,327040,2168,64087,1752,95
14-08-2021,1628293,5854,36331,1584227,877,541,266,70,327283,2087,64167,1755,91
15-08-2021,1629192,5728,36380,1585156,904,600,234,70,327515,2036,64261,1757,99
16-08-2021,1629932,5573,36420,1585995,754,449,216,89,327605,1885,64321,1759,73
17-08-2021,1630330,5160,36438,1586798,405,278,92,35,327675,1724,64357,1763,45
18-08-2021,1630831,4812,36456,1587619,503,399,84,20,328042,1865,64491,1766,139
19-08-2021,1631689,4933,36524,1588236,899,584,263,52,328303,1931,64571,1768,85
20-08-2021,1632441,5324,36566,1588536,763,514,203,46,328515,1975,64649,1770,85
21-08-2021,1633153,5024,36605,1589484,698,476,173,49,328746,1909,64728,1772,87
22-08-2021,1633816,4853,36650,1590252,679,429,168,82,328972,1880,64812,1776,94
23-08-2021,1634394,4625,36688,1590973,591,382,154,55,329054,1705,64847,1779,50
24-08-2021,1634774,4423,36701,1591555,387,245,116,26,329101,1535,64886,1778,45
25-08-2021,1635173,4115,36718,1592238,392,279,85,28,329476,1687,64969,1778,86
26-08-2021,1635958,4327,36778,1592707,801,505,234,62,329670,1643,65019,1782,66
27-08-2021,1636627,4453,36807,1593188,672,426,189,57,329867,1624,65087,1783,71
28-08-2021,1637234,4206,36841,1593985,607,376,185,46,330044,1546,65156,1783,69
29-08-2021,1637829,4143,36885,1594585,603,368,177,58,330220,1515,65233,1785,87
30-08-2021,1638330,3982,36923,1595170,512,295,136,81,330299,1382,65274,1784,50
31-08-2021,1638675,3749,36937,1595747,315,214,71,30,330275,1196,65330,1804,46
01-09-2021,1639123,3568,36945,1596357,375,267,85,23,330551,1311,65409,1805,87
02-09-2021,1639698,3648,36995,1596763,594,381,175,38,330787,1381,65443,1806,53
03-09-2021,1640192,3717,37041,1597118,504,321,142,41,330962,1343,65484,1809,51
04-09-2021,1640666,3486,37067,1597772,477,295,144,38,331157,1312,65536,1811,55
05-09-2021,1641091,3342,37090,1598293,430,261,139,30,331286,1265,65576,1810,48
06-09-2021,1641526,3235,37108,1598800,435,252,138,45,331327,1136,65604,1812,36
07-09-2021,1641791,3012,37115,1599267,273,156,93,24,331379,1043,65632,1814,34
08-09-2021,1642146,2910,37122,1599708,358,241,87,30,331601,1124,65698,1816,70
09-09-2021,1642646,2996,37159,1600055,515,316,154,45,331744,1126,65734,1817,49
10-09-2021,1643156,3156,37178,1600353,518,324,150,44,331878,1126,65791,1821,65
11-09-2021,1643630,3166,37201,1600771,489,310,146,33,332019,1081,65839,1824,64
12-09-2021,1644071,3061,37232,1601269,449,200,151,98,331995,917,65847,1827,17
13-09-2021,1644540,3160,37253,1601589,426,230,147,49,332214,999,65938,1827,47
14-09-2021,1644832,3086,37253,1601955,297,179,100,18,332256,930,65980,1827,47
15-09-2021,1645233,3026,37261,1602392,408,288,91,29,332485,1026,66058,1829,86
16-09-2021,1645820,3223,37293,1602703,604,352,187,65,332654,1087,66103,1829,60
17-09-2021,1646403,3460,37318,1603006,594,351,181,62,332800,1117,66158,1830,67
18-09-2021,1646994,3507,37339,1603507,610,349,190,71,332882,1062,66196,1833,56
19-09-2021,1647469,3504,37359,1603934,491,283,168,40,332941,1000,66234,1833,53
20-09-2021,1647746,3343,37367,1604353,280,198,62,20,332994,906,66277,1834,46
21-09-2021,1648026,3246,37374,1604718,291,207,57,27,333045,836,66327,1835,64
22-09-2021,1648550,3297,37379,1605171,526,391,84,51,333359,1033,66460,1837,136
23-09-2021,1649409,3675,37410,1605568,886,583,218,85,333577,1134,66532,1840,99
24-09-2021,1650238,4075,37423,1605948,852,532,245,75,333800,1264,66597,1843,88
25-09-2021,1650985,4237,37432,1606490,783,493,211,79,334046,1386,66671,1846,100
26-09-2021,1651750,4486,37440,1606961,775,485,206,84,334328,1533,66735,1848,81
27-09-2021,1652364,4526,37445,1607496,640,424,156,60,334396,1468,66775,1849,64
28-09-2021,1652795,3851,37449,1608584,454,250,102,102,334338,1171,66769,1850,18
29-09-2021,1653406,4021,37455,1609007,525,385,103,37,334695,1407,66915,1850,116
30-09-2021,1654264,4295,37468,1609512,895,532,287,76,334924,1444,66979,1851,101
01-10-2021,1655071,4269,37476,1610314,846,548,230,68,335168,1448,67042,1855,103
02-10-2021,1655884,4334,37484,1611035,853,525,240,88,335375,1460,67092,1856,89
03-10-2021,1656602,4367,37494,1611676,752,486,191,75,335389,1417,67143,1861,86
04-10-2021,1657256,4311,37500,1612348,673,396,195,82,335593,1304,67181,1861,53
05-10-2021,1657749,4110,37506,1613029,503,351,100,52,335686,1226,67261,1864,93
06-10-2021,1658444,4293,37512,1613524,714,503,131,80,335985,1336,67418,1863,176
07-10-2021,1659386,4607,37533,1614090,981,639,217,125,336231,1417,67502,1863,121
08-10-2021,1660372,4725,37542,1614917,1037,684,232,121,336468,1420,67577,1866,126
09-10-2021,1661370,4968,37554,1615629,1033,674,239,120,336716,1503,67714,1869,171
10-10-2021,1662433,5290,37564,1616329,1105,732,265,108,336937,1531,67853,1872,182
11-10-2021,1663383,5496,37571,1617035,996,629,249,118,336993,1437,67898,1872,90
12-10-2021,1663992,5335,37574,1617792,634,414,133,87,337089,1356,67983,1877,110
13-10-2021,1664725,5339,37578,1618500,766,577,117,72,337229,1312,68111,1878,162
14-10-2021,1665916,5808,37583,1619203,1223,831,233,159,337643,1537,68341,1879,261
15-10-2021,1667547,6322,37594,1620240,1703,1063,418,222,337980,1670,68512,1882,244
16-10-2021,1669236,6992,37597,1621210,1774,1104,412,258,338271,1762,68671,1883,243
17-10-2021,1670750,7504,37609,1622168,1562,972,377,213,338577,1880,68855,1887,235
18-10-2021,1672065,7789,37620,1623157,1357,841,333,183,338732,1838,68996,1891,183
19-10-2021,1672998,7690,37623,1624180,966,682,201,83,338901,1835,69159,1894,197
20-10-2021,1674226,7934,37628,1625139,1206,898,173,135,339399,2141,69405,1893,292
21-10-2021,1676019,8591,37640,1626200,1842,1198,423,221,339835,2362,69648,1896,294
22-10-2021,1678023,9341,37651,1627411,2086,1383,493,210,340266,2526,69868,1897,300
23-10-2021,1680017,9570,37662,1629125,2056,1303,498,255,340474,2587,70092,1900,286
24-10-2021,1681828,9849,37669,1630613,1882,1266,402,214,340836,2694,70297,1906,277
25-10-2021,1683451,9973,37685,1632077,1677,1062,422,193,340955,2498,70446,1908,204
26-10-2021,1684608,9674,37691,1633518,1201,835,245,121,341155,2373,70627,1910,224
27-10-2021,1686318,10025,37697,1634860,1753,1288,293,172,341680,2562,70980,1912,397
28-10-2021,1688454,10800,37719,1636151,2205,1437,476,292,342213,2804,71287,1915,377
29-10-2021,1690735,11113,37729,1638077,2379,1643,514,222,342642,2818,71558,1922,370
30-10-2021,1692877,11388,37743,1639895,2230,1427,521,282,343091,2878,71793,1926,324
31-10-2021,1695048,11620,37757,1641786,2250,1421,537,292,343438,2992,72013,1930,300
01-11-2021,1696786,11602,37777,1643486,1806,1149,412,245,343580,2786,72148,1933,203
02-11-2021,1698127,11169,37782,1645245,1390,932,283,175,343714,2593,72305,1936,207
03-11-2021,1699427,10801,37790,1646888,1360,1000,248,112,343858,2434,72553,1936,307
04-11-2021,1701316,11141,37794,1648422,1953,1507,250,196,344482,2726,72955,1940,469
05-11-2021,1703826,11291,37814,1650696,2601,1760,570,271,345136,2937,73324,1942,459
06-11-2021,1706622,11896,37841,1652817,2895,1875,677,343,345673,3127,73676,1941,450
07-11-2021,1709189,12516,37862,1654720,2682,1797,632,253,346198,3272,73946,1947,386
08-11-2021,1711442,12717,37879,1656720,2367,1570,575,222,346375,3142,74120,1958,288
09-11-2021,1713188,12588,37883,1658579,1800,1251,395,154,346635,3055,74349,1960,281
10-11-2021,1715352,13261,37895,1660049,2229,1710,342,177,347512,3559,74764,1963,483
11-11-2021,1718085,14291,37917,1661679,2833,1848,707,278,348223,3929,75079,1965,415
12-11-2021,1721025,14913,37936,1663940,2950,1896,724,330,348794,4027,75381,1967,388
13-11-2021,1723728,14971,37951,1666545,2712,1790,644,278,349404,4083,75723,1979,419
14-11-2021,1726481,15109,37975,1669109,2835,1811,683,341,349919,4098,75983,1986,344
15-11-2021,1728767,14909,38001,1671535,2377,1476,616,285,350113,3819,76132,2005,240
16-11-2021,1730456,14264,38005,1673856,1741,1196,353,192,350217,3395,76318,2006,237
17-11-2021,1732576,14306,38016,1675915,2104,1541,381,182,350951,3580,76690,2009,424
18-11-2021,1735187,14715,38049,1678015,2640,1716,663,261,351443,3594,76967,2009,366
19-11-2021,1737885,14508,38079,1680853,2679,1784,656,239,351775,3340,77269,2015,367
20-11-2021,1740496,14398,38094,1683538,2696,1838,602,256,352183,3229,77568,2017,385
21-11-2021,1743137,14594,38117,1685925,2711,1844,641,226,352628,3145,77887,2022,390
22-11-2021,1745305,14472,38149,1688158,2252,1469,565,218,352743,2838,78080,2028,276
23-11-2021,1747065,13592,38161,1690773,1700,1221,352,127,352830,2543,78325,2031,297
24-11-2021,1749099,13659,38175,1692719,1937,1518,306,113,353443,2791,78774,2035,504
25-11-2021,1751769,14393,38218,1694568,2641,1754,656,231,355704,2409,86862,2043,467
26-11-2021,1754443,14250,38245,1697385,2692,1709,709,274,355625,1967,87313,2052,472
27-11-2021,1757077,14448,38282,1699765,2667,1759,640,268,355503,1531,87762,2059,482
28-11-2021,1759405,14433,38313,1701981,2361,1517,638,206,355402,1118,88147,2067,416
29-11-2021,1761365,14101,38343,1704210,1979,1211,545,223,355295,758,88378,2074,251
30-11-2021,1762751,13254,38346,1706431,1392,944,339,109,355217,455,88598,2081,227
01-12-2021,1764274,12876,38356,1708314,1538,1134,289,115,355150,217,89000,2087,415
02-12-2021,1766493,13179,38403,1710140,2244,1476,547,221,355097,84,89351,2092,374
03-12-2021,1768584,12537,38439,1712808,2115,1332,602,181,355052,34,89679,2100,352
04-12-2021,1770620,11766,38465,1715556,2060,955,571,534,354883,25,90006,2104,353
05-12-2021,1772547,11781,38501,1717409,1947,1275,507,165,354891,34,90311,2111,323
06-12-2021,1774048,11277,38531,1719351,1517,895,468,154,354707,30,90491,2114,196
07-12-2021,1775212,10518,38535,1721257,1185,765,293,127,354611,31,90671,2117,197
08-12-2021,1776599,10299,38541,1722849,1401,998,280,123,354618,34,91019,2120,361
09-12-2021,1778370,10618,38600,1724174,1793,1160,517,116,354593,43,91276,2127,278
10-12-2021,1779865,10026,38638,1726184,1516,952,400,164,354569,28,91513,2134,256
11-12-2021,1781227,9668,38646,1727889,1375,1011,262,102,354588,31,91815,2138,315
12-12-2021,1782804,9393,38686,1729661,1605,1097,378,130,354484,27,92035,2141,242
13-12-2021,1784165,9249,38716,1731093,1383,840,415,128,354331,27,92202,2153,188
14-12-2021,1785124,8674,38723,1732601,970,690,206,74,354182,30,92411,2156,218
15-12-2021,1786184,8470,38727,1733847,1080,775,226,79,354083,32,92739,2158,345
16-12-2021,1787676,8765,38773,1734955,1520,1014,396,110,353989,39,92997,2163,283
17-12-2021,1789109,8443,38812,1736644,1465,966,357,142,353891,38,93248,2170,280
18-12-2021,1790524,8323,38840,1738121,1431,925,390,116,353763,37,93473,2176,239
19-12-2021,1791776,8364,38864,1739274,1275,807,325,143,353765,35,93733,2180,279
20-12-2021,1792902,8184,38885,1740513,1157,690,299,168,353672,37,93953,2187,248
21-12-2021,1793786,7669,38894,1741912,887,515,200,172,353479,38,94175,2190,224
22-12-2021,1794750,7453,38900,1743080,981,714,170,97,353469,34,94485,2192,323
23-12-2021,1796232,7871,38954,1744033,1504,922,411,171,353452,31,94736,2200,267
24-12-2021,1797631,7896,38984,1745336,1426,838,266,322,353436,27,94993,2204,279
25-12-2021,1799125,8163,39013,1746508,1511,816,322,373,353413,28,95246,2208,266
26-12-2021,1800280,8126,39034,1747643,1232,658,250,324,353404,24,95337,2214,167
27-12-2021,1801033,7773,39056,1748700,760,417,148,195,353395,27,95476,2217,146
28-12-2021,1801795,7363,39059,1749834,770,509,78,183,353391,29,95683,2223,215
29-12-2021,1802891,7533,39063,1750760,1295,773,144,378,353377,32,95824,2225,337
30-12-2021,1804682,8319,39096,1751668,1813,927,337,549,353297,26,96089,2234,288
31-12-2021,1806494,8833,39115,1752914,1831,1007,375,449,353261,29,96369,2241,295
01-01-2022,1808398,9489,39140,1754104,1930,1059,373,498,353221,25,96684,2257,341
02-01-2022,1810302,10169,39162,1755273,1921,808,509,604,353197,24,96869,2263,198
03-01-2022,1811297,9995,39173,1756412,1005,455,231,319,353178,25,96995,2275,135
04-01-2022,1812348,9843,39174,1757601,1058,593,148,317,353169,23,97235,2280,248
05-01-2022,1814188,10677,39177,1758607,1858,998,279,581,353132,23,97696,2295,478
06-01-2022,1817300,12569,39207,1759798,3134,1532,678,924,353076,28,98317,2317,641
07-01-2022,1821071,14405,39232,1761597,3799,1829,893,1077,353015,33,98976,2347,680
08-01-2022,1825417,17132,39251,1763214,4380,2023,772,1585,352885,28,99685,2388,735
09-01-2022,1829437,19635,39272,1764731,4064,1912,781,1371,352818,33,100319,2431,665
10-01-2022,1833478,22098,39285,1766310,4069,1804,763,1502,352753,42,100936,2480,646
11-01-2022,1837390,24347,39289,1767808,3922,1859,491,1572,352693,39,101600,2527,677
12-01-2022,1842218,27453,39290,1769530,4847,2612,595,1640,352599,36,102913,2573,1334
13-01-2022,1849465,32483,39331,1771647,7291,3325,1188,2778,352476,41,104289,2622,1408
14-01-2022,1857764,36622,39355,1775755,8270,3903,1152,3215,352335,40,105780,2775,1517
15-01-2022,1867101,41895,39376,1779749,9284,4714,1369,3201,352175,38,107490,2955,1737
16-01-2022,1876610,47076,39394,1784025,9454,4791,1692,2971,352006,38,109334,3145,1883
17-01-2022,1885540,51691,39426,1788268,8904,4247,1421,3236,352006,33,110772,3320,1473
18-01-2022,1893115,54244,39427,1793274,7533,3971,1040,2522,351725,56,112289,3449,1545
19-01-2022,1902657,58918,39431,1798131,9509,5764,1017,2728,351521,48,114937,3583,2676
20-01-2022,1916522,67512,39456,1803312,12500,6714,1745,4041,351521,44,117622,3766,2721
21-01-2022,1934204,48201,39474,1840249,14757,8094,2166,4497,351521,23,120906,4007,3318
22-01-2022,1949675,53101,39497,1850742,14449,8109,2152,4188,354184,30,124545,4287,3668
23-01-2022,1965393,58573,39512,1860971,13674,7690,1724,4260,354189,32,127588,4469,3074
24-01-2022,1984190,66738,39535,1871528,14780,8076,2011,4693,354180,26,130983,4648,3431
25-01-2022,2001346,67018,39543,1888382,14291,8485,1547,4259,354179,28,134188,4831,3236
26-01-2022,2020082,68142,39547,1905981,18446,12007,1683,4756,354204,51,139861,5008,5694
27-01-2022,2045874,76778,39594,1923031,24037,14209,3311,6517,354205,44,146428,5247,6608
28-01-2022,2075703,87734,39620,1941840,26727,15658,3308,7761,354213,54,153770,5532,7386
29-01-2022,2107612,99474,39653,1961936,29175,15674,3503,9998,354216,57,160928,5848,7216
30-01-2022,2137743,110141,39684,1981334,28480,15681,3409,9390,354239,82,168604,6131,7723
31-01-2022,2165984,119331,39721,2000317,26244,14484,3098,8662,354240,76,174760,6423,6199
01-02-2022,2190561,113734,39733,2030468,22192,13374,2286,6532,354240,64,180644,6675,5927
02-02-2022,2221276,112804,39742,2062092,29844,19192,2809,7843,354244,64,190765,6944,10165
03-02-2022,2258005,118427,39824,2093059,35197,19439,4486,11272,354265,67,201328,7278,10610
04-02-2022,2296712,125857,39867,2124250,37468,21103,4702,11663,354251,49,212462,7614,11176
05-02-2022,2335034,131295,39930,2157039,36297,20700,4853,10744,354254,50,223162,7965,10744
06-02-2022,2371833,140307,39987,2184728,34328,19224,4697,10407,354249,58,233588,8434,10459
07-02-2022,2405672,147753,40060,2211024,31063,17054,3499,10510,354255,54,241056,8737,7508
08-02-2022,2431845,133080,40087,2251828,24970,14827,2572,7571,354252,51,247277,9035,6250
09-02-2022,2466098,125920,40111,2293200,33362,20671,3811,8880,354240,47,258040,9302,10801
10-02-2022,2504168,125812,40273,2331146,36635,20320,5180,11135,354225,32,268442,9622,10450
11-02-2022,2545819,130416,40370,2368052,38446,21042,5074,12330,354225,49,279054,9977,10653
12-02-2022,2582934,131410,40464,2404031,35841,20419,5027,10395,354229,40,289011,10350,9997
13-02-2022,2621427,139623,40558,2434174,35038,19947,4613,10478,354230,41,298234,10663,9266
14-02-2022,2652713,144410,40666,2460529,28076,15812,3034,9230,354229,41,304352,10977,6155
15-02-2022,2677692,128120,40698,2501759,22845,14506,2048,6291,354221,35,310009,11209,5677
16-02-2022,2709854,119451,40735,2542538,30971,19531,3303,8137,354092,33,322490,11316,10861
17-02-2022,2747552,120060,40936,2579372,35789,20466,4671,10652,354098,46,332799,11705,10318
18-02-2022,2783458,121611,41067,2613450,34117,19920,4353,9844,354107,37,343136,12023,10346
19-02-2022,2819246,124640,41196,2646153,33769,19348,4558,9863,354096,34,352974,12159,9845
20-02-2022,2851382,129581,41347,2673145,30398,17769,4280,8349,354098,40,362069,12656,9100
21-02-2022,2876455,131408,41491,2696204,23254,12869,2643,7742,354099,42,367638,12883,5575
22-02-2022,2895931,114795,41526,2732239,18380,11517,1697,5166,354096,29,372663,12912,5028
23-02-2022,2921131,105912,41571,2766256,24700,15817,2921,5962,354087,30,383291,13186,10631
24-02-2022,2953895,106133,41795,2798492,30675,17240,4210,9225,354091,24,393172,13483,9892
25-02-2022,2985873,108299,41919,2828136,29135,16636,4062,8437,354088,22,402285,13764,9121
26-02-2022,3015630,109416,42070,2856569,27739,16216,3797,7726,354085,22,411055,13877,8773
27-02-2022,3041400,112826,42200,2878743,23821,13514,3475,6832,354087,25,418792,14221,7745
28-02-2022,3061019,112966,42353,2898013,18148,10261,1898,5989,354096,30,423762,14301,4979
01-03-2022,3076291,98421,42381,2927793,13928,9239,1172,3517,354106,30,428341,14307,4583
02-03-2022,3098110,91717,42411,2956270,20400,13074,2418,4908,354110,33,437844,14793,9508
03-03-2022,3122802,91035,42683,2981315,23395,13531,3606,6258,354105,27,445594,15008,7754
04-03-2022,3147434,90479,42809,3006337,23132,13195,3245,6692,354099,32,453136,15231,7553
05-03-2022,3168335,88933,42955,3028599,20503,11882,2847,5774,354100,26,460150,15463,7018
06-03-2022,3188448,91410,43077,3046064,19353,11174,2832,5347,354098,24,466571,15645,6426
07-03-2022,3202562,89973,43226,3061410,13820,8218,1507,4095,354102,23,470583,15809,4015
08-03-2022,3214326,76783,43260,3086309,10815,7330,970,2515,354102,23,474410,15889,3830
