Region,Codigo region,Poblacion,2020-04-09,2020-04-10,2020-04-11,2020-04-12,2020-04-13,2020-04-14,2020-04-15,2020-04-16,2020-04-17,2020-04-18,2020-04-19,2020-04-20,2020-04-21,2020-04-22,2020-04-23,2020-04-24,2020-04-25,2020-04-26,2020-04-27,2020-04-28,2020-04-29,2020-04-30,2020-05-01,2020-05-02,2020-05-03,2020-05-04,2020-05-05,2020-05-06,2020-05-07,2020-05-08,2020-05-09,2020-05-10,2020-05-11,2020-05-12,2020-05-13,2020-05-14,2020-05-15,2020-05-16,2020-05-17,2020-05-18,2020-05-19,2020-05-20,2020-05-21,2020-05-22,2020-05-23,2020-05-24,2020-05-25,2020-05-26,2020-05-27,2020-05-28,2020-05-29,2020-05-30,2020-05-31,2020-06-01,2020-06-02,2020-06-03,2020-06-04,2020-06-05,2020-06-06,2020-06-07,2020-06-08,2020-06-09,2020-06-10,2020-06-11,2020-06-12,2020-06-13,2020-06-14,2020-06-15,2020-06-16,2020-06-17,2020-06-18,2020-06-19,2020-06-20,2020-06-21,2020-06-22,2020-06-23,2020-06-24,2020-06-25,2020-06-26,2020-06-27,2020-06-28,2020-06-29,2020-06-30,2020-07-01,2020-07-02,2020-07-03,2020-07-04,2020-07-05,2020-07-06,2020-07-07,2020-07-08,2020-07-09,2020-07-10,2020-07-11,2020-07-12,2020-07-13,2020-07-14,2020-07-15,2020-07-16,2020-07-17,2020-07-18,2020-07-19,2020-07-20,2020-07-21,2020-07-22,2020-07-23,2020-07-24,2020-07-25,2020-07-26,2020-07-27,2020-07-28,2020-07-29,2020-07-30,2020-07-31,2020-08-01,2020-08-02,2020-08-03,2020-08-04,2020-08-05,2020-08-06,2020-08-07,2020-08-08,2020-08-09,2020-08-10,2020-08-11,2020-08-12,2020-08-13,2020-08-14,2020-08-15,2020-08-16,2020-08-17,2020-08-18,2020-08-19,2020-08-20,2020-08-21,2020-08-22,2020-08-23,2020-08-24,2020-08-25,2020-08-26,2020-08-27,2020-08-28,2020-08-29,2020-08-30,2020-08-31,2020-09-01,2020-09-02,2020-09-03,2020-09-04,2020-09-05,2020-09-06,2020-09-07,2020-09-08,2020-09-09,2020-09-10,2020-09-11,2020-09-12,2020-09-13,2020-09-14,2020-09-15,2020-09-16,2020-09-17,2020-09-18,2020-09-19,2020-09-20,2020-09-21,2020-09-22,2020-09-23,2020-09-24,2020-09-25,2020-09-26,2020-09-27,2020-09-28,2020-09-29,2020-09-30,2020-10-01,2020-10-02,2020-10-03,2020-10-04,2020-10-05,2020-10-06,2020-10-07,2020-10-08,2020-10-09,2020-10-10,2020-10-11,2020-10-12,2020-10-13,2020-10-14,2020-10-15,2020-10-16,2020-10-17,2020-10-18,2020-10-19,2020-10-20,2020-10-21,2020-10-22,2020-10-23,2020-10-24,2020-10-25,2020-10-26,2020-10-27,2020-10-28,2020-10-29,2020-10-30,2020-10-31,2020-11-01,2020-11-02,2020-11-03,2020-11-04,2020-11-05,2020-11-06,2020-11-07,2020-11-08,2020-11-09,2020-11-10,2020-11-11,2020-11-12,2020-11-13,2020-11-14,2020-11-15,2020-11-16,2020-11-17,2020-11-18,2020-11-19,2020-11-20,2020-11-21,2020-11-22,2020-11-23,2020-11-24,2020-11-25,2020-11-26,2020-11-27,2020-11-28,2020-11-29,2020-11-30,2020-12-01,2020-12-02,2020-12-03,2020-12-04,2020-12-05,2020-12-06,2020-12-07,2020-12-08,2020-12-09,2020-12-10,2020-12-11,2020-12-12,2020-12-13,2020-12-14,2020-12-15,2020-12-16,2020-12-17,2020-12-18,2020-12-19,2020-12-20,2020-12-21,2020-12-22,2020-12-23,2020-12-24,2020-12-25,2020-12-26,2020-12-27,2020-12-28,2020-12-29,2020-12-30,2020-12-31,2021-01-01,2021-01-02,2021-01-03,2021-01-04,2021-01-05,2021-01-06,2021-01-07,2021-01-08,2021-01-09,2021-01-10,2021-01-11,2021-01-12,2021-01-13,2021-01-14,2021-01-15,2021-01-16,2021-01-17,2021-01-18,2021-01-19,2021-01-20,2021-01-21,2021-01-22,2021-01-23,2021-01-24,2021-01-25,2021-01-26,2021-01-27,2021-01-28,2021-01-29,2021-01-30,2021-01-31,2021-02-01,2021-02-02,2021-02-03,2021-02-04,2021-02-05,2021-02-06,2021-02-07,2021-02-08,2021-02-09,2021-02-10,2021-02-11,2021-02-12,2021-02-13,2021-02-14,2021-02-15,2021-02-16,2021-02-17,2021-02-18,2021-02-19,2021-02-20,2021-02-21,2021-02-22,2021-02-23,2021-02-24,2021-02-25,2021-02-26,2021-02-27,2021-02-28,2021-03-01,2021-03-02,2021-03-03,2021-03-04,2021-03-05,2021-03-06,2021-03-07,2021-03-08,2021-03-09,2021-03-10,2021-03-11,2021-03-12,2021-03-13,2021-03-14,2021-03-15,2021-03-16,2021-03-17,2021-03-18,2021-03-19,2021-03-20,2021-03-21,2021-03-22,2021-03-23,2021-03-24,2021-03-25,2021-03-26,2021-03-27,2021-03-28,2021-03-29,2021-03-30,2021-03-31,2021-04-01,2021-04-02,2021-04-03,2021-04-04,2021-04-05,2021-04-06,2021-04-07,2021-04-08,2021-04-09,2021-04-10,2021-04-11,2021-04-12,2021-04-13,2021-04-14,2021-04-15,2021-04-16,2021-04-17,2021-04-18,2021-04-19,2021-04-20,2021-04-21,2021-04-22,2021-04-23,2021-04-24,2021-04-25,2021-04-26,2021-04-27,2021-04-28,2021-04-29,2021-04-30,2021-05-01,2021-05-02,2021-05-03,2021-05-04,2021-05-05,2021-05-06,2021-05-07,2021-05-08,2021-05-09,2021-05-10,2021-05-11,2021-05-12,2021-05-13,2021-05-14,2021-05-15,2021-05-16,2021-05-17,2021-05-18,2021-05-19,2021-05-20,2021-05-21,2021-05-22,2021-05-23,2021-05-24,2021-05-25,2021-05-26,2021-05-27,2021-05-28,2021-05-29,2021-05-30,2021-05-31,2021-06-01,2021-06-02,2021-06-03,2021-06-04,2021-06-05,2021-06-06,2021-06-07,2021-06-08,2021-06-09,2021-06-10,2021-06-11,2021-06-12,2021-06-13,2021-06-14,2021-06-15,2021-06-16,2021-06-17,2021-06-18,2021-06-19,2021-06-20,2021-06-21,2021-06-22,2021-06-23,2021-06-24,2021-06-25,2021-06-26,2021-06-27,2021-06-28,2021-06-29,2021-06-30,2021-07-01,2021-07-02,2021-07-03,2021-07-04,2021-07-05,2021-07-06,2021-07-07,2021-07-08,2021-07-09,2021-07-10,2021-07-11,2021-07-12,2021-07-13,2021-07-14,2021-07-15,2021-07-16,2021-07-17,2021-07-18,2021-07-19,2021-07-20,2021-07-21,2021-07-22,2021-07-23,2021-07-24,2021-07-25,2021-07-26,2021-07-27,2021-07-28,2021-07-29,2021-07-30,2021-07-31,2021-08-01,2021-08-02,2021-08-03,2021-08-04,2021-08-05,2021-08-06,2021-08-07,2021-08-08,2021-08-09,2021-08-10,2021-08-11,2021-08-12,2021-08-13,2021-08-14,2021-08-15,2021-08-16,2021-08-17,2021-08-18,2021-08-19,2021-08-20,2021-08-21,2021-08-22,2021-08-23,2021-08-24,2021-08-25,2021-08-26,2021-08-27,2021-08-28,2021-08-29,2021-08-30,2021-08-31,2021-09-01,2021-09-02,2021-09-03,2021-09-04,2021-09-05,2021-09-06,2021-09-07,2021-09-08,2021-09-09,2021-09-10,2021-09-11,2021-09-12,2021-09-13,2021-09-14,2021-09-15,2021-09-16,2021-09-17,2021-09-18,2021-09-19,2021-09-20,2021-09-21,2021-09-22,2021-09-23,2021-09-24,2021-09-25,2021-09-26,2021-09-27,2021-09-28,2021-09-29,2021-09-30,2021-10-01,2021-10-02,2021-10-03,2021-10-04,2021-10-05,2021-10-06,2021-10-07,2021-10-08,2021-10-09,2021-10-10,2021-10-11,2021-10-12,2021-10-13,2021-10-14,2021-10-15,2021-10-16,2021-10-17,2021-10-18,2021-10-19,2021-10-20,2021-10-21,2021-10-22,2021-10-23,2021-10-24,2021-10-25,2021-10-26,2021-10-27,2021-10-28,2021-10-29,2021-10-30,2021-10-31,2021-11-01,2021-11-02,2021-11-03,2021-11-04,2021-11-05,2021-11-06,2021-11-07,2021-11-08,2021-11-09,2021-11-10,2021-11-11,2021-11-12,2021-11-13,2021-11-14,2021-11-15,2021-11-16,2021-11-17,2021-11-18,2021-11-19,2021-11-20,2021-11-21,2021-11-22,2021-11-23,2021-11-24,2021-11-25,2021-11-26,2021-11-27,2021-11-28,2021-11-29,2021-11-30,2021-12-01,2021-12-02,2021-12-03,2021-12-04
Arica y Parinacota,15,252110,70,-,93,103,-,93,24,198,131,-,155,48,52,0,169,85,90,73,146,80,61,84,124,87,41,89,86,77,123,92,127,74,70,83,90,140,107,0,106,135,78,93,88,182,157,76,160,159,81,172,90,243,137,0,112,194,144,265,193,227,182,253,92,274,164,189,241,237,244,170,113,231,201,214,168,126,115,213,197,211,183,153,122,172,141,216,229,252,223,145,174,260,191,313,298,243,199,264,242,264,299,192,409,298,249,396,414,377,343,246,436,365,385,396,438,441,546,387,490,497,535,623,747,895,807,452,482,480,718,547,755,473,213,622,560,581,668,628,613,226,404,519,647,498,811,801,202,611,587,595,686,925,660,442,489,677,658,623,656,598,313,581,471,734,680,215,491,350,625,680,739,820,862,919,447,583,765,726,862,1158,712,428,619,770,841,870,972,617,365,454,754,822,732,745,949,367,728,794,738,737,832,542,343,706,777,1058,1025,868,782,431,734,741,825,711,817,693,386,830,683,504,726,852,661,258,1011,841,697,732,922,463,154,856,600,722,645,748,631,260,851,660,595,802,905,249,359,913,366,851,903,1011,632,314,663,1315,676,922,1412,693,644,879,895,1042,373,598,763,833,1016,929,1030,344,486,483,892,1293,1079,1132,1246,1231,915,897,1215,1358,1657,1980,1286,917,974,1578,1787,1270,1579,1089,1058,1098,1175,1529,1385,1323,1422,1261,1019,1146,1778,1720,1705,1316,911,830,1286,1139,946,1127,1385,738,622,1394,750,1196,1164,1397,769,768,1395,1092,1408,653,1699,839,701,1110,1193,1076,1037,1554,555,623,1374,883,1272,898,1592,690,869,1708,1342,1612,1303,1354,392,725,1227,1270,1350,1312,1404,430,552,1432,1135,1005,1248,909,559,896,1606,1661,1545,1033,1817,595,518,1697,1538,1665,1389,1670,719,834,1835,1498,1538,1387,1738,909,746,1811,2042,1768,1363,1473,707,798,1723,1226,1552,1568,1943,621,588,1418,1347,1488,1298,1817,573,993,1708,1211,1611,1358,1189,710,930,1616,1415,1218,1315,1755,730,791,1372,1538,1358,1094,1922,621,634,892,1272,1228,1001,1579,906,835,1612,1292,1282,1044,858,639,757,848,1344,1210,1089,1669,824,660,689,1304,975,1042,1076,782,512,1196,1486,1033,985,1571,759,754,1513,1079,875,1058,898,501,722,1109,1213,768,1373,1386,842,830,1469,1108,1179,1057,1340,750,557,1279,1161,1360,1276,1506,613,688,1338,1215,1008,1077,1182,834,763,1154,863,863,439,1266,553,1222,1411,1062,928,211,1408,606,1054,1140,903,631,642,1274,758,824,1370,1035,960,1032,1022,692,806,1394,1132,1470,1259,618,285,1142,2079,1993,1709,1797,1462,1154,1173,2092,1336,1822,1651,1078,857,1274,1237,1010,1286,1064,964,616,668,894,1342,866,1281,1077,801,989,1158,1241,1062,1238,1460,707,1276,1154,1135,1313,1371,1126,914,780,1007,616,1346,922,913,1062,1005,1257,1148,1411,1215,1290,1120,1179,1477,1298,971,1001,968,703,1377,1240,1341,945,931,979,598,1572,1345,997,1113
Tarapaca,01,382773,-,-,-,-,-,-,-,30,-,60,0,0,30,59,30,203,118,58,58,57,111,124,8,102,90,90,123,53,221,169,184,185,275,0,6,274,346,268,374,284,269,121,361,342,347,335,365,586,314,360,470,565,472,445,346,207,248,458,446,450,449,312,329,344,495,395,482,360,328,348,289,384,484,371,370,334,318,384,505,349,607,380,352,522,320,375,590,607,786,548,503,435,462,480,621,413,406,227,321,675,568,306,689,534,374,369,732,277,429,792,1358,468,604,390,584,588,555,418,1515,599,659,465,650,474,716,455,637,669,559,687,748,532,292,481,645,612,742,850,517,517,593,578,719,808,976,442,488,378,699,650,940,920,728,605,684,743,778,970,715,587,476,772,709,644,722,699,354,166,509,915,757,1023,791,1529,479,1011,803,802,692,1070,855,619,1076,741,810,853,1075,564,292,405,858,957,638,811,1104,907,648,972,932,1046,1044,796,714,694,946,1752,906,1263,434,439,898,1083,938,1082,1335,1070,423,794,892,995,1023,504,1812,640,1019,1207,1054,976,1338,849,778,1209,906,707,747,1856,1101,355,795,861,581,894,1667,966,659,1082,570,167,1731,1359,1796,1057,1207,706,984,953,1484,1308,685,1247,1016,1225,1146,466,1115,645,1120,1110,947,1125,834,1320,857,951,2120,1394,1506,1280,1997,1300,1452,1268,1716,1981,2172,1301,2229,1748,1375,1618,1796,1207,953,1205,989,1791,1282,1195,1531,2996,1149,1596,1267,1710,1260,1757,1374,472,1132,1058,1084,1134,1449,667,579,1626,989,985,1382,1303,785,299,1668,1021,1201,1183,1328,1061,509,1272,1265,179,433,1136,1178,2609,1639,1255,1188,1535,1771,843,328,1877,1436,1280,1703,2138,1593,709,1449,1408,1310,1399,1947,1122,1046,1784,2277,1150,1588,1511,1235,760,1884,1720,1312,1431,1636,1655,919,1613,1991,1318,1970,1840,2024,1460,1990,1514,1323,1524,2381,1887,1214,2007,1518,1464,1929,1597,545,1119,2088,1349,1571,1288,1970,1492,1010,1662,1466,1261,1647,1954,1285,1287,2177,1272,1325,1699,1380,1108,945,2216,1359,1405,1414,2047,1220,595,1932,1472,1086,1345,1991,813,1709,2127,1343,1437,1496,2149,1357,587,2169,1290,1361,1379,2163,1241,1229,1121,1368,1156,1468,2306,1498,917,1082,1285,1236,1348,2886,1003,1072,1931,1459,1159,1449,1844,1359,1215,1464,1205,1304,1357,1434,630,972,1942,1123,1244,1453,2010,1260,964,2194,1365,1127,1196,1969,1259,957,1737,1795,1395,1512,2132,1677,1324,1870,1416,1158,1321,2133,1413,448,2509,1161,1239,1407,2537,1020,716,2444,1138,1197,1511,2972,1194,1525,1731,1240,1308,1706,3109,1710,1038,2087,1272,1237,1365,2404,1396,1002,1458,1348,1273,1109,1547,622,1046,1225,1366,1368,1949,3110,1518,1812,2022,1654,1333,1490,2046,1765,1164,2450,1201,1063,1503,2170,1266,1345,1666,1400,1467,1512,2205,1694,1969,2011,1478,1039,1389,1944,1966,1846,2021,1436,988,1503,2222,1842,1182,1655,2051,1346,1563,2417,1060,2177,1839,1861,1704,1462,2791,1917,2083,2140,1643,1479,1667,1849,2012,2205,2880,1769,1692,1744,2689,1840,1670,2249,1783,1534
Antofagasta,02,691854,182,128,107,175,103,95,117,117,143,200,129,197,147,152,146,166,217,214,180,181,198,259,164,312,271,231,182,236,247,291,215,419,245,285,94,283,416,5,299,345,290,386,396,259,344,224,347,218,165,206,343,501,379,247,334,246,452,287,414,480,475,427,543,436,526,535,654,364,681,324,745,651,814,583,667,568,558,735,564,709,689,705,479,681,668,784,707,855,752,628,699,820,730,887,677,775,654,509,726,695,739,745,534,378,606,602,732,589,763,771,763,863,752,856,826,1113,1209,1292,1424,1096,952,1139,1298,1745,2053,1059,1000,1033,1006,1086,910,2261,1162,907,925,1000,1184,1176,2625,1337,1513,865,985,1361,1624,3184,1224,1389,881,912,1529,1919,4074,821,1302,1062,1682,1426,2161,3530,876,1060,912,1347,1796,2915,2189,888,1447,1261,1733,2139,2225,3652,1064,1586,1247,1406,1980,3281,3572,857,1481,1183,1580,2540,3115,3416,1760,860,1067,1970,2217,3547,2605,989,1229,1571,1890,2239,3825,1749,1354,1858,1238,1906,2549,3544,2400,1138,1599,1604,1830,2311,3687,1903,2211,1729,1511,2026,2395,3505,2459,1040,1433,1515,1281,3058,4006,1990,1096,1600,888,1786,2978,2757,2344,1713,1499,1435,1564,2605,3988,2781,1081,1439,1218,1456,2455,4676,2808,1396,2094,1662,2264,3174,4056,2360,1729,1904,1755,2291,1441,2088,2005,2954,2641,1885,2579,1070,2468,1333,4761,2173,3171,2692,2837,6363,3496,1895,2506,2185,3607,4800,3182,4465,2920,1697,3417,1964,3198,3966,4029,1045,2501,2503,2723,3322,3377,5685,1713,2490,2483,2237,2558,5123,4978,1712,2744,2615,2854,2273,5141,4434,866,2922,2373,2212,2433,4781,3964,978,2868,2432,2255,2454,5160,4662,1185,3018,2412,2619,2819,5375,3727,1189,3325,2591,2283,2111,5676,4690,954,3392,2585,2376,3254,5404,3968,1757,3095,2455,2519,3625,5428,3269,1042,3318,2825,2127,3158,3632,3616,1094,3583,2708,2711,2125,5418,5326,1020,3969,2309,2529,3318,5477,4342,1571,3085,2716,2335,2757,5507,4318,1282,2576,3824,2053,2622,6111,3890,1514,3308,2486,2475,3332,5484,4554,1186,3002,2515,2228,3041,5604,4008,1366,3804,2762,2159,3392,3914,4497,1366,3286,2681,2299,3216,5221,4408,1684,3189,2134,2374,3039,4594,4657,1381,3823,2369,2143,2988,4671,4086,1100,3457,2217,2879,2871,5502,4244,913,2496,2505,2290,2440,4993,5152,907,2279,2642,2250,2712,2850,4430,1550,3529,2472,2241,2865,4485,3996,1289,3103,2016,1924,2628,3074,4086,1358,3439,2045,2136,2324,4074,3908,1321,3326,1871,2067,2960,4355,4215,1309,3050,2170,1848,2281,4075,4144,1241,2833,1987,1913,1962,4068,4201,1187,3577,1855,1976,2238,4140,3669,1645,2903,1439,1209,2346,2204,1194,1273,2514,1363,1381,2344,1556,1591,1616,2359,1016,1568,2620,1607,1634,1479,2085,1460,1666,1638,1323,443,1396,2730,1430,1834,2613,2369,1790,1651,2247,1392,1878,2021,2991,1534,1463,2465,1272,1741,3158,2201,1818,1267,1765,1509,1930,2695,3026,1317,1531,2215,1892,2212,3033,2644,2131,1547,2350,1923,2183,2833,2580,1953,1406,1989,2357,2347,2942,3439,1989,2150,2740,2338,2245,3041,3091,2394,1862,2939,1958,2249,2790,2966,2215,1574,3139,1979,2236,2580,2537,2504,1818,2798,1914,1976
Atacama,03,314709,57,52,60,25,20,22,25,29,37,50,31,33,33,47,57,77,46,54,56,73,112,107,114,105,75,70,111,107,164,167,111,101,133,86,0,4,197,311,66,143,98,86,133,154,133,99,83,175,261,178,155,83,126,289,195,138,155,133,88,200,195,170,186,139,218,81,132,415,152,371,246,251,303,255,271,183,181,264,232,279,342,321,464,290,236,237,292,286,325,179,182,303,294,364,302,362,265,321,216,0,553,415,299,334,407,404,328,625,517,13,1101,382,1000,660,655,865,1081,189,1371,534,689,334,605,1361,720,724,452,639,801,784,734,874,566,416,692,762,757,807,607,403,304,597,429,635,512,596,503,191,479,512,590,804,813,427,253,575,708,562,841,627,485,340,749,692,884,688,197,306,170,753,754,566,859,685,689,510,746,1056,736,824,807,398,285,660,922,1157,1075,650,567,221,299,673,960,861,687,388,319,792,838,1020,939,563,340,237,838,863,781,920,613,367,196,731,729,1321,902,557,373,288,580,773,616,742,472,458,238,575,565,1029,885,571,431,206,674,717,691,523,648,315,206,676,681,758,818,723,462,123,564,312,1101,691,713,455,219,693,857,880,783,900,509,317,961,876,723,300,117,283,246,763,857,623,397,102,216,293,905,855,1445,108,1472,913,645,1104,1118,1634,1145,1125,905,1082,1131,1427,1557,1529,1145,794,567,754,1339,1173,1640,1510,944,1039,941,1341,1237,967,1164,603,386,977,1160,1060,881,1275,721,411,1121,1285,1532,1132,1261,775,352,1241,1325,1346,933,1335,522,383,1181,1311,1546,1489,1282,877,542,999,1349,1417,1114,1471,939,302,1510,1467,1474,1404,1576,582,460,1196,1336,1205,1251,1222,645,309,924,1383,1300,1330,659,557,627,1221,1699,1303,1585,1648,883,555,1450,1456,1402,1263,1585,776,575,1383,1507,1536,1146,1691,931,630,1417,1751,1490,994,1511,529,579,1274,1398,1373,712,1242,410,408,1423,1432,1456,711,1554,520,613,1389,1454,1118,1470,714,627,460,1708,2022,2219,1942,2244,1382,647,1476,2598,2630,828,1433,274,978,1825,1396,2146,1294,1559,1853,806,1453,1459,1236,1485,1030,622,752,1894,1497,1378,1405,1101,1535,729,781,2531,1636,1468,1026,618,1659,1916,988,2520,1258,1649,484,2084,1732,1529,1110,1889,447,260,2135,1656,1658,2274,1453,681,487,2087,1597,1053,1819,1433,1122,329,2167,1272,1439,1462,1074,903,287,1866,1180,1375,1264,1188,666,289,1788,1669,1280,950,1829,429,1192,1840,1403,760,1561,927,175,883,1854,1813,998,1410,1200,380,1240,1257,1227,1014,732,890,177,1191,1266,1075,988,500,263,527,1274,2084,1395,1592,1824,1939,279,1577,1499,2185,1857,1707,1228,173,1195,1819,1717,574,2195,1274,251,338,1138,1935,1724,1526,1037,508,1169,1664,1305,1322,1267,981,197,1414,2349,1597,1916,1400,1260,233,210,1288,1878,1769,2502,766,1134,1600,2261,1699,1967,1588,2426,426,1231,2011,2159,1599,2147,1687,617,1300,1496,2643,1086,1463,3230,362,1527,1998,2380,2240
Coquimbo,04,836096,-,-,-,-,-,-,-,-,-,-,-,-,-,29,22,44,42,72,0,148,74,78,166,165,102,191,0,23,51,59,66,370,95,48,0,80,253,92,180,205,308,128,167,202,221,227,210,214,138,222,176,248,359,177,257,215,273,399,295,433,325,347,363,307,307,266,345,314,338,412,381,338,364,370,375,254,262,399,499,339,363,317,276,262,207,234,414,393,391,262,257,297,412,415,284,234,205,374,259,394,285,661,394,352,265,547,636,639,545,598,530,661,672,771,856,757,876,755,917,808,956,875,903,914,785,678,902,680,1299,1068,778,812,626,709,716,1044,1249,950,1008,765,1258,1202,1015,857,1256,827,918,1032,1006,1056,1168,1159,705,1062,1025,1098,1410,1318,1472,1491,476,915,1667,1297,750,521,349,754,689,1600,1065,1498,1502,796,888,860,1132,1121,1142,1049,1032,1009,980,861,1282,1295,1503,1171,484,573,912,1151,1200,1024,1626,610,823,1008,1128,1057,1026,473,1503,1050,1125,1351,1245,1438,932,662,750,1154,1059,1115,1493,771,565,1049,1236,1399,1238,1105,525,729,968,1368,1305,944,1265,983,806,1079,1134,1330,1655,1133,797,600,1035,828,1845,1343,1502,544,609,965,982,1240,1143,1552,986,773,973,1313,1014,1735,1385,875,745,1243,1238,1369,732,578,646,608,863,2016,1081,602,370,839,691,1267,1557,1227,1117,1544,1121,839,1288,1864,1888,1516,1829,1491,988,1526,1596,1942,1812,1643,1530,952,1325,2069,1666,1923,1853,1566,959,1632,2196,1989,1820,1861,1381,1040,817,2225,1446,1935,1838,1202,617,1565,1985,1839,1993,1950,1184,822,1375,2035,1995,1840,2158,1286,836,1528,2486,1692,2658,1942,1728,862,1968,2701,2874,3404,2218,2250,1214,2236,2383,2348,2746,2926,1510,872,1888,2311,2301,2969,1726,2366,654,1966,2623,2236,2486,1335,1040,755,2112,2802,2102,2466,2483,1938,872,2115,2639,2136,2609,2598,1615,750,1988,2509,2107,2217,2553,1232,1170,2204,2669,2614,2264,2472,1662,964,1941,2466,2343,2727,2421,1935,846,2291,2522,2664,2105,3461,1634,891,2525,2955,2726,2755,1879,1326,1131,2479,2817,2468,3129,3065,1850,1267,2433,2785,2627,3083,2803,2276,1095,1646,2970,2668,3170,3285,2580,867,2986,2844,2641,2902,3513,1721,1155,988,2701,2605,2609,2963,1221,1420,1150,1695,2775,3695,1518,1855,1199,2651,2476,2443,2188,2579,1254,807,2336,2237,2253,2199,1249,1055,975,2495,2368,2556,2412,2451,1113,865,2439,2458,1447,2903,2557,1195,825,2446,2253,2393,2127,2168,1085,757,2389,1827,2085,2313,2100,1006,1013,2281,2312,2599,2199,2365,721,981,2084,1991,2191,1991,1988,661,1036,2035,2276,1936,2224,1970,768,931,1903,1988,2048,1990,1723,594,793,1919,2208,2085,1647,421,250,626,2135,2119,2674,2640,2430,658,778,2369,2605,2265,1715,2017,642,1614,1771,2438,2070,1981,2355,497,382,871,1849,2180,2128,1460,1016,444,1881,2134,1973,2371,2018,1313,679,2224,2521,2203,2430,2161,1287,375,776,2109,2876,2719,2450,1284,912,2331,3136,2515,2470,2143,1621,842,2380,2569,2193,2371,2452,1178,795,2413,2314,2241,2401,2647,1059,731,2335,2032,2476
Valparaiso,05,1960170,301,249,248,273,223,92,385,240,246,330,166,177,142,384,90,293,262,201,167,184,169,278,450,327,251,196,233,268,690,573,588,489,552,518,298,301,1097,213,839,545,529,616,631,358,975,547,575,599,694,898,536,871,714,587,506,795,686,781,885,1074,808,725,795,986,939,978,967,840,853,569,896,781,781,949,1129,811,832,794,1029,751,853,856,619,905,590,846,935,974,931,602,631,727,1018,925,1034,816,654,741,706,1055,816,1107,823,572,916,996,960,1144,980,964,967,753,1463,1337,1787,2193,1340,1392,930,1718,1629,2230,1961,1980,1692,1471,1844,1941,2364,3034,2274,1884,2252,2614,2886,2782,2972,2859,2337,2171,2076,3096,3741,3953,3563,2830,3012,2539,3461,3460,3877,2995,2014,1619,2573,3227,4069,4212,3345,1910,2330,2865,4133,3621,2068,897,614,1318,2240,3833,3876,3451,2963,1797,2171,3079,3626,3539,3899,2905,2052,1657,3108,3054,3523,3712,2451,1630,1028,2025,2559,3314,3273,2461,1898,1622,3094,3257,3185,3309,2640,1410,1798,2740,3285,2612,3852,1929,1553,1552,3129,3244,3198,3078,2346,1240,1709,2977,3442,3115,3753,2196,1241,1501,3013,3331,3105,3209,2309,1288,1664,3046,3269,2750,3914,2338,1158,1519,3394,3444,3249,3920,2679,1223,1875,1900,2856,3350,3928,2936,2073,1981,3621,4050,3957,3645,2433,1724,2326,3738,3820,3625,1719,1106,1165,1516,3562,4288,3436,2030,1595,1228,2158,3863,4452,4594,5507,3565,2968,2683,4450,5274,4781,6054,3475,2130,2576,6385,5200,4611,6115,4714,2166,2787,4536,5972,5931,5686,5241,1966,2758,4684,5790,5357,4975,3875,1927,2355,4448,4575,4455,5370,3813,1802,2323,4637,5047,5008,4846,3756,1976,2797,5434,5243,5974,5984,4793,2105,2301,5480,5364,5905,5809,4264,2668,2443,6180,6502,6811,6327,5967,2496,3046,6065,6767,6848,7679,6360,3380,4774,7309,6363,7719,8302,5721,2799,4138,6938,8095,7188,7176,3107,2310,2191,7171,7953,7577,7405,5409,3151,4325,7037,7130,7589,7969,6592,2889,2942,6518,6620,6690,7000,6222,2510,2520,6654,5959,5626,6750,4663,1960,2536,5937,6212,5724,6632,4920,2633,2400,5682,5477,5954,6190,4757,1588,2265,6269,6531,5865,5070,3557,2036,2581,6194,6658,6341,6767,6197,2559,2916,6949,6783,7155,7716,6219,4457,3811,6879,7031,6368,8006,5454,4108,4137,7734,7946,6037,7165,7064,3035,2004,3272,6878,6477,6886,5275,2854,2124,3386,6313,6690,6819,4253,2501,2922,6176,6001,6159,5998,4974,2271,1862,6193,5627,5694,3827,2107,2257,1930,6316,5303,4996,4843,4263,2070,2484,5304,5451,5312,4969,4093,1858,2062,5327,5129,4979,4708,4111,1833,1997,5326,5236,4815,5050,4325,1658,2012,5652,4932,4727,4614,3498,1286,2425,3874,3734,4165,3953,2590,1178,2658,3858,3998,4196,4077,2744,1236,2798,3838,3432,3636,3433,2536,998,2229,3615,3520,3691,2014,809,786,2382,4511,4527,4383,4957,3690,1277,3094,4275,4096,4814,4541,2667,1154,2507,4036,4397,4026,4034,3127,1720,1481,2823,4394,4383,4509,2863,1720,2428,4075,4919,4089,4807,3448,1918,2746,5029,4644,5067,4992,3632,1963,1382,3415,4688,5950,5922,4727,1999,3460,5405,5886,5617,6727,3709,2234,3321,5715,5771,5834,5249,4476,2121,3530,5538,4955,5161,5026,4056,1738,2721,5680,5016,3694
Metropolitana,13,8125072,5383,3185,2105,3861,1850,1656,2694,4356,3670,2744,3475,3276,2126,3917,3712,4376,4218,4313,3289,2975,4349,5282,6144,6922,4570,5631,5509,6920,8382,7839,8345,7691,8498,6424,7173,7563,9948,6555,7371,11992,10754,7285,11345,10626,9725,8696,10330,8874,8632,9000,9981,9996,11821,11285,8919,10253,11550,14331,10873,13391,13613,12274,7792,12227,11112,12281,12267,11163,8560,6143,8730,11557,11662,11315,10013,7325,6547,9279,9508,9824,9636,9757,7311,4489,4439,7928,9027,8983,7868,6349,4449,8366,8943,8332,10072,9723,5699,5149,8431,9206,9248,6431,8592,5898,5588,8695,9839,8543,8220,10138,7421,6998,6724,9338,9440,9627,10415,8169,7727,8916,9267,10430,10606,9508,8587,7168,8680,11730,10335,10984,10405,8307,6376,9347,10534,11483,11671,10206,9031,6983,10147,11225,11743,13744,11959,9382,8344,11342,12463,13870,13982,12005,9554,8312,10069,13187,14476,12448,11868,9321,9257,11193,11187,11755,10089,3460,3534,4714,10813,12544,12508,12923,13982,7022,11235,11881,13990,12062,11699,12870,7734,7027,11899,13735,12700,13363,12359,7066,6413,6280,11668,12914,10812,11120,7408,6115,11451,12030,13020,12669,13041,5081,6485,11546,12089,13772,13066,12086,7665,5809,12076,13959,13546,13995,11316,7785,7616,12137,12412,14107,12775,11620,6053,6936,11816,12760,13734,12928,11355,6303,7915,11792,13910,13331,13980,13009,7180,7497,12255,15911,15136,15111,11107,11238,8622,11800,9837,15457,15620,16896,9198,10153,15039,17795,17043,17240,15757,9737,12640,16481,16987,15434,9351,9852,7523,10280,15510,17561,15741,8562,8588,10837,9326,19071,18299,21506,21019,20007,13969,14620,19939,20435,23471,22861,19379,14217,13050,18677,19777,19548,23432,19463,13040,12963,20173,21258,21567,19543,19658,13566,10796,17320,17507,20926,18748,15810,10355,11576,21765,18141,18032,18147,15884,10203,9647,16921,15939,16280,14858,18707,10435,10528,16893,17562,18581,18112,18459,8522,10861,19401,21945,20434,24306,20052,10239,13504,22239,21683,24563,24491,24767,15227,17575,26550,28093,28413,29699,28097,22664,15340,27867,32193,34614,28405,30531,16479,18770,25565,24454,26569,24145,16573,15277,13429,25389,26056,24980,25269,24328,18065,14954,25122,29048,26521,25998,24182,15395,14283,23596,23042,21994,22793,22754,10428,12592,23110,21815,23244,23639,17295,9583,11154,20864,22615,21783,18440,23235,13003,10833,21308,23873,22834,24007,22619,8352,13305,23783,23935,26010,22173,15558,10706,13092,23173,25074,27958,28695,23225,16047,17583,27823,26780,31246,27575,29198,18376,16817,26893,28914,27680,32190,25519,16700,14021,27636,27030,25012,21525,26272,13746,9306,11907,22067,23450,22387,20678,9160,8238,11110,21711,21085,22425,23501,11024,12065,21191,20520,19665,19871,17925,8798,9718,20794,19285,16655,14685,9314,8300,9877,18634,17580,17494,19709,15791,9174,10479,19831,19510,18810,19356,18062,8699,11649,21049,18496,20219,18957,18166,9704,9900,20400,20782,19172,19104,17043,10896,11273,20812,19558,18998,18049,14508,10369,13100,19089,20134,19231,17456,16709,9604,15069,22109,19284,19063,17978,16628,10323,16521,20445,19269,18611,17320,17377,11770,12613,20788,19311,17316,11896,8989,9003,15739,21258,24406,23117,24110,18865,12093,15871,23035,21948,21264,21505,20529,13691,15488,22424,23866,23410,20445,20431,10811,13052,17103,25447,26155,24107,19555,15263,18836,23261,26385,26697,25885,22710,15252,22446,25598,27274,27197,25843,21048,17274,15823,23239,30209,32742,27918,24931,19146,23723,30542,30106,31486,28551,27347,20834,24455,26995,27588,32190,26939,24978,15704,19909,27749,24464,25551,23073,23833,14596,18811,27708,28335,26156
Del Libertador General Bernardo Oâ€™Higgins,06,991063,68,-,74,-,74,30,30,58,50,-,0,72,65,0,86,72,0,195,30,95,105,111,94,181,63,72,214,174,68,150,131,269,183,0,164,204,148,0,168,349,143,143,102,115,230,0,233,112,0,208,3,193,174,196,234,302,331,291,201,660,270,334,243,275,160,396,167,361,469,474,443,471,474,654,368,391,468,420,437,347,499,465,483,339,405,346,396,435,533,525,232,583,823,783,713,755,667,497,638,754,377,583,500,244,487,612,815,638,846,589,382,650,1251,819,774,998,1066,857,648,1105,1272,1335,1317,1404,1014,871,1152,1219,1237,1687,1024,1026,865,1158,1228,1414,1614,1537,1218,841,1053,1718,1374,1584,1532,1234,706,1103,1519,1507,1314,1328,1214,531,1194,1473,1411,2001,1039,1027,616,1305,1592,1603,1338,905,290,504,1147,1694,1612,1754,1422,1369,1013,1299,1345,1987,1550,1277,857,385,1014,1480,1315,1680,1373,1010,328,563,725,2098,1602,1401,952,572,1323,1537,1595,1435,1315,692,655,1490,1428,1469,1563,934,666,559,1427,1481,1376,1576,1119,801,742,1286,1261,1622,1100,1611,830,585,1255,1276,1282,1619,1275,676,631,1263,1245,1596,1226,1067,902,1160,1226,1404,1391,1699,1199,1141,936,811,843,1245,1855,1369,1134,1385,1494,1753,1736,1900,1297,935,1438,1384,1834,1820,1044,626,533,717,1338,2020,2530,935,811,925,1310,1599,2209,2722,2494,2649,1705,1796,1976,2742,2768,3060,2268,1471,1907,2230,3097,2516,3057,2296,1638,1946,2000,2743,2594,2705,2501,1780,1668,1976,2236,2558,2405,2461,1411,937,1477,2149,2496,2299,2330,1061,968,1617,2331,2338,2367,1884,321,1234,1962,2766,2643,2377,2181,1451,1329,1829,2247,3054,2676,2604,1197,954,2265,2851,2647,2904,2565,1914,1256,2406,2813,3296,3155,3589,1634,1503,2714,3568,3320,3092,3373,2268,1308,2789,3539,3521,3328,1836,1433,1255,2882,3435,3596,3547,3217,2078,1379,2346,3632,3915,4188,3260,1846,1498,2462,3119,3251,3249,2719,1761,1072,2565,2747,3181,3147,2910,914,1048,2265,2832,2934,3119,2670,1413,903,2214,2868,3304,3002,2546,1463,1360,2425,3078,3555,3155,1197,1078,1183,2701,3390,3823,3931,3244,1842,1357,2839,3587,3878,3927,3258,2640,1642,2771,3451,3655,3307,2683,2077,1034,2881,3686,3365,3751,2712,1308,1100,884,3110,2916,3277,2467,1175,745,884,2948,2880,3107,2078,1058,959,2295,2654,2562,2652,2210,975,709,2220,3039,2222,2253,659,688,659,2232,2454,2594,2621,1858,689,723,2156,2574,2445,2718,2328,973,702,2063,2555,1958,2602,2037,993,710,1987,2215,2467,2492,2028,1062,1017,2151,2569,2241,2593,2065,555,802,2051,2274,2369,2166,1745,898,973,1897,2415,2081,2273,1905,995,683,1813,2430,2128,2496,1392,911,605,1651,2086,1984,1440,608,313,708,2016,2806,2487,2930,2379,649,796,2046,2478,2398,2029,1555,1062,601,1074,1659,2244,1476,1754,1005,517,469,2203,1928,2197,1554,860,871,1572,2104,1885,1694,2038,703,806,862,1824,1954,1870,1889,976,1015,570,2380,2123,2496,2132,1218,575,2146,2153,2126,2129,2217,1701,885,1788,2920,1825,2224,2532,1324,901,2171,2072,2661,2101,2127,710,677,2108,2550,2360
Maule,07,1131939,397,219,-,341,113,160,-,469,367,176,0,328,188,724,663,606,254,349,535,255,58,249,187,339,302,322,267,135,93,181,238,446,333,245,329,234,241,0,371,270,892,477,0,533,332,385,286,434,291,547,348,439,471,0,517,797,728,591,655,770,477,420,626,673,566,699,677,454,516,511,843,923,762,987,761,576,689,794,853,821,736,605,575,652,637,647,921,742,641,521,468,737,800,770,800,815,693,613,896,864,680,751,830,894,543,834,966,1126,987,1276,702,1103,1296,1435,1267,1389,1202,1138,599,1369,1525,1783,1647,1482,1048,1052,1586,1528,1900,1700,1213,1720,1548,2208,1588,1945,1860,1576,1146,1527,1611,1610,1996,1975,1344,1539,1268,1442,1686,1838,1642,1803,1191,1517,1855,2096,2296,2394,1997,1658,1631,2087,2312,1735,1749,1432,1147,1142,1631,2030,2101,2233,2090,1811,1703,2221,2635,1871,2211,2146,2019,644,1631,2214,1833,2044,1955,943,420,624,1573,2102,2070,1805,987,541,1494,1916,2264,2327,1588,640,746,1567,1929,1897,2001,2025,548,558,1723,1738,1880,1575,1634,1062,590,1577,2048,1977,1803,1592,721,679,1722,1831,1935,2221,1634,927,694,2224,2122,2184,2122,1410,828,920,1963,1972,1783,1623,1632,1059,661,1759,1287,2160,1890,1915,1812,1054,1894,2384,2596,2988,2620,1650,1681,2035,2770,2863,2645,1638,943,1027,1989,3309,1336,5052,2207,1490,1267,2313,2980,4187,3429,3219,2004,3201,3180,3999,3660,3741,3646,2691,1987,2674,3054,3914,3596,3796,3248,3092,2964,3675,4054,3865,3302,3287,1330,3205,3193,3899,3858,2692,1627,893,2772,3254,3374,3578,2804,1380,747,2776,2991,2963,2993,3262,1129,807,3248,2960,3599,2790,2849,939,905,2935,3202,3568,3201,3077,971,1028,3263,3305,3265,3483,3449,2320,1098,3193,4618,4770,3575,3480,2833,1083,3299,4087,3687,4146,3374,3249,2176,3761,4292,4219,4007,2765,1171,1210,3517,4469,4417,5239,4512,3362,1985,4129,4653,4903,4983,4371,3209,1880,3898,4839,3913,4464,4409,2150,1612,4011,4198,4243,4484,3984,1349,788,3448,3637,3761,3613,3945,1153,801,3500,3950,3945,3845,3689,1682,1097,3574,4081,4946,4689,2904,1755,1159,3860,4760,4391,4307,4828,2803,1280,4220,4647,4521,4737,5014,3196,1225,4063,4428,5220,4321,4271,2164,1102,4344,4384,4753,4377,4103,1731,1056,1511,3816,4529,4984,4690,1822,893,1407,4078,4322,4094,3337,1874,1168,3504,3193,3594,3752,3131,884,856,3487,3242,3552,3212,1113,852,846,3140,3363,3762,3202,3151,892,937,3395,2971,3217,3340,2769,738,893,3126,3001,3283,2607,2669,673,800,2863,3513,3326,3425,2505,749,845,2987,3026,3138,3473,3015,560,1504,3390,3317,2818,3292,2073,591,1456,3498,2551,2770,3313,2239,814,1191,2716,3282,2694,3056,2815,1006,1395,2753,3253,3131,1976,714,684,1226,3907,3433,3239,4074,3094,1392,1085,3717,3402,4023,3354,2690,627,1336,2820,2589,2747,2544,2400,792,673,1476,3142,2797,3399,2503,1337,1062,3593,3016,4203,3463,3241,1120,1402,3453,3354,3813,3238,3289,1177,882,1448,4287,3593,3954,3232,2578,1520,4039,4078,3960,4094,4130,2548,1507,4417,4533,4741,4208,3948,2391,1548,4238,4422,3838,4263,3938,1231,1238,3818,4689,3878
Nuble,16,511551,364,-,259,189,65,-,-,110,159,76,127,149,73,221,189,0,371,91,90,59,104,120,129,101,97,69,0,213,171,110,156,196,142,180,0,226,183,0,345,834,0,657,0,372,283,0,573,129,281,323,336,0,345,639,241,224,316,202,361,77,434,277,348,526,371,248,245,420,448,299,322,394,358,294,226,164,278,305,252,370,305,204,160,157,298,330,215,404,340,170,217,454,428,434,372,426,357,377,524,230,897,332,386,277,275,463,413,298,420,887,342,378,539,468,658,580,532,354,484,550,516,484,610,600,508,401,505,590,435,650,539,572,302,686,638,682,457,595,436,556,482,947,849,700,790,468,548,650,886,829,783,388,628,525,689,1018,760,1173,1014,537,393,931,971,1257,870,423,159,335,910,1175,1129,1180,1110,712,325,630,1012,914,879,960,550,227,790,914,874,1054,908,659,407,346,706,1192,932,1029,457,445,929,1150,1032,1054,971,981,536,1144,948,1080,928,646,889,275,576,1134,929,933,810,384,324,973,943,805,926,1216,354,321,977,1029,877,1049,1293,831,396,1024,1054,1521,1306,1069,576,317,1201,1192,906,1298,882,636,467,1054,517,1138,1017,1576,724,423,962,1264,998,1249,1095,491,416,1389,1068,1356,920,820,548,399,1139,1406,1122,1027,551,522,421,1354,1512,1442,1615,1456,916,565,1444,1723,1613,1513,1563,828,565,1525,1439,1539,1574,1550,1336,817,1696,1776,1551,1608,1404,857,882,1568,1503,1172,1108,1300,1068,659,1290,1359,1759,1521,1219,988,491,1452,1408,1100,1183,1343,729,570,1288,1409,1292,997,1604,580,276,1443,1271,1230,1389,1023,801,634,1198,1821,1728,1678,1480,1224,886,1549,2516,1931,1742,1358,1366,912,1712,1346,1678,2216,1970,1233,1369,1370,1906,1668,1644,1125,569,634,1805,1815,2187,1632,1465,974,543,1626,1738,2091,2153,1625,823,359,1702,1478,1182,1553,1065,731,450,1173,1261,1606,1318,1957,515,458,1605,1477,1446,1419,1428,517,486,1133,1405,1409,1571,1270,574,711,1567,1518,1932,1562,473,760,567,1978,1725,2075,2051,1692,794,655,2092,1678,1675,2033,2101,708,599,1831,2278,2284,2252,1878,977,622,1790,1747,2411,1839,2194,1407,496,784,1768,1670,1854,1393,801,493,743,1917,1696,1833,1326,658,581,1329,1388,1494,1703,1502,593,677,1405,1603,1457,1256,758,720,776,1658,1411,1377,1529,1470,749,680,1727,1739,1645,1619,1621,547,506,1340,1440,1307,1351,1310,708,512,1450,1240,1669,1070,1334,777,541,1516,1507,1201,1010,896,929,612,1459,1665,1989,1693,1357,590,735,1494,1482,1394,843,1030,419,846,1264,1204,1146,1433,970,252,631,1314,1135,1044,1276,529,559,841,1533,2051,1052,2041,1595,668,827,1475,1732,1562,1370,1071,798,650,1534,1381,1496,1514,1333,600,683,1184,1678,1405,1928,1321,991,1022,1291,1650,1848,1515,1475,645,646,1507,1730,1590,1609,1586,1250,671,1046,1637,1532,1545,1568,1154,1057,1748,1718,2289,1603,1721,1507,1441,1430,1589,1805,1508,1540,1347,1494,1456,1600,1867,1964,1567,1283,1091,1576,1897,1575
Biobio,08,1663696,592,149,281,469,,218,311,408,80,751,358,214,216,340,468,340,354,404,174,234,230,534,296,483,251,355,416,473,736,647,847,715,386,522,1342,433,1530,70,1544,1009,1119,1043,1048,1135,1157,1202,1598,714,1362,1614,1822,1566,1500,1295,819,918,1599,1621,2050,1863,1340,991,1559,1596,1764,1774,1535,1553,981,1286,1751,1815,1692,1892,2056,1192,1266,1830,1852,1514,1979,1615,1059,812,1176,1640,1409,1854,1677,969,1098,1478,1620,1823,1534,1389,1044,1226,1709,1769,1768,1454,1413,1089,1147,1776,2101,1812,2034,1923,1225,1397,2099,2203,2378,1785,2343,1387,1798,1867,2719,2299,2942,2128,1738,1349,2689,2480,2695,3287,2665,1634,1633,2893,3142,2751,3080,2728,1689,1596,3311,3155,3301,2872,3125,1599,1955,2297,3468,3472,3032,2326,1812,2907,3946,3005,3778,2869,3269,1874,2041,3807,3396,3266,2085,1355,1291,1609,3194,3913,4446,3828,3673,2683,2353,3798,3978,3004,3141,2544,1300,1583,3770,3478,3747,3087,3106,2231,1713,2367,3692,3020,4348,3614,1941,1952,3863,3715,3569,4093,3912,1959,1935,4069,4816,4158,4069,3612,2396,1938,4300,4938,5336,5158,3919,2541,2651,4666,4963,3972,5358,4360,2608,1963,4870,4850,4341,3603,4206,2156,2066,4632,4539,4400,4508,4433,2386,2028,4941,4137,4493,4039,4789,2391,2140,4328,3732,5157,7597,4871,2741,3073,5121,6836,6269,6157,6184,2619,3422,5948,7474,6167,3164,2034,2380,2875,5885,5951,5950,3095,1747,2674,5116,4609,5188,4174,6313,6087,4153,4544,5778,6116,6802,6393,5213,3296,3871,7680,6819,5710,5918,4254,2973,6209,5418,6254,6728,6769,5447,4203,3902,6158,5892,5940,5427,4776,4682,2621,6008,7625,5705,6576,4798,4289,2317,7375,5208,5592,5654,5625,3963,3924,5677,6710,5035,6018,6193,2869,2830,8076,7522,7761,7386,9201,4409,4630,9330,9259,9269,8182,7762,5165,3698,9515,7567,8732,8306,8350,5965,5242,8999,9914,7419,9007,9110,5491,4837,9010,9433,8676,8114,5273,3725,3443,8855,11000,7807,8773,10818,4464,3964,9137,7566,7250,7200,8670,5579,4092,7973,8756,7858,8335,7529,4507,2922,5957,11732,5831,7082,7562,2146,4980,8757,8234,6706,8187,8146,3158,3623,8256,7528,7708,7115,7166,2627,3710,8508,7436,6760,6689,4222,3912,3431,9675,8190,8091,7900,7196,3521,4120,8451,7847,7293,7546,7491,4400,3771,8538,7108,7748,8030,7125,4240,3697,8295,8003,7625,7887,6287,3208,2650,5721,8380,7254,7051,7959,3189,2300,5723,8275,7459,6883,7183,2885,3183,7691,7169,7785,6766,6349,2834,3634,8152,6604,6710,7200,3529,2937,3453,7893,6849,6273,6363,5476,2931,3802,7289,6388,6011,7325,6023,2721,3815,7761,6752,7713,6483,6316,2553,3838,6727,6572,5781,6047,5551,3041,2725,7428,6211,6840,5817,4857,2506,2546,6604,6675,5223,5109,4409,2085,3433,5736,4679,7806,5311,4181,2110,3252,5774,5664,5165,4639,4573,2174,2969,7594,5505,5702,3573,1882,1412,3907,7061,8325,8335,7700,4704,3069,4596,6655,7949,6426,5588,4056,2461,4073,6462,5078,5988,4886,3521,2368,2153,5360,5584,5577,5492,4870,1661,3989,5977,6842,5738,5823,4122,2750,4285,6468,5627,6066,5704,4134,2856,2813,4418,7613,7029,8107,4669,3352,5386,9175,8145,7275,8004,5921,4059,5288,8452,8968,7828,6582,4848,4457,5602,8189,7752,8079,7765,5143,4308,5854,7919,6987,7889
La Araucania,09,1014343,124,148,126,184,232,148,218,246,220,169,122,376,206,176,370,306,347,273,246,218,275,201,421,194,354,204,364,436,413,391,174,372,576,90,437,480,452,417,410,211,642,406,373,513,382,591,199,353,471,528,514,673,473,491,450,405,571,932,581,539,375,557,570,551,694,678,722,859,452,257,531,641,470,473,571,181,200,445,530,703,614,473,357,314,243,597,583,571,764,342,345,338,540,459,752,366,259,659,677,618,403,514,388,435,417,497,663,646,403,1022,837,781,592,802,800,983,663,652,598,659,1122,1090,737,950,493,1208,725,845,1096,860,916,703,995,903,896,892,1022,753,910,836,835,920,1000,924,776,847,1025,899,1061,1142,1077,960,891,967,1197,1195,1169,1174,1031,1039,1136,924,1539,1173,1012,1340,1056,1002,730,1481,1214,1328,1081,1276,2013,1692,1819,1620,1647,1481,1520,1400,1733,1638,1629,1635,1581,1248,1067,854,1158,925,2134,1517,1062,1598,840,2377,1599,1787,1742,1213,1311,1156,1568,1716,1878,1579,1186,1056,1706,2018,1607,2705,1834,1461,2030,1897,1706,2717,2201,1808,1421,1334,1615,1802,2018,2222,1849,1545,1298,1702,1870,2028,1795,2030,1438,1625,1575,1925,1812,1613,2170,1443,1037,902,1478,1459,1898,1525,1664,955,1133,1612,1755,1783,1565,1302,1376,1484,1537,2242,1480,1537,1106,1100,1367,1887,1803,1630,1714,1041,1456,1370,2392,3003,2413,1998,2103,1798,2309,2136,2200,3097,3022,2199,3542,2141,3382,2999,2629,1737,2272,2051,1898,1929,2906,2312,2532,1624,1603,1481,2789,3317,2621,1971,2894,1507,2393,2535,3024,2749,2214,2201,2047,1697,2616,3009,2274,2688,1638,2027,2121,2809,2626,2412,2714,2140,1528,1895,2935,2158,3033,2770,2114,1891,1891,3010,3667,3408,1984,3063,2274,2948,2799,3459,2786,3312,2698,2398,2468,2930,3431,3500,2636,2579,2401,2537,2708,2766,2461,2752,1777,1300,2513,3078,3870,3434,3265,2607,1573,2625,3304,3515,3151,3403,2007,1741,2725,3078,3090,2799,3048,2613,1316,2710,3547,3116,3079,2568,1621,1083,1774,3417,2599,3126,2584,1721,1296,2248,3167,3035,2922,3102,1364,1347,2348,3136,2892,3116,1981,913,1154,2666,3519,3444,3276,2906,1669,1071,2736,3164,2911,3618,2776,1496,1352,2536,3767,3940,3251,3141,1542,914,3118,3434,3639,3135,3259,1866,769,1590,3231,3344,3245,3090,1374,1033,1360,2913,3252,3389,2777,1525,1452,2337,2996,3553,2890,2889,1188,1354,2298,2988,3075,2830,1483,1227,1213,2395,2911,2734,2247,2551,1233,1121,2723,2705,2966,2972,2774,1276,950,2259,2543,2777,2823,2287,940,1094,2184,2424,2345,2476,2599,1027,953,2222,2472,2684,2281,2174,1262,858,1927,2123,1991,2356,1809,995,1168,2254,1886,2101,2350,1989,938,1143,1851,2084,1928,2607,1589,1096,981,2232,2237,1531,1490,801,694,1073,2115,2991,2603,2773,2700,1141,1147,2454,2640,2420,2392,1935,728,794,2164,2070,1919,2109,1676,866,679,1094,2106,1993,1993,1902,710,717,2119,2010,1879,2471,2189,789,1122,1998,1995,2217,2513,2133,1454,853,1426,2172,2561,2779,2541,1341,1430,2593,2955,3074,2843,2990,2562,1486,2274,2591,2952,3464,2319,1356,1318,2918,2844,2842,2700,2980,1322,1267,2595,3083,2982
Los Rios,14,405835,-,91,-,-,-,67,67,49,71,91,0,121,58,54,67,87,77,99,56,54,98,93,122,133,70,70,90,95,142,127,135,147,64,105,108,107,218,81,29,77,264,50,219,161,170,206,157,135,147,206,223,198,188,114,129,139,215,183,211,119,170,190,148,192,242,300,219,258,149,209,277,337,358,275,179,169,138,235,312,234,282,197,193,151,209,258,238,198,195,168,132,244,229,199,189,197,164,195,234,256,140,257,204,149,257,338,293,196,259,235,215,202,325,275,270,262,226,173,206,330,348,313,335,213,310,225,335,367,354,302,230,204,231,415,384,377,277,348,281,364,367,522,409,305,329,416,169,480,466,492,393,412,569,436,477,452,559,622,537,526,349,492,653,526,583,413,428,554,572,706,854,913,859,701,664,752,975,799,826,668,657,503,643,714,625,686,621,592,362,347,603,841,650,882,565,425,731,760,662,664,849,550,468,584,823,1012,836,973,785,524,751,1041,846,1148,1131,862,548,731,1196,1087,1143,1035,866,557,806,1124,968,949,987,776,707,816,1073,1053,929,989,737,542,890,1022,870,870,850,797,591,769,972,900,1142,1363,583,677,860,1087,1314,1047,1108,793,663,850,997,1250,338,175,1233,485,1123,1278,1575,653,479,675,676,1389,1307,1871,1478,1507,1184,844,1585,1365,1776,1693,1322,1319,667,1411,1554,1554,1407,1282,1362,1159,1350,1857,1598,1616,1332,1101,994,1328,1336,1273,1366,1471,1057,640,1102,1299,1473,1396,1606,940,551,1119,1492,1440,1712,1663,909,639,1596,1742,1706,1520,1409,911,678,1399,1820,1984,1333,1932,1215,855,1569,2270,1917,1925,2188,1145,828,2070,2669,1926,2625,2222,1416,790,2279,1989,1984,2400,1692,1008,792,1630,2466,2277,2124,1065,700,635,1846,2831,2426,1950,1590,932,650,1724,2630,1870,1585,2102,608,908,1441,2042,2094,1977,1319,583,831,1474,2054,1549,1180,1842,691,618,1810,1845,1718,1692,1427,927,682,2041,1667,1766,1650,1771,723,768,2411,2003,2097,1846,717,712,804,2403,2236,1900,1990,1512,898,968,1987,1886,2364,1926,1387,912,865,2310,2482,2066,1922,1198,1199,788,2329,2545,2301,1931,1545,873,554,882,2618,2500,2319,1523,970,484,928,2565,2195,2197,1543,824,719,2219,1862,1767,1763,986,776,671,2182,1701,1962,1621,760,702,689,2271,1783,1994,1938,1169,791,696,1773,1961,1983,1792,1237,675,606,1341,1344,1579,1622,1087,655,624,1749,1380,1756,1291,996,632,571,1580,1512,1273,1522,1088,469,810,1416,1386,1238,1247,837,461,838,1341,1255,1537,1427,945,377,711,1461,1158,1645,1174,479,431,674,1202,1368,1001,614,278,243,726,1432,1442,1628,1701,1085,454,820,1224,1383,1342,1298,797,339,748,1266,1216,1246,1111,587,392,404,940,1367,1357,1219,588,554,785,1376,1485,1194,1435,674,402,845,1522,1612,1207,1288,989,445,414,829,1588,1703,1939,827,612,850,1703,1933,1920,1953,1153,721,786,1777,2235,1873,1841,931,828,812,2267,1678,2039,1713,825,862,790,2245,2126,2071
Los Lagos,10,891440,341,199,178,225,39,131,137,139,198,315,96,139,149,209,335,324,406,302,207,225,390,276,371,412,220,262,243,686,449,849,537,1146,1670,644,194,933,921,718,675,779,705,577,1058,928,661,1768,969,334,416,901,939,1013,1711,994,291,554,918,1109,1570,837,656,418,837,1227,970,1152,1316,1004,263,1115,1236,1245,1095,1263,1401,273,562,1044,1309,1272,1028,346,582,422,1000,842,1102,1155,664,494,704,1454,958,1781,1324,644,865,848,1419,1654,720,1633,618,906,931,2031,1967,2026,2421,1604,1081,1898,2121,2609,3089,2496,1676,1244,2334,2245,2820,2879,2973,1752,1347,1990,2201,2753,3020,3175,1496,1736,1876,2406,3023,2864,3557,1549,1427,1753,2284,2726,3304,3399,2536,1561,1772,2155,2614,3120,3351,1974,2406,1315,2203,3757,3002,3197,2010,1940,1678,3300,2193,4158,2035,515,665,819,3689,3631,4100,4799,2548,2596,1675,2932,3933,3703,3875,3003,1648,1904,2957,3923,3501,4120,2543,3005,1311,1584,3823,3920,4614,2388,3117,1736,3524,4254,4324,4076,2860,3082,2882,3708,4093,3670,5232,3698,1923,2130,3383,4674,4167,4272,4055,2129,1481,4034,4367,4316,4600,4232,1905,2444,3750,4540,5259,4342,4057,2648,1247,4036,4167,4236,4929,3264,2099,2164,3385,3916,4031,4195,3577,2251,1755,4086,1404,4305,4331,3821,2074,1251,3710,3822,3966,5362,3390,3669,2162,4319,4358,5455,1877,837,1538,1558,3737,5002,5123,2630,2361,1454,1808,4967,5456,5874,5924,5355,3362,4160,5198,5801,6882,6725,4820,3542,4323,5223,7341,6465,6578,5547,5311,2616,6017,6269,6675,5978,6141,3179,1925,5197,5631,5225,4541,4105,3664,1982,4100,5202,5653,4603,4267,2330,1764,4576,4190,5623,4230,4076,1830,2123,4173,4744,4428,4295,3926,2515,2078,4568,4816,5028,4574,4419,2776,2240,4751,5252,5473,5092,4994,3314,1868,5201,4990,6249,4973,4695,2990,2328,4948,5090,5183,5499,4445,2171,1360,5638,5350,4444,5195,1856,1091,1592,5119,5800,6083,4849,4040,2403,2132,5635,6138,4734,5360,4280,1785,1978,4924,5203,4696,4896,5024,2016,1559,4893,4859,4743,4826,4051,1680,1839,4861,4728,5223,3904,4186,2156,1893,4340,5248,4637,4428,4305,1818,1999,5453,5179,5345,5197,2244,2159,2434,5849,5147,5534,5042,5507,2057,2383,5338,5133,5114,5450,4547,2420,2072,5160,5539,4749,4822,4573,2024,2062,5409,4782,4787,4552,3777,2067,1067,1997,5249,5411,4804,4486,2160,1110,1964,5239,5282,4492,3709,1794,2160,4572,5101,4447,3952,3888,1937,1678,4814,4149,4234,3945,1653,1284,1726,4470,4218,4264,3981,3753,2015,1948,4867,4502,4084,4148,4096,1489,2027,4843,4325,5082,3821,3743,1454,1887,4756,3987,4718,4493,3607,1272,1976,4786,4122,4204,4394,3345,998,1757,4859,4356,3582,3864,3078,1399,1621,4842,4162,3650,3615,3099,1263,2672,3869,3852,3976,4154,2559,1412,1798,4666,4404,4008,2591,846,627,2114,5451,4806,4871,4663,2739,1156,2201,3749,4920,4471,3272,3089,1338,1918,4163,3916,4083,3284,2849,1497,747,2260,4280,4201,3833,2963,1317,2208,4150,3948,3833,4617,3163,1432,1817,4181,4167,3942,3409,3320,1532,794,2198,4862,4403,4570,4116,1818,2495,4841,4589,4828,4485,3675,1948,2493,5159,5386,4660,4925,3826,2575,1821,5710,5119,4601,5011,4244,2022,2762,4532,4791,5893
Aysen,11,107297,10,-,,7,-,12,8,16,8,8,6,0,4,4,21,48,30,13,0,29,53,22,0,46,32,0,44,38,0,32,35,102,93,0,20,110,38,32,66,14,0,68,50,45,6,44,13,0,103,113,51,89,71,24,0,73,128,115,55,0,114,18,30,119,65,109,46,80,0,131,126,81,73,50,31,14,127,73,57,61,77,196,42,30,125,114,134,123,97,25,170,106,69,130,56,83,16,132,115,176,29,83,51,12,107,119,117,136,118,80,19,154,155,96,109,151,62,21,151,137,141,146,149,57,17,103,97,176,123,150,59,30,158,82,153,134,231,185,29,107,150,98,157,198,126,46,97,201,147,232,202,143,80,138,180,148,141,228,132,216,125,224,264,347,128,126,87,285,244,319,273,343,142,370,283,296,242,248,294,98,133,368,219,347,248,284,209,90,240,226,288,267,296,348,94,305,298,342,351,338,295,107,376,257,279,235,333,224,90,294,347,287,304,283,235,93,289,257,274,225,362,239,183,443,330,288,328,332,207,198,289,311,320,295,369,215,92,386,272,333,350,594,326,141,407,162,246,310,437,196,85,437,485,387,337,365,296,177,302,340,409,421,117,281,152,475,378,369,404,114,318,160,377,411,572,548,625,327,231,650,316,699,470,541,445,323,549,476,558,491,574,304,296,450,445,585,542,579,363,161,466,475,549,455,523,368,129,349,350,446,450,465,370,182,290,402,375,435,443,454,158,211,391,466,386,473,414,229,276,488,308,504,492,367,201,368,518,470,392,620,467,220,306,401,267,718,532,457,215,409,464,543,585,608,443,321,294,496,587,598,367,277,211,350,500,563,520,685,537,239,374,539,555,571,614,520,549,363,543,605,533,687,440,444,386,522,713,585,630,279,443,609,600,658,469,447,510,321,404,511,609,687,499,480,455,438,646,614,704,392,721,339,483,772,800,724,881,637,510,534,634,742,792,744,582,502,606,252,688,691,738,669,457,455,637,708,749,763,669,252,87,381,750,532,722,543,233,177,350,499,481,525,500,119,490,501,449,562,686,443,225,222,569,581,596,287,181,178,242,470,466,498,516,355,215,297,531,439,404,418,365,223,255,418,391,420,597,325,163,280,591,403,466,542,373,167,333,541,435,484,516,384,314,392,649,543,506,462,518,162,245,465,575,443,430,468,188,297,567,490,462,441,428,182,307,544,522,463,431,108,123,304,677,647,708,594,747,427,272,437,675,758,456,400,305,244,445,611,572,518,417,261,162,280,530,560,312,437,420,218,467,534,503,491,452,327,252,369,530,559,558,387,313,403,258,474,704,744,777,633,446,561,730,706,865,677,498,789,723,877,859,735,816,443,263,615,840,806,587,488,547,272,541,747,663
Magallanes y la Antartica,12,178362,73,24,46,45,45,35,63,86,69,48,93,48,41,49,0,93,113,52,26,63,67,80,126,58,29,61,82,79,168,58,54,58,58,53,155,130,0,51,328,323,98,333,363,165,116,26,185,48,42,174,346,136,179,107,90,86,144,82,76,145,157,64,16,104,140,142,136,126,141,17,68,247,189,170,59,146,34,232,113,160,177,209,275,187,137,191,95,172,190,138,203,240,210,173,143,226,91,77,79,89,194,264,213,218,224,188,95,61,424,406,217,77,317,419,467,671,477,429,206,372,93,612,980,549,414,142,341,488,557,881,543,431,180,431,659,404,640,707,629,275,631,496,568,956,655,554,515,533,545,908,723,926,641,181,177,369,1165,1081,490,316,920,850,492,667,831,918,538,827,468,1118,1000,607,1364,1001,507,403,426,840,900,864,868,697,749,580,592,831,1061,711,594,276,403,448,643,1118,279,274,440,884,669,622,953,174,376,600,698,707,888,521,792,299,633,666,720,808,698,579,210,483,769,882,795,712,592,337,491,893,837,821,790,556,208,383,1155,806,980,655,763,199,574,925,874,813,652,602,531,416,671,852,1006,1119,459,515,586,855,960,885,828,672,496,746,892,837,227,555,623,337,656,809,664,292,571,734,704,795,842,895,758,742,1126,755,835,908,790,869,906,698,451,875,989,860,678,852,638,371,736,977,767,837,965,646,380,745,1060,831,791,652,402,566,672,663,809,690,615,501,364,706,869,648,964,629,435,382,585,678,846,857,934,173,336,852,753,688,891,802,554,299,694,834,819,676,974,348,326,782,774,850,783,734,415,346,744,645,826,759,907,380,443,578,929,631,754,475,231,570,795,787,1001,1156,1173,467,614,952,1054,743,1100,986,530,693,1012,1059,1192,758,1175,910,1000,942,1447,989,922,979,633,494,1256,1014,1293,1177,769,553,1041,962,853,960,1110,1000,528,413,910,1058,1020,1128,396,813,502,948,1092,887,913,775,496,495,793,839,877,999,694,589,593,879,984,717,935,477,259,358,470,938,601,813,1076,245,302,293,1006,778,893,590,435,301,260,947,1038,672,609,499,394,735,780,871,829,420,325,439,743,577,1106,670,511,259,402,674,641,906,836,555,382,421,743,689,1102,783,974,343,444,806,737,607,446,932,376,395,846,811,729,646,701,516,453,632,824,675,1216,790,242,566,871,692,880,892,278,583,581,722,850,675,647,628,315,393,746,730,636,669,1125,198,426,526,680,856,452,205,182,572,687,954,817,638,579,181,539,552,682,590,614,492,273,351,651,624,416,402,538,273,88,449,587,623,474,429,258,472,543,681,451,721,602,265,486,836,802,529,527,502,557,115,516,713,675,925,995,150,760,909,1064,691,993,545,490,697,899,887,927,941,479,287,549,665,924,972,966,296,806,745,1261,845,737
